#
# A fatal error has been detected by the Java Runtime Environment:
#
#  SIGBUS (0xa) at pc=0x00000001a497b7b4, pid=59020, tid=259
#
# JRE version: Java(TM) SE Runtime Environment (22.0.2+9) (build 22.0.2+9-70)
# Java VM: Java HotSpot(TM) 64-Bit Server VM (22.0.2+9-70, mixed mode, sharing, tiered, compressed oops, compressed class ptrs, g1 gc, bsd-aarch64)
# Problematic frame:
# C  [CoreGraphics+0xf7b4]  ERROR_CGDataProvider_BufferIsNotReadable+0x30
#
# No core dump will be written. Core dumps have been disabled. To enable core dumping, try "ulimit -c unlimited" before starting Java again
#
# If you would like to submit a bug report, please visit:
#   https://bugreport.java.com/bugreport/crash.jsp
# The crash happened outside the Java Virtual Machine in native code.
# See problematic frame for where to report the bug.
#

---------------  S U M M A R Y ------------

Command Line: --module-path=/Users/jatindergill/Desktop/BCIT/Semester2/Comp-2522-OOPs /javafx/javafx-sdk-21.0.6/lib --add-modules=javafx.controls,javafx.fxml -Djava.library.path=/Users/jatindergill/Desktop/BCIT/Semester2/Comp-2522-OOPs /javafx/javafx-sdk-21.0.6/lib -javaagent:/Applications/IntelliJ IDEA.app/Contents/lib/idea_rt.jar=50088 -Dfile.encoding=UTF-8 -Dsun.stdout.encoding=UTF-8 -Dsun.stderr.encoding=UTF-8 ca.bcit.Comp2522.termProject.WordGame.Main

Host: "Mac14,2" arm64, 8 cores, 8G, Darwin 24.3.0, macOS 15.3.2 (24D81)
Time: Mon Mar 31 23:23:26 2025 PDT elapsed time: 416.615072 seconds (0d 0h 6m 56s)

---------------  T H R E A D  ---------------

Current thread (0x000000012f919600):  JavaThread "JavaFX Application Thread"        [_thread_in_native, id=259, stack(0x000000016f274000,0x000000016fa70000) (8176K)]

Stack: [0x000000016f274000,0x000000016fa70000],  sp=0x000000016fa6a910,  free space=8154k
Native frames: (J=compiled Java code, j=interpreted, Vv=VM code, C=native code)
C  [CoreGraphics+0xf7b4]  ERROR_CGDataProvider_BufferIsNotReadable+0x30
C  [CoreGraphics+0xf5d8]  CGDataProviderRetainBytePtr+0x110
C  [CoreGraphics+0x1d99a8]  CGImageCreateCopyWithProtectedDataProvider+0x88
C  [CoreGraphics+0x36b04]  CGContextDrawImageWithOptions+0x140
C  [CoreGraphics+0x36864]  CGContextDrawImage+0x308
C  [SkyLight+0x2d9b80]  SLSRegisterCursorWithImages+0x298
C  [AppKit+0x188528]  -[NSCursor _reallySet]+0x204
C  [AppKit+0x1882ac]  -[NSCursor set]+0x90
C  [libglass.dylib+0xccec]  Java_com_sun_glass_ui_mac_MacCursor__1setCustom+0x1cc
j  com.sun.glass.ui.mac.MacCursor._setCustom(J)V+0 javafx.graphics@21.0.6
J 9772 c1 com.sun.glass.ui.mac.MacCursor.set()V javafx.graphics@21.0.6 (72 bytes) @ 0x00000001317ea354 [0x00000001317e9f80+0x00000000000003d4]
J 8435 c1 com.sun.javafx.tk.quantum.ViewScene.lambda$setCursor$1(Ljava/lang/Object;)V javafx.graphics@21.0.6 (38 bytes) @ 0x000000013170651c [0x0000000131705fc0+0x000000000000055c]
J 8434 c1 com.sun.javafx.tk.quantum.ViewScene$$Lambda+0x0000700001248000.run()V javafx.graphics@21.0.6 (12 bytes) @ 0x0000000131705c18 [0x0000000131705b40+0x00000000000000d8]
J 6378 c2 com.sun.glass.ui.InvokeLaterDispatcher$Future.run()V javafx.graphics@21.0.6 (91 bytes) @ 0x0000000138765c90 [0x0000000138765c40+0x0000000000000050]
v  ~StubRoutines::call_stub 0x0000000137d34154
V  [libjvm.dylib+0x4b113c]  JavaCalls::call_helper(JavaValue*, methodHandle const&, JavaCallArguments*, JavaThread*)+0x3d8
V  [libjvm.dylib+0x522448]  jni_invoke_nonstatic(JNIEnv_*, JavaValue*, _jobject*, JNICallType, _jmethodID*, JNI_ArgumentPusher*, JavaThread*)+0x3e0
V  [libjvm.dylib+0x526b00]  jni_CallVoidMethod+0x108
C  [libglass.dylib+0x8db8]  JNI_OnLoad+0xcc
C  [Foundation+0x787a0]  __NSThreadPerformPerform+0x108
C  [CoreFoundation+0x7d8a4]  __CFRUNLOOP_IS_CALLING_OUT_TO_A_SOURCE0_PERFORM_FUNCTION__+0x1c
C  [CoreFoundation+0x7d838]  __CFRunLoopDoSource0+0xb0
C  [CoreFoundation+0x7d59c]  __CFRunLoopDoSources0+0xf4
C  [CoreFoundation+0x7c138]  __CFRunLoopRun+0x348
C  [CoreFoundation+0x7b734]  CFRunLoopRunSpecific+0x24c
C  [HIToolbox+0x10b530]  RunCurrentEventLoopInMode+0x124
C  [HIToolbox+0x11117c]  ReceiveNextEventCommon+0xd8
C  [HIToolbox+0x111508]  _BlockUntilNextEventMatchingListInModeWithFilter+0x4c
C  [AppKit+0x3b848]  _DPSNextEvent+0x294
C  [AppKit+0x9a1c24]  -[NSApplication(NSEventRouting) _nextEventMatchingEventMask:untilDate:inMode:dequeue:]+0x2b0
C  [AppKit+0x2e874]  -[NSApplication run]+0x1e0
C  [libglass.dylib+0xacec]  JNI_OnLoad+0x2000
C  [Foundation+0x787a0]  __NSThreadPerformPerform+0x108
C  [CoreFoundation+0x7d8a4]  __CFRUNLOOP_IS_CALLING_OUT_TO_A_SOURCE0_PERFORM_FUNCTION__+0x1c
C  [CoreFoundation+0x7d838]  __CFRunLoopDoSource0+0xb0
C  [CoreFoundation+0x7d59c]  __CFRunLoopDoSources0+0xf4
C  [CoreFoundation+0x7c138]  __CFRunLoopRun+0x348
C  [CoreFoundation+0x7b734]  CFRunLoopRunSpecific+0x24c
C  [libjli.dylib+0xcea4]  CreateExecutionEnvironment+0x194
C  [libjli.dylib+0x8ab4]  JLI_Launch+0x480
C  [java+0x3bbc]  main+0x18c
C  [dyld+0x6274]  start+0xb18
Java frames: (J=compiled Java code, j=interpreted, Vv=VM code)
j  com.sun.glass.ui.mac.MacCursor._setCustom(J)V+0 javafx.graphics@21.0.6
J 9772 c1 com.sun.glass.ui.mac.MacCursor.set()V javafx.graphics@21.0.6 (72 bytes) @ 0x00000001317ea354 [0x00000001317e9f80+0x00000000000003d4]
J 8435 c1 com.sun.javafx.tk.quantum.ViewScene.lambda$setCursor$1(Ljava/lang/Object;)V javafx.graphics@21.0.6 (38 bytes) @ 0x000000013170651c [0x0000000131705fc0+0x000000000000055c]
J 8434 c1 com.sun.javafx.tk.quantum.ViewScene$$Lambda+0x0000700001248000.run()V javafx.graphics@21.0.6 (12 bytes) @ 0x0000000131705c18 [0x0000000131705b40+0x00000000000000d8]
J 6378 c2 com.sun.glass.ui.InvokeLaterDispatcher$Future.run()V javafx.graphics@21.0.6 (91 bytes) @ 0x0000000138765c90 [0x0000000138765c40+0x0000000000000050]
v  ~StubRoutines::call_stub 0x0000000137d34154

siginfo: si_signo: 10 (SIGBUS), si_code: 1 (BUS_ADRALN), si_addr: 0x0000000787f2e890

Registers:
 x0=0x0000000000000001  x1=0x0000000000000000  x2=0x0000000000000000  x3=0x00006000032389e0
 x4=0x0000600003238a00  x5=0x000000000000001c  x6=0x0000000000000000  x7=0x0000000000000000
 x8=0x0000000787f2e890  x9=0x0000000000000001 x10=0x000000010f6a5220 x11=0x000000000028b36e
x12=0x0000000000000000 x13=0x0000000000000002 x14=0x0000000000000000 x15=0x000000009402d03d
x16=0x00000002edb8df30 x17=0x00000002107bb118 x18=0x0000000000000000 x19=0x000000010f6a5150
x20=0x000000010f6a5208 x21=0x000000010f6a8550 x22=0x0000000000000000 x23=0x0000600000c4b570
x24=0x0000000205ea3000 x25=0x00000002081dc000 x26=0x000000010f6a8550 x27=0x00006000037bd140
x28=0x0000000000000000  fp=0x000000016fa6a920  lr=0x00000001a497b7a4  sp=0x000000016fa6a910
pc=0x00000001a497b7b4 cpsr=0x0000000060001000

Register to memory mapping:

x0 =0x0000000000000001 is an unknown value
x1 =0x0 is null
x2 =0x0 is null
x3 =0x00006000032389e0 points into unknown readable memory: 0x0000000000000000 | 00 00 00 00 00 00 00 00
x4 =0x0000600003238a00 points into unknown readable memory: 0x0000000000000000 | 00 00 00 00 00 00 00 00
x5 =0x000000000000001c is an unknown value
x6 =0x0 is null
x7 =0x0 is null
x8 =0x0000000787f2e890 is an unallocated location in the heap
x9 =0x0000000000000001 is an unknown value
x10=0x000000010f6a5220 points into unknown readable memory: 0x000000000028b36e | 6e b3 28 00 00 00 00 00
x11=0x000000000028b36e is an unknown value
x12=0x0 is null
x13=0x0000000000000002 is an unknown value
x14=0x0 is null
x15=0x000000009402d03d is an unknown value
x16=0x00000002edb8df30 is an unknown value
x17=0x00000002107bb118 points into unknown readable memory: 0x000000019e8068d4 | d4 68 80 9e 01 00 00 00
x18=0x0 is null
x19=0x000000010f6a5150 points into unknown readable memory: 0x0100000208194d81 | 81 4d 19 08 02 00 00 01
x20=0x000000010f6a5208 points into unknown readable memory: 0x000000004d555458 | 58 54 55 4d 00 00 00 00
x21=0x000000010f6a8550 points into unknown readable memory: 0x0100000208194d81 | 81 4d 19 08 02 00 00 01
x22=0x0 is null
x23=0x0000600000c4b570 points into unknown readable memory: 0x01000002081941a3 | a3 41 19 08 02 00 00 01
x24=0x0000000205ea3000: color_space_state_create_generic_rgb.s+0 in /System/Library/Frameworks/CoreGraphics.framework/Versions/A/CoreGraphics at 0x00000001a496c000
x25=0x00000002081dc000: font_caches_mutex+0 in /System/Library/Frameworks/CoreGraphics.framework/Versions/A/CoreGraphics at 0x00000001a496c000
x26=0x000000010f6a8550 points into unknown readable memory: 0x0100000208194d81 | 81 4d 19 08 02 00 00 01
x27=0x00006000037bd140 points into unknown readable memory: 0x0100000208194d81 | 81 4d 19 08 02 00 00 01
x28=0x0 is null
 fp=0x000000016fa6a920 is pointing into the stack for thread: 0x000000012f919600
 lr=0x00000001a497b7a4: ERROR_CGDataProvider_BufferIsNotReadable+0x20 in /System/Library/Frameworks/CoreGraphics.framework/Versions/A/CoreGraphics at 0x00000001a496c000
 sp=0x000000016fa6a910 is pointing into the stack for thread: 0x000000012f919600

Top of Stack: (sp=0x000000016fa6a910)
0x000000016fa6a910:   000000010f6a5208 0000000787f2e890
0x000000016fa6a920:   000000016fa6a970 00000001a497b5d8
0x000000016fa6a930:   000000000000004e 000060000268e340
0x000000016fa6a940:   000000016fa6aaa0 0000000000000000
0x000000016fa6a950:   0000000000000000 000000010f6a8550
0x000000016fa6a960:   000000010f6a5150 000000010f6a8550
0x000000016fa6a970:   000000016fa6a9a0 00000001a4b459a8
0x000000016fa6a980:   0000000000000000 000000010f6a8550
0x000000016fa6a990:   0000000000000065 00006000037bd140
0x000000016fa6a9a0:   000000016fa6aa50 00000001a49a2b04
0x000000016fa6a9b0:   000000016fa6a9d0 00000001a49a3a44
0x000000016fa6a9c0:   0000000000000000 0000000000000000
0x000000016fa6a9d0:   0000000000000000 0000000000000000
0x000000016fa6a9e0:   4040000000000000 0000000000000000
0x000000016fa6a9f0:   4036000000000000 0000000000000000
0x000000016fa6aa00:   4036000000000000 4040000000000000
0x000000016fa6aa10:   000000010f6a8550 0000000000000000
0x000000016fa6aa20:   0000000043545854 0000600000c4b570
0x000000016fa6aa30:   00000000000002c0 0000000000000000
0x000000016fa6aa40:   000000010f6a8550 00006000037bd140
0x000000016fa6aa50:   000000016fa6ab10 00000001a49a2864
0x000000016fa6aa60:   000000010f6a8550 00000000000002c0
0x000000016fa6aa70:   0000000000000000 0000000000000000
0x000000016fa6aa80:   00000000000002c0 0000000000000016
0x000000016fa6aa90:   0000000000000000 0000600000c4b570
0x000000016fa6aaa0:   0000000000000000 4036000000000000
0x000000016fa6aab0:   4040000000000000 4030000000000000
0x000000016fa6aac0:   4030000000000000 0000000000000000
0x000000016fa6aad0:   000000010f6a8550 00000000000002c0
0x000000016fa6aae0:   0000000000000000 0000600000c4b570
0x000000016fa6aaf0:   00000000000002c0 0000000000000016
0x000000016fa6ab00:   0000000000000020 000000016fa6abe8 

Instructions: (pc=0x00000001a497b7b4)
0x00000001a497b6b4:   db ff ff 17 40 a9 30 d0 00 00 05 91 41 87 32 b0
0x00000001a497b6c4:   21 c0 27 91 f2 4e 13 94 eb ff ff 17 c0 35 00 d0
0x00000001a497b6d4:   00 54 2b 91 c2 35 00 d0 42 a8 17 91 a3 36 00 90
0x00000001a497b6e4:   63 94 2b 91 44 35 00 b0 84 e0 22 91 81 7c 80 52
0x00000001a497b6f4:   26 45 13 94 42 48 13 14 7f 23 03 d5 f4 4f be a9
0x00000001a497b704:   fd 7b 01 a9 fd 43 00 91 f3 03 00 aa 08 c3 31 b0
0x00000001a497b714:   08 61 45 f9 1f 05 00 b1 01 02 00 54 b3 02 00 b4
0x00000001a497b724:   48 a9 30 90 08 41 7d 39 48 02 00 34 60 8e 40 f9
0x00000001a497b734:   00 02 00 b4 01 20 80 52 01 00 a1 72 fd 7b 41 a9
0x00000001a497b744:   f4 4f c2 a8 ff 23 03 d5 d0 07 1e ca 50 00 f0 b6
0x00000001a497b754:   20 8e 38 d4 c2 49 13 14 00 c3 31 b0 00 00 2b 91
0x00000001a497b764:   01 87 32 f0 21 c0 03 91 c9 4e 13 94 b3 fd ff b5
0x00000001a497b774:   00 00 80 d2 fd 7b 41 a9 f4 4f c2 a8 ff 0f 5f d6
0x00000001a497b784:   7f 23 03 d5 ff 83 00 d1 fd 7b 01 a9 fd 43 00 91
0x00000001a497b794:   e0 07 00 f9 ff 1f 00 39 ff 1f 00 39 0a 00 00 94
0x00000001a497b7a4:   08 00 00 12 1f 05 00 71 81 00 00 54 e8 07 40 f9
0x00000001a497b7b4:   08 01 40 39 e8 1f 00 39 fd 7b 41 a9 ff 83 00 91
0x00000001a497b7c4:   ff 0f 5f d6 7f 23 03 d5 fd 7b bf a9 fd 03 00 91
0x00000001a497b7d4:   08 c3 31 b0 08 69 45 f9 1f 05 00 b1 a1 00 00 54
0x00000001a497b7e4:   08 c3 31 b0 00 21 6b 39 fd 7b c1 a8 ff 0f 5f d6
0x00000001a497b7f4:   00 c3 31 b0 00 40 2b 91 01 87 32 f0 21 40 04 91
0x00000001a497b804:   a3 4e 13 94 f7 ff ff 17 7f 23 03 d5 fd 7b bf a9
0x00000001a497b814:   fd 03 00 91 20 00 80 d2 40 a0 c1 f2 40 01 e0 f2
0x00000001a497b824:   cb 4e 13 94 08 c3 31 b0 00 21 2b 39 fd 7b c1 a8
0x00000001a497b834:   ff 0f 5f d6 7f 23 03 d5 ff c3 00 d1 fd 7b 02 a9
0x00000001a497b844:   fd 83 00 91 a0 83 1f f8 e1 0b 00 f9 ff 3f 00 39
0x00000001a497b854:   ff 3f 00 39 dc ff ff 97 08 00 00 12 1f 05 00 71
0x00000001a497b864:   c1 00 00 54 a8 83 5f f8 e9 0b 40 f9 08 01 09 8b
0x00000001a497b874:   08 01 40 39 e8 3f 00 39 fd 7b 42 a9 ff c3 00 91
0x00000001a497b884:   ff 0f 5f d6 7f 23 03 d5 f4 4f be a9 fd 7b 01 a9
0x00000001a497b894:   fd 43 00 91 c0 03 00 b4 f3 03 00 aa 08 28 40 f9
0x00000001a497b8a4:   68 03 00 b4 68 86 40 f9 28 03 00 b4 74 e2 02 91 


Stack slot to memory mapping:

stack at sp + 0 slots: 0x000000010f6a5208 points into unknown readable memory: 0x000000004d555458 | 58 54 55 4d 00 00 00 00
stack at sp + 1 slots: 0x0000000787f2e890 is an unallocated location in the heap
stack at sp + 2 slots: 0x000000016fa6a970 is pointing into the stack for thread: 0x000000012f919600
stack at sp + 3 slots: 0x00000001a497b5d8: CGDataProviderRetainBytePtr+0x110 in /System/Library/Frameworks/CoreGraphics.framework/Versions/A/CoreGraphics at 0x00000001a496c000
stack at sp + 4 slots: 0x000000000000004e is an unknown value
stack at sp + 5 slots: 0x000060000268e340 points into unknown readable memory: 0x0100000208194d81 | 81 4d 19 08 02 00 00 01
stack at sp + 6 slots: 0x000000016fa6aaa0 is pointing into the stack for thread: 0x000000012f919600
stack at sp + 7 slots: 0x0 is null


Compiled method (c1) 416634 9772       3       com.sun.glass.ui.mac.MacCursor::set (72 bytes)
 total in heap  [0x00000001317e9d10,0x00000001317ea810] = 2816
 relocation     [0x00000001317e9e60,0x00000001317e9f80] = 288
 main code      [0x00000001317e9f80,0x00000001317ea4c0] = 1344
 stub code      [0x00000001317ea4c0,0x00000001317ea5b8] = 248
 oops           [0x00000001317ea5b8,0x00000001317ea5d0] = 24
 metadata       [0x00000001317ea5d0,0x00000001317ea660] = 144
 scopes data    [0x00000001317ea660,0x00000001317ea708] = 168
 scopes pcs     [0x00000001317ea708,0x00000001317ea7f8] = 240
 dependencies   [0x00000001317ea7f8,0x00000001317ea800] = 8
 nul chk table  [0x00000001317ea800,0x00000001317ea810] = 16

[Constant Pool (empty)]

[MachCode]
[Entry Point]
  # {method} {0x0000000118629c08} 'set' '()V' in 'com/sun/glass/ui/mac/MacCursor'
  #           [sp+0x70]  (sp of caller)
  0x00000001317e9f80: 2808 40b9 | 3f01 086b | c001 0054 

  0x00000001317e9f8c: ;   {runtime_call ic_miss_stub}
  0x00000001317e9f8c: bd17 9615 | 1f20 03d5 | 1f20 03d5 | 1f20 03d5 | 1f20 03d5 | 1f20 03d5 | 1f20 03d5 | 1f20 03d5 
  0x00000001317e9fac: 1f20 03d5 | 1f20 03d5 | 1f20 03d5 | 1f20 03d5 | 1f20 03d5 
[Verified Entry Point]
  0x00000001317e9fc0: 1f20 03d5 | e953 40d1 | 3f01 00f9 | ffc3 01d1 | fd7b 06a9 | 2801 0018 | 8923 40b9 | 1f01 09eb 
  0x00000001317e9fe0: e000 0054 

  0x00000001317e9fe4: ;   {runtime_call StubRoutines (final stubs)}
  0x00000001317e9fe4: 0830 93d2 | e8fa a6f2 | 2800 c0f2 | 0001 3fd6 | 0200 0014 | 0600 0000 | e127 00f9 

  0x00000001317ea000: ;   {metadata(method data for {method} {0x0000000118629c08} 'set' '()V' in 'com/sun/glass/ui/mac/MacCursor')}
  0x00000001317ea000: 0036 80d2 | 0025 a3f2 | 2000 c0f2 | 02ac 40b9 | 4208 0011 | 02ac 00b9 | 4224 1f12 | 5f00 0071 
  0x00000001317ea020: 001d 0054 | e003 01aa 

  0x00000001317ea028: ;   {metadata(method data for {method} {0x0000000118629c08} 'set' '()V' in 'com/sun/glass/ui/mac/MacCursor')}
  0x00000001317ea028: 0236 80d2 | 0225 a3f2 | 2200 c0f2 | 487c 40f9 | 0805 0091 | 487c 00f9 

  0x00000001317ea040: ;   {metadata(method data for {method} {0x0000000118629258} 'getType' '()I' in 'com/sun/glass/ui/Cursor')}
  0x00000001317ea040: 002f 81d2 | 4025 a3f2 | 2000 c0f2 | 02ac 40b9 | 4208 0011 | 02ac 00b9 | 424c 1f12 | 5f00 0071 
  0x00000001317ea060: 001c 0054 

  0x00000001317ea064: ;   {metadata(method data for {method} {0x0000000118629258} 'getType' '()I' in 'com/sun/glass/ui/Cursor')}
  0x00000001317ea064: 002f 81d2 | 4025 a3f2 | 2000 c0f2 | 087c 40f9 | 0805 0091 | 087c 00f9 

  0x00000001317ea07c: ; ImmutableOopMap {[72]=Oop }
                      ;*invokestatic checkEventThread {reexecute=0 rethrow=0 return_oop=0}
                      ; - com.sun.glass.ui.Cursor::getType@0 (line 70)
                      ; - com.sun.glass.ui.mac.MacCursor::set@1 (line 52)
                      ;   {static_call}
  0x00000001317ea07c: 214a b395 

  0x00000001317ea080: ;   {other}
  0x00000001317ea080: 1f20 03d5 | 1f6e 80f2 | 1f00 80f2 | e127 40f9 | 200c 40b9 | 1f04 0031 

  0x00000001317ea098: ;   {metadata(method data for {method} {0x0000000118629c08} 'set' '()V' in 'com/sun/glass/ui/mac/MacCursor')}
  0x00000001317ea098: 0236 80d2 | 0225 a3f2 | 2200 c0f2 | 0825 80d2 | 0927 80d2 | 0311 899a | 4468 63f8 | 8404 0091 
  0x00000001317ea0b8: 4468 23f8 | 2101 0054 

  0x00000001317ea0c0: ;   {metadata(method data for {method} {0x0000000118629c08} 'set' '()V' in 'com/sun/glass/ui/mac/MacCursor')}
  0x00000001317ea0c0: 0236 80d2 | 0225 a3f2 | 2200 c0f2 | 43a4 40f9 | 6304 0091 | 43a4 00f9 | e203 0032 | 0200 0014 
  0x00000001317ea0e0: 0200 a052 | e057 00b9 

  0x00000001317ea0e8: ;   {oop(a 'java/lang/Class'{0x00000007803e2658} = 'com/sun/glass/ui/mac/MacCursor')}
  0x00000001317ea0e8: 03cb 84d2 | c307 b0f2 | e300 c0f2 | 4200 0012 | 62c4 0139 | 62c8 4139 

  0x00000001317ea100: ;   {metadata(method data for {method} {0x0000000118629c08} 'set' '()V' in 'com/sun/glass/ui/mac/MacCursor')}
  0x00000001317ea100: 0336 80d2 | 0325 a3f2 | 2300 c0f2 | 68b0 40f9 | 0805 0091 | 68b0 00f9 

  0x00000001317ea118: ;   {metadata(method data for {method} {0x00000001186293a0} 'setVisible' '(Z)V' in 'com/sun/glass/ui/Cursor')}
  0x00000001317ea118: 038c 80d2 | 0325 a3f2 | 2300 c0f2 | 64ac 40b9 | 8408 0011 | 64ac 00b9 | 844c 1f12 | 9f00 0071 
  0x00000001317ea138: 4016 0054 

  0x00000001317ea13c: ;   {metadata(method data for {method} {0x00000001186293a0} 'setVisible' '(Z)V' in 'com/sun/glass/ui/Cursor')}
  0x00000001317ea13c: 038c 80d2 | 0325 a3f2 | 2300 c0f2 | 687c 40f9 | 0805 0091 | 687c 00f9 | e253 00b9 

  0x00000001317ea158: ; ImmutableOopMap {[72]=Oop }
                      ;*invokestatic checkEventThread {reexecute=0 rethrow=0 return_oop=0}
                      ; - com.sun.glass.ui.Cursor::setVisible@0 (line 110)
                      ; - com.sun.glass.ui.mac.MacCursor::set@21 (line 56)
                      ;   {static_call}
  0x00000001317ea158: ea49 b395 

  0x00000001317ea15c: ;   {other}
  0x00000001317ea15c: 1f20 03d5 | 9f89 80f2 | 1f20 80f2 

  0x00000001317ea168: ;   {metadata(method data for {method} {0x00000001186293a0} 'setVisible' '(Z)V' in 'com/sun/glass/ui/Cursor')}
  0x00000001317ea168: 018c 80d2 | 0125 a3f2 | 2100 c0f2 | 2884 40f9 | 0805 0091 | 2884 00f9 

  0x00000001317ea180: ;   {metadata(method data for {method} {0x000000011845f870} 'GetApplication' '()Lcom/sun/glass/ui/Application;' in 'com/sun/glass/ui/Application')}
  0x00000001317ea180: 0106 81d2 | 011d a3f2 | 2100 c0f2 | 20ac 40b9 | 0008 0011 | 20ac 00b9 | 004c 1f12 | 1f00 0071 
  0x00000001317ea1a0: 0014 0054 

  0x00000001317ea1a4: ;   {oop(a 'java/lang/Class'{0x000000078036ac58} = 'com/sun/glass/ui/Application')}
  0x00000001317ea1a4: 018b 95d2 | c106 b0f2 | e100 c0f2 | 2174 40b9 | 21f0 7dd3 

  0x00000001317ea1b8: ; implicit exception: dispatches to 0x00000001317ea440
  0x00000001317ea1b8: 3f00 40f9 

  0x00000001317ea1bc: ;   {metadata(method data for {method} {0x00000001186293a0} 'setVisible' '(Z)V' in 'com/sun/glass/ui/Cursor')}
  0x00000001317ea1bc: 008c 80d2 | 0025 a3f2 | 2000 c0f2 | 088c 40f9 | 0805 0091 | 088c 00f9 

  0x00000001317ea1d4: ;   {metadata(method data for {method} {0x0000000118612548} 'staticCursor_setVisible' '(Z)V' in 'com/sun/glass/ui/mac/MacApplication')}
  0x00000001317ea1d4: 01d2 9fd2 | e124 a3f2 | 2100 c0f2 | 20ac 40b9 | 0008 0011 | 20ac 00b9 | 004c 1f12 | 1f00 0071 
  0x00000001317ea1f4: 8012 0054 

  0x00000001317ea1f8: ;   {metadata(method data for {method} {0x0000000118612548} 'staticCursor_setVisible' '(Z)V' in 'com/sun/glass/ui/mac/MacApplication')}
  0x00000001317ea1f8: 01d2 9fd2 | e124 a3f2 | 2100 c0f2 | 287c 40f9 | 0805 0091 | 287c 00f9 | e153 40b9 

  0x00000001317ea214: ; ImmutableOopMap {[72]=Oop }
                      ;*invokestatic setVisible_impl {reexecute=0 rethrow=0 return_oop=0}
                      ; - com.sun.glass.ui.mac.MacApplication::staticCursor_setVisible@1 (line 263)
                      ; - com.sun.glass.ui.Cursor::setVisible@7 (line 111)
                      ; - com.sun.glass.ui.mac.MacCursor::set@21 (line 56)
                      ;   {static_call}
  0x00000001317ea214: cb03 0094 

  0x00000001317ea218: ;   {other}
  0x00000001317ea218: 1f20 03d5 | 1fa1 80f2 | 1f40 80f2 

  0x00000001317ea224: ;   {metadata(method data for {method} {0x0000000118629c08} 'set' '()V' in 'com/sun/glass/ui/mac/MacCursor')}
  0x00000001317ea224: 0236 80d2 | 0225 a3f2 | 2200 c0f2 | 012f 80d2 | e057 40b9 | 1f04 0031 | e303 01aa | 0831 80d2 
  0x00000001317ea244: 0101 839a | 1f00 0071 | e303 01aa | 0833 80d2 | 0101 839a | 4368 61f8 | 6304 0091 | 4368 21f8 
  0x00000001317ea264: 1f04 0031 | 4009 0054 | 1f00 0071 | 8002 0054 | e127 40f9 

  0x00000001317ea278: ;   {metadata(method data for {method} {0x0000000118629c08} 'set' '()V' in 'com/sun/glass/ui/mac/MacCursor')}
  0x00000001317ea278: 0236 80d2 | 0225 a3f2 | 2200 c0f2 | 4820 41f9 | 0805 0091 | 4820 01f9 | e203 00aa | e127 40f9 
  0x00000001317ea298: ; ImmutableOopMap {}
                      ;*invokevirtual _set {reexecute=0 rethrow=0 return_oop=0}
                      ; - com.sun.glass.ui.mac.MacCursor::set@68 (line 65)
                      ;   {optimized virtual_call}
  0x00000001317ea298: 4e93 c595 

  0x00000001317ea29c: ;   {other}
  0x00000001317ea29c: 1f20 03d5 | 9fb1 80f2 | 1f60 80f2 | fd7b 46a9 | ffc3 0191 

  0x00000001317ea2b0: ;   {poll_return}
  0x00000001317ea2b0: 882f 42f9 | ff63 28eb | 680d 0054 | c003 5fd6 | e127 40f9 | e003 01aa 

  0x00000001317ea2c8: ;   {metadata(method data for {method} {0x0000000118629c08} 'set' '()V' in 'com/sun/glass/ui/mac/MacCursor')}
  0x00000001317ea2c8: 0236 80d2 | 0225 a3f2 | 2200 c0f2 | 48e4 40f9 | 0805 0091 | 48e4 00f9 

  0x00000001317ea2e0: ;   {metadata(method data for {method} {0x00000001186292f8} 'getNativeCursor' '()J' in 'com/sun/glass/ui/Cursor')}
  0x00000001317ea2e0: 0058 81d2 | 4025 a3f2 | 2000 c0f2 | 02ac 40b9 | 4208 0011 | 02ac 00b9 | 424c 1f12 | 5f00 0071 
  0x00000001317ea300: 800b 0054 

  0x00000001317ea304: ;   {metadata(method data for {method} {0x00000001186292f8} 'getNativeCursor' '()J' in 'com/sun/glass/ui/Cursor')}
  0x00000001317ea304: 0058 81d2 | 4025 a3f2 | 2000 c0f2 | 087c 40f9 | 0805 0091 | 087c 00f9 

  0x00000001317ea31c: ; ImmutableOopMap {[72]=Oop }
                      ;*invokestatic checkEventThread {reexecute=0 rethrow=0 return_oop=0}
                      ; - com.sun.glass.ui.Cursor::getNativeCursor@0 (line 75)
                      ; - com.sun.glass.ui.mac.MacCursor::set@57 (line 62)
                      ;   {static_call}
  0x00000001317ea31c: 7949 b395 

  0x00000001317ea320: ;   {other}
  0x00000001317ea320: 1f20 03d5 | 1fc2 80f2 | 1f80 80f2 | e127 40f9 | 2208 40f9 | e003 01aa 

  0x00000001317ea338: ;   {metadata(method data for {method} {0x0000000118629c08} 'set' '()V' in 'com/sun/glass/ui/mac/MacCursor')}
  0x00000001317ea338: 0336 80d2 | 0325 a3f2 | 2300 c0f2 | 68fc 40f9 | 0805 0091 | 68fc 00f9 

  0x00000001317ea350: ; ImmutableOopMap {}
                      ;*invokevirtual _setCustom {reexecute=0 rethrow=0 return_oop=0}
                      ; - com.sun.glass.ui.mac.MacCursor::set@60 (line 62)
                      ;   {optimized virtual_call}
  0x00000001317ea350: 8400 0094 

  0x00000001317ea354: ;   {other}
  0x00000001317ea354: 1f20 03d5 | 9fc8 80f2 | 1fa0 80f2 

  0x00000001317ea360: ;   {metadata(method data for {method} {0x0000000118629c08} 'set' '()V' in 'com/sun/glass/ui/mac/MacCursor')}
  0x00000001317ea360: 0036 80d2 | 0025 a3f2 | 2000 c0f2 | 0114 41f9 | 2104 0091 | 0114 01f9 | fd7b 46a9 | ffc3 0191 
  0x00000001317ea380: ;   {poll_return}
  0x00000001317ea380: 882f 42f9 | ff63 28eb | 4808 0054 | c003 5fd6 

  0x00000001317ea390: ;   {metadata(method data for {method} {0x0000000118629c08} 'set' '()V' in 'com/sun/glass/ui/mac/MacCursor')}
  0x00000001317ea390: 0036 80d2 | 0025 a3f2 | 2000 c0f2 | 01d8 40f9 | 2104 0091 | 01d8 00f9 | fd7b 46a9 | ffc3 0191 
  0x00000001317ea3b0: ;   {poll_return}
  0x00000001317ea3b0: 882f 42f9 | ff63 28eb | 2807 0054 | c003 5fd6 

  0x00000001317ea3c0: ;   {metadata({method} {0x0000000118629c08} 'set' '()V' in 'com/sun/glass/ui/mac/MacCursor')}
  0x00000001317ea3c0: 0881 93d2 | 480c a3f2 | 2800 c0f2 | e807 00f9 | 0800 8092 | e803 00f9 

  0x00000001317ea3d8: ; ImmutableOopMap {c_rarg1=Oop [72]=Oop }
                      ;*synchronization entry
                      ; - com.sun.glass.ui.mac.MacCursor::set@-1 (line 52)
                      ;   {runtime_call counter_overflow Runtime1 stub}
  0x00000001317ea3d8: 4a9d 9995 | 12ff ff17 

  0x00000001317ea3e0: ;   {metadata({method} {0x0000000118629258} 'getType' '()I' in 'com/sun/glass/ui/Cursor')}
  0x00000001317ea3e0: 084b 92d2 | 480c a3f2 | 2800 c0f2 | e807 00f9 | 0800 8092 | e803 00f9 

  0x00000001317ea3f8: ; ImmutableOopMap {c_rarg1=Oop [72]=Oop }
                      ;*synchronization entry
                      ; - com.sun.glass.ui.Cursor::getType@-1 (line 70)
                      ; - com.sun.glass.ui.mac.MacCursor::set@1 (line 52)
                      ;   {runtime_call counter_overflow Runtime1 stub}
  0x00000001317ea3f8: 429d 9995 | 1aff ff17 

  0x00000001317ea400: ;   {metadata({method} {0x00000001186293a0} 'setVisible' '(Z)V' in 'com/sun/glass/ui/Cursor')}
  0x00000001317ea400: 0874 92d2 | 480c a3f2 | 2800 c0f2 | e807 00f9 | 0800 8092 | e803 00f9 

  0x00000001317ea418: ; ImmutableOopMap {[72]=Oop }
                      ;*synchronization entry
                      ; - com.sun.glass.ui.Cursor::setVisible@-1 (line 110)
                      ; - com.sun.glass.ui.mac.MacCursor::set@21 (line 56)
                      ;   {runtime_call counter_overflow Runtime1 stub}
  0x00000001317ea418: 3a9d 9995 | 48ff ff17 

  0x00000001317ea420: ;   {metadata({method} {0x000000011845f870} 'GetApplication' '()Lcom/sun/glass/ui/Application;' in 'com/sun/glass/ui/Application')}
  0x00000001317ea420: 080e 9fd2 | a808 a3f2 | 2800 c0f2 | e807 00f9 | 0800 8092 | e803 00f9 

  0x00000001317ea438: ; ImmutableOopMap {[72]=Oop }
                      ;*synchronization entry
                      ; - com.sun.glass.ui.Application::GetApplication@-1 (line 408)
                      ; - com.sun.glass.ui.Cursor::setVisible@3 (line 111)
                      ; - com.sun.glass.ui.mac.MacCursor::set@21 (line 56)
                      ;   {runtime_call counter_overflow Runtime1 stub}
  0x00000001317ea438: 329d 9995 | 5aff ff17 

  0x00000001317ea440: ; ImmutableOopMap {c_rarg1=Oop [72]=Oop }
                      ;*invokevirtual staticCursor_setVisible {reexecute=0 rethrow=0 return_oop=0}
                      ; - com.sun.glass.ui.Cursor::setVisible@7 (line 111)
                      ; - com.sun.glass.ui.mac.MacCursor::set@21 (line 56)
                      ;   {runtime_call throw_null_pointer_exception Runtime1 stub}
  0x00000001317ea440: 5079 9995 

  0x00000001317ea444: ;   {metadata({method} {0x0000000118612548} 'staticCursor_setVisible' '(Z)V' in 'com/sun/glass/ui/mac/MacApplication')}
  0x00000001317ea444: 08a9 84d2 | 280c a3f2 | 2800 c0f2 | e807 00f9 | 0800 8092 | e803 00f9 

  0x00000001317ea45c: ; ImmutableOopMap {[72]=Oop }
                      ;*synchronization entry
                      ; - com.sun.glass.ui.mac.MacApplication::staticCursor_setVisible@-1 (line 263)
                      ; - com.sun.glass.ui.Cursor::setVisible@7 (line 111)
                      ; - com.sun.glass.ui.mac.MacCursor::set@21 (line 56)
                      ;   {runtime_call counter_overflow Runtime1 stub}
  0x00000001317ea45c: 299d 9995 | 66ff ff17 

  0x00000001317ea464: ;   {internal_word}
  0x00000001317ea464: 68f2 ff10 | 883b 02f9 

  0x00000001317ea46c: ;   {runtime_call SafepointBlob}
  0x00000001317ea46c: 2531 9615 

  0x00000001317ea470: ;   {metadata({method} {0x00000001186292f8} 'getNativeCursor' '()J' in 'com/sun/glass/ui/Cursor')}
  0x00000001317ea470: 085f 92d2 | 480c a3f2 | 2800 c0f2 | e807 00f9 | 0800 8092 | e803 00f9 

  0x00000001317ea488: ; ImmutableOopMap {c_rarg1=Oop [72]=Oop }
                      ;*synchronization entry
                      ; - com.sun.glass.ui.Cursor::getNativeCursor@-1 (line 75)
                      ; - com.sun.glass.ui.mac.MacCursor::set@57 (line 62)
                      ;   {runtime_call counter_overflow Runtime1 stub}
  0x00000001317ea488: 1e9d 9995 | 9eff ff17 

  0x00000001317ea490: ;   {internal_word}
  0x00000001317ea490: 88f7 ff10 | 883b 02f9 

  0x00000001317ea498: ;   {runtime_call SafepointBlob}
  0x00000001317ea498: 1a31 9615 

  0x00000001317ea49c: ;   {internal_word}
  0x00000001317ea49c: a8f8 ff10 | 883b 02f9 

  0x00000001317ea4a4: ;   {runtime_call SafepointBlob}
  0x00000001317ea4a4: 1731 9615 | 8087 42f9 | 9f87 02f9 | 9f8b 02f9 | fd7b 46a9 | ffc3 0191 

  0x00000001317ea4bc: ;   {runtime_call unwind_exception Runtime1 stub}
  0x00000001317ea4bc: 7175 9915 
[Stub Code]
  0x00000001317ea4c0: ;   {no_reloc}
  0x00000001317ea4c0: 4800 0058 | 0001 1fd6 | 00c9 4b38 | 0100 0000 

  0x00000001317ea4d0: ;   {trampoline_stub}
  0x00000001317ea4d0: 4800 0058 | 0001 1fd6 | 00c9 4b38 | 0100 0000 

  0x00000001317ea4e0: ;   {trampoline_stub}
  0x00000001317ea4e0: 4800 0058 | 0001 1fd6 | 40b1 7e31 | 0100 0000 

  0x00000001317ea4f0: ;   {trampoline_stub}
  0x00000001317ea4f0: 4800 0058 | 0001 1fd6 | d0ef 9438 | 0100 0000 

  0x00000001317ea500: ;   {trampoline_stub}
  0x00000001317ea500: 4800 0058 | 0001 1fd6 | 00c9 4b38 | 0100 0000 

  0x00000001317ea510: ;   {trampoline_stub}
  0x00000001317ea510: 4800 0058 | 0001 1fd6 | 60a5 7e31 | 0100 0000 

  0x00000001317ea520: ;   {static_stub}
  0x00000001317ea520: df3f 03d5 

  0x00000001317ea524: ;   {metadata(nullptr)}
  0x00000001317ea524: 0c00 80d2 | 0c00 a0f2 | 0c00 c0f2 | 0800 80d2 | 0800 a0f2 | 0800 c0f2 | 0001 1fd6 

  0x00000001317ea540: ;   {static_stub}
  0x00000001317ea540: df3f 03d5 

  0x00000001317ea544: ;   {metadata(nullptr)}
  0x00000001317ea544: 0c00 80d2 | 0c00 a0f2 | 0c00 c0f2 | 0800 80d2 | 0800 a0f2 | 0800 c0f2 | 0001 1fd6 

  0x00000001317ea560: ;   {static_stub}
  0x00000001317ea560: df3f 03d5 

  0x00000001317ea564: ;   {metadata({method} {0x0000000118629d50} '_setCustom' '(J)V' in 'com/sun/glass/ui/mac/MacCursor')}
  0x00000001317ea564: 0caa 93d2 | 4c0c a3f2 | 2c00 c0f2 | 088b 8bd2 | e8fa a6f2 | 2800 c0f2 | 0001 1fd6 

  0x00000001317ea580: ;   {static_stub}
  0x00000001317ea580: df3f 03d5 

  0x00000001317ea584: ;   {metadata({method} {0x0000000118629cb0} '_set' '(I)V' in 'com/sun/glass/ui/mac/MacCursor')}
  0x00000001317ea584: 0c96 93d2 | 4c0c a3f2 | 2c00 c0f2 | 084b 8ad2 | e8fa a6f2 | 2800 c0f2 | 0001 1fd6 
[Exception Handler]
  0x00000001317ea5a0: ;   {runtime_call handle_exception_from_callee Runtime1 stub}
  0x00000001317ea5a0: 7880 9995 | c1d5 bbd4 | 4db6 0e02 | 0100 0000 
[Deopt Handler Code]
  0x00000001317ea5b0: 1e00 0010 

  0x00000001317ea5b4: ;   {runtime_call DeoptimizationBlob}
  0x00000001317ea5b4: a331 9615 
[/MachCode]


Compiled method (c1) 416642 8435       3       com.sun.javafx.tk.quantum.ViewScene::lambda$setCursor$1 (38 bytes)
 total in heap  [0x0000000131705d90,0x0000000131706910] = 2944
 relocation     [0x0000000131705ee0,0x0000000131705fa8] = 200
 main code      [0x0000000131705fc0,0x0000000131706600] = 1600
 stub code      [0x0000000131706600,0x00000001317066b8] = 184
 oops           [0x00000001317066b8,0x00000001317066c0] = 8
 metadata       [0x00000001317066c0,0x0000000131706740] = 128
 scopes data    [0x0000000131706740,0x00000001317067f0] = 176
 scopes pcs     [0x00000001317067f0,0x00000001317068e0] = 240
 dependencies   [0x00000001317068e0,0x00000001317068f0] = 16
 nul chk table  [0x00000001317068f0,0x0000000131706910] = 32

[Constant Pool (empty)]

[MachCode]
[Entry Point]
  # {method} {0x0000000118ba9d38} 'lambda$setCursor$1' '(Ljava/lang/Object;)V' in 'com/sun/javafx/tk/quantum/ViewScene'
  # this:     c_rarg1:c_rarg1 
                        = 'com/sun/javafx/tk/quantum/ViewScene'
  # parm0:    c_rarg2:c_rarg2 
                        = 'java/lang/Object'
  #           [sp+0x90]  (sp of caller)
  0x0000000131705fc0: 2808 40b9 | 3f01 086b | c001 0054 

  0x0000000131705fcc: ;   {runtime_call ic_miss_stub}
  0x0000000131705fcc: ada7 9915 | 1f20 03d5 | 1f20 03d5 | 1f20 03d5 | 1f20 03d5 | 1f20 03d5 | 1f20 03d5 | 1f20 03d5 
  0x0000000131705fec: 1f20 03d5 | 1f20 03d5 | 1f20 03d5 | 1f20 03d5 | 1f20 03d5 
[Verified Entry Point]
  0x0000000131706000: 1f20 03d5 | e953 40d1 | 3f01 00f9 | ff43 02d1 | fd7b 08a9 | 2801 0018 | 8923 40b9 | 1f01 09eb 
  0x0000000131706020: e000 0054 

  0x0000000131706024: ;   {runtime_call StubRoutines (final stubs)}
  0x0000000131706024: 0830 93d2 | e8fa a6f2 | 2800 c0f2 | 0001 3fd6 | 0200 0014 | 0600 0000 

  0x000000013170603c: ;   {metadata(method data for {method} {0x0000000118ba9d38} 'lambda$setCursor$1' '(Ljava/lang/Object;)V' in 'com/sun/javafx/tk/quantum/ViewScene')}
  0x000000013170603c: 001f 9fd2 | e024 a3f2 | 2000 c0f2 | 03ac 40b9 | 6308 0011 | 03ac 00b9 | 6324 1f12 | 7f00 0071 
  0x000000013170605c: 2027 0054 | e12b 00f9 

  0x0000000131706064: ;   {metadata(method data for {method} {0x0000000118ba9d38} 'lambda$setCursor$1' '(Ljava/lang/Object;)V' in 'com/sun/javafx/tk/quantum/ViewScene')}
  0x0000000131706064: 041f 9fd2 | e424 a3f2 | 2400 c0f2 | a200 00b5 | 88c4 4339 | 0801 40b2 | 88c4 0339 | 2f00 0014 
  0x0000000131706084: 4308 40b9 | 6308 54d2 | 8900 0491 | 2801 40f9 | 7f00 08eb | a100 0054 | 8884 40f9 | 0805 0091 
  0x00000001317060a4: 8884 00f9 | 1c00 0014 | 8940 0491 | 2801 40f9 | 7f00 08eb | a100 0054 | 888c 40f9 | 0805 0091 
  0x00000001317060c4: 888c 00f9 | 1400 0014 | 8900 0491 | 2801 40f9 | c800 00b5 | 2301 00f9 | e803 40b2 | 8920 0491 
  0x00000001317060e4: 2801 00f9 | 0c00 0014 | 8940 0491 | 2801 40f9 | c800 00b5 | 2301 00f9 | e803 40b2 | 8960 0491 
  0x0000000131706104: 2801 00f9 | 0400 0014 | 887c 40f9 | 0805 0091 | 887c 00f9 

  0x0000000131706118: ;   {metadata('com/sun/javafx/cursor/CursorFrame')}
  0x0000000131706118: 0300 85d2 | 8324 a0f2 | 0300 cef2 | 4408 40b9 | 8408 54d2 | 881c 40f9 | 7f00 08eb | 6121 0054 
  0x0000000131706138: 0100 0014 | e003 02aa 

  0x0000000131706140: ;   {metadata(method data for {method} {0x0000000118ba9d38} 'lambda$setCursor$1' '(Ljava/lang/Object;)V' in 'com/sun/javafx/tk/quantum/ViewScene')}
  0x0000000131706140: 021f 9fd2 | e224 a3f2 | 2200 c0f2 | 4894 40f9 | 0805 0091 | 4894 00f9 | e103 00aa 

  0x000000013170615c: ; ImmutableOopMap {[80]=Oop }
                      ;*invokestatic getPlatformCursor {reexecute=0 rethrow=0 return_oop=0}
                      ; - com.sun.javafx.tk.quantum.ViewScene::lambda$setCursor$1@6 (line 123)
                      ;   {static_call}
  0x000000013170615c: 998b 0394 

  0x0000000131706160: ;   {other}
  0x0000000131706160: 1f20 03d5 | 1f7a 80f2 | 1f00 80f2 | e033 00f9 | e12b 40f9 | 2148 40b9 | 21f0 7dd3 | e203 1faa 
  0x0000000131706180: 3f00 02eb 

  0x0000000131706184: ;   {metadata(method data for {method} {0x0000000118ba9d38} 'lambda$setCursor$1' '(Ljava/lang/Object;)V' in 'com/sun/javafx/tk/quantum/ViewScene')}
  0x0000000131706184: 021f 9fd2 | e224 a3f2 | 2200 c0f2 | 0827 80d2 | 0929 80d2 | 0301 899a | 4468 63f8 | 8404 0091 
  0x00000001317061a4: 4468 23f8 | 001c 0054 

  0x00000001317061ac: ; implicit exception: dispatches to 0x0000000131706568
  0x00000001317061ac: 3f00 40f9 | e203 01aa 

  0x00000001317061b4: ;   {metadata(method data for {method} {0x0000000118ba9d38} 'lambda$setCursor$1' '(Ljava/lang/Object;)V' in 'com/sun/javafx/tk/quantum/ViewScene')}
  0x00000001317061b4: 031f 9fd2 | e324 a3f2 | 2300 c0f2 | 4208 40b9 | 4208 54d2 | 6980 0591 | 2801 40f9 | 5f00 08eb 
  0x00000001317061d4: a100 0054 | 68b4 40f9 | 0805 0091 | 68b4 00f9 | 1c00 0014 | 69c0 0591 | 2801 40f9 | 5f00 08eb 
  0x00000001317061f4: a100 0054 | 68bc 40f9 | 0805 0091 | 68bc 00f9 | 1400 0014 | 6980 0591 | 2801 40f9 | c800 00b5 
  0x0000000131706214: 2201 00f9 | e803 40b2 | 69a0 0591 | 2801 00f9 | 0c00 0014 | 69c0 0591 | 2801 40f9 | c800 00b5 
  0x0000000131706234: 2201 00f9 | e803 40b2 | 69e0 0591 | 2801 00f9 | 0400 0014 | 68ac 40f9 | 0805 0091 | 68ac 00f9 
  0x0000000131706254: ;   {metadata(method data for {method} {0x00000001186232e8} 'getWindow' '()Lcom/sun/glass/ui/Window;' in 'com/sun/glass/ui/View')}
  0x0000000131706254: 02cf 9fd2 | 621d a3f2 | 2200 c0f2 | 43ac 40b9 | 6308 0011 | 43ac 00b9 | 634c 1f12 | 7f00 0071 
  0x0000000131706274: c017 0054 

  0x0000000131706278: ;   {metadata(method data for {method} {0x00000001186232e8} 'getWindow' '()Lcom/sun/glass/ui/Window;' in 'com/sun/glass/ui/View')}
  0x0000000131706278: 02cf 9fd2 | 621d a3f2 | 2200 c0f2 | 487c 40f9 | 0805 0091 | 487c 00f9 | e12f 00f9 

  0x0000000131706294: ; ImmutableOopMap {[88]=Oop [96]=Oop }
                      ;*invokestatic checkEventThread {reexecute=0 rethrow=0 return_oop=0}
                      ; - com.sun.glass.ui.View::getWindow@0 (line 457)
                      ; - com.sun.javafx.tk.quantum.ViewScene::lambda$setCursor$1@21 (line 126)
                      ;   {static_call}
  0x0000000131706294: 9bd9 b695 

  0x0000000131706298: ;   {other}
  0x0000000131706298: 1f20 03d5 | 1fa1 80f2 | 1f20 80f2 | e12f 40f9 | 2020 40b9 | 00f0 7dd3 | e103 1faa | 1f00 01eb 
  0x00000001317062b8: ;   {metadata(method data for {method} {0x0000000118ba9d38} 'lambda$setCursor$1' '(Ljava/lang/Object;)V' in 'com/sun/javafx/tk/quantum/ViewScene')}
  0x00000001317062b8: 011f 9fd2 | e124 a3f2 | 2100 c0f2 | 0831 80d2 | 0933 80d2 | 0201 899a | 2368 62f8 | 6304 0091 
  0x00000001317062d8: 2368 22f8 | 6012 0054 

  0x00000001317062e0: ; implicit exception: dispatches to 0x000000013170658c
  0x00000001317062e0: 1f00 40f9 | e203 00aa 

  0x00000001317062e8: ;   {metadata(method data for {method} {0x0000000118ba9d38} 'lambda$setCursor$1' '(Ljava/lang/Object;)V' in 'com/sun/javafx/tk/quantum/ViewScene')}
  0x00000001317062e8: 031f 9fd2 | e324 a3f2 | 2300 c0f2 | 4208 40b9 | 4208 54d2 | 69c0 0691 | 2801 40f9 | 5f00 08eb 
  0x0000000131706308: a100 0054 | 68dc 40f9 | 0805 0091 | 68dc 00f9 | 1c00 0014 | 6900 0791 | 2801 40f9 | 5f00 08eb 
  0x0000000131706328: a100 0054 | 68e4 40f9 | 0805 0091 | 68e4 00f9 | 1400 0014 | 69c0 0691 | 2801 40f9 | c800 00b5 
  0x0000000131706348: 2201 00f9 | e803 40b2 | 69e0 0691 | 2801 00f9 | 0c00 0014 | 6900 0791 | 2801 40f9 | c800 00b5 
  0x0000000131706368: 2201 00f9 | e803 40b2 | 6920 0791 | 2801 00f9 | 0400 0014 | 68d4 40f9 | 0805 0091 | 68d4 00f9 
  0x0000000131706388: ;   {metadata(method data for {method} {0x000000011861ac48} 'setCursor' '(Lcom/sun/glass/ui/Cursor;)V' in 'com/sun/glass/ui/Window')}
  0x0000000131706388: 02a2 9fd2 | e224 a3f2 | 2200 c0f2 | 43ac 40b9 | 6308 0011 | 43ac 00b9 | 634c 1f12 | 7f00 0071 
  0x00000001317063a8: 400f 0054 

  0x00000001317063ac: ;   {metadata(method data for {method} {0x000000011861ac48} 'setCursor' '(Lcom/sun/glass/ui/Cursor;)V' in 'com/sun/glass/ui/Window')}
  0x00000001317063ac: 02a2 9fd2 | e224 a3f2 | 2200 c0f2 | 487c 40f9 | 0805 0091 | 487c 00f9 | e037 00f9 

  0x00000001317063c8: ; ImmutableOopMap {[96]=Oop [104]=Oop }
                      ;*invokestatic checkEventThread {reexecute=0 rethrow=0 return_oop=0}
                      ; - com.sun.glass.ui.Window::setCursor@0 (line 1071)
                      ; - com.sun.javafx.tk.quantum.ViewScene::lambda$setCursor$1@34 (line 128)
                      ;   {static_call}
  0x00000001317063c8: 4ed9 b695 

  0x00000001317063cc: ;   {other}
  0x00000001317063cc: 1f20 03d5 | 9fc7 80f2 | 1f40 80f2 | e037 40f9 | 010c 40f9 

  0x00000001317063e0: ;   {metadata(method data for {method} {0x000000011861ac48} 'setCursor' '(Lcom/sun/glass/ui/Cursor;)V' in 'com/sun/glass/ui/Window')}
  0x00000001317063e0: 01a2 9fd2 | e124 a3f2 | 2100 c0f2 | 2884 40f9 | 0805 0091 | 2884 00f9 

  0x00000001317063f8: ;   {metadata(method data for {method} {0x000000011861e770} '_setCursor' '(JLcom/sun/glass/ui/Cursor;)V' in 'com/sun/glass/ui/mac/MacWindow')}
  0x00000001317063f8: 0100 80d2 | 0125 a3f2 | 2100 c0f2 | 20ac 40b9 | 0008 0011 | 20ac 00b9 | 004c 1f12 | 1f00 0071 
  0x0000000131706418: c00c 0054 | e033 40f9 

  0x0000000131706420: ;   {metadata(method data for {method} {0x000000011861e770} '_setCursor' '(JLcom/sun/glass/ui/Cursor;)V' in 'com/sun/glass/ui/mac/MacWindow')}
  0x0000000131706420: 0300 80d2 | 0325 a3f2 | 2300 c0f2 | a000 00b5 | 68c4 4339 | 0801 40b2 | 68c4 0339 | 2e00 0014 
  0x0000000131706440: 0208 40b9 | 4208 54d2 | 6900 0491 | 2801 40f9 | 5f00 08eb | a100 0054 | 6884 40f9 | 0805 0091 
  0x0000000131706460: 6884 00f9 | 1c00 0014 | 6940 0491 | 2801 40f9 | 5f00 08eb | a100 0054 | 688c 40f9 | 0805 0091 
  0x0000000131706480: 688c 00f9 | 1400 0014 | 6900 0491 | 2801 40f9 | c800 00b5 | 2201 00f9 | e803 40b2 | 6920 0491 
  0x00000001317064a0: 2801 00f9 | 0c00 0014 | 6940 0491 | 2801 40f9 | c800 00b5 | 2201 00f9 | e803 40b2 | 6960 0491 
  0x00000001317064c0: 2801 00f9 | 0400 0014 | 687c 40f9 | 0805 0091 | 687c 00f9 

  0x00000001317064d4: ;   {metadata('com/sun/glass/ui/mac/MacCursor')}
  0x00000001317064d4: 0207 86d2 | 8221 a0f2 | 0200 cef2 | 0808 40b9 | 0809 54d2 | 1f01 02eb | 2107 0054 | 0100 0014 
  0x00000001317064f4: e103 00aa 

  0x00000001317064f8: ; implicit exception: dispatches to 0x00000001317065d8
  0x00000001317064f8: 3f00 40f9 | e003 01aa 

  0x0000000131706500: ;   {metadata(method data for {method} {0x000000011861e770} '_setCursor' '(JLcom/sun/glass/ui/Cursor;)V' in 'com/sun/glass/ui/mac/MacWindow')}
  0x0000000131706500: 0200 80d2 | 0225 a3f2 | 2200 c0f2 | 4894 40f9 | 0805 0091 | 4894 00f9 

  0x0000000131706518: ; ImmutableOopMap {}
                      ;*invokevirtual set {reexecute=0 rethrow=0 return_oop=0}
                      ; - com.sun.glass.ui.mac.MacWindow::_setCursor@4 (line 138)
                      ; - com.sun.glass.ui.Window::setCursor@9 (line 1072)
                      ; - com.sun.javafx.tk.quantum.ViewScene::lambda$setCursor$1@34 (line 128)
                      ;   {optimized virtual_call}
  0x0000000131706518: aa8e 0394 

  0x000000013170651c: ;   {other}
  0x000000013170651c: 1f20 03d5 | 9ff1 80f2 | 1f60 80f2 | fd7b 48a9 | ff43 0291 

  0x0000000131706530: ;   {poll_return}
  0x0000000131706530: 882f 42f9 | ff63 28eb | 2805 0054 | c003 5fd6 

  0x0000000131706540: ;   {metadata({method} {0x0000000118ba9d38} 'lambda$setCursor$1' '(Ljava/lang/Object;)V' in 'com/sun/javafx/tk/quantum/ViewScene')}
  0x0000000131706540: 08a7 93d2 | 4817 a3f2 | 2800 c0f2 | e807 00f9 | 0800 8092 | e803 00f9 

  0x0000000131706558: ; ImmutableOopMap {c_rarg1=Oop c_rarg2=Oop }
                      ;*synchronization entry
                      ; - com.sun.javafx.tk.quantum.ViewScene::lambda$setCursor$1@-1 (line 121)
                      ;   {runtime_call counter_overflow Runtime1 stub}
  0x0000000131706558: ea2c 9d95 | c1fe ff17 | e803 02aa 

  0x0000000131706564: ; ImmutableOopMap {[80]=Oop }
                      ;*checkcast {reexecute=0 rethrow=0 return_oop=0}
                      ; - com.sun.javafx.tk.quantum.ViewScene::lambda$setCursor$1@1 (line 121)
                      ;   {runtime_call throw_class_cast_exception Runtime1 stub}
  0x0000000131706564: 0712 9d95 

  0x0000000131706568: ; ImmutableOopMap {c_rarg1=Oop [96]=Oop }
                      ;*invokevirtual getWindow {reexecute=0 rethrow=0 return_oop=0}
                      ; - com.sun.javafx.tk.quantum.ViewScene::lambda$setCursor$1@21 (line 126)
                      ;   {runtime_call throw_null_pointer_exception Runtime1 stub}
  0x0000000131706568: 0609 9d95 

  0x000000013170656c: ;   {metadata({method} {0x00000001186232e8} 'getWindow' '()Lcom/sun/glass/ui/Window;' in 'com/sun/glass/ui/View')}
  0x000000013170656c: 085d 86d2 | 480c a3f2 | 2800 c0f2 | e807 00f9 | 0800 8092 | e803 00f9 

  0x0000000131706584: ; ImmutableOopMap {c_rarg1=Oop [96]=Oop }
                      ;*synchronization entry
                      ; - com.sun.glass.ui.View::getWindow@-1 (line 457)
                      ; - com.sun.javafx.tk.quantum.ViewScene::lambda$setCursor$1@21 (line 126)
                      ;   {runtime_call counter_overflow Runtime1 stub}
  0x0000000131706584: df2c 9d95 | 3cff ff17 

  0x000000013170658c: ; ImmutableOopMap {c_rarg0=Oop [96]=Oop }
                      ;*invokevirtual setCursor {reexecute=0 rethrow=0 return_oop=0}
                      ; - com.sun.javafx.tk.quantum.ViewScene::lambda$setCursor$1@34 (line 128)
                      ;   {runtime_call throw_null_pointer_exception Runtime1 stub}
  0x000000013170658c: fd08 9d95 

  0x0000000131706590: ;   {metadata({method} {0x000000011861ac48} 'setCursor' '(Lcom/sun/glass/ui/Cursor;)V' in 'com/sun/glass/ui/Window')}
  0x0000000131706590: 0889 95d2 | 280c a3f2 | 2800 c0f2 | e807 00f9 | 0800 8092 | e803 00f9 

  0x00000001317065a8: ; ImmutableOopMap {c_rarg0=Oop [96]=Oop }
                      ;*synchronization entry
                      ; - com.sun.glass.ui.Window::setCursor@-1 (line 1071)
                      ; - com.sun.javafx.tk.quantum.ViewScene::lambda$setCursor$1@34 (line 128)
                      ;   {runtime_call counter_overflow Runtime1 stub}
  0x00000001317065a8: d62c 9d95 | 80ff ff17 

  0x00000001317065b0: ;   {metadata({method} {0x000000011861e770} '_setCursor' '(JLcom/sun/glass/ui/Cursor;)V' in 'com/sun/glass/ui/mac/MacWindow')}
  0x00000001317065b0: 08ee 9cd2 | 280c a3f2 | 2800 c0f2 | e807 00f9 | 0800 8092 | e803 00f9 

  0x00000001317065c8: ; ImmutableOopMap {[96]=Oop }
                      ;*synchronization entry
                      ; - com.sun.glass.ui.mac.MacWindow::_setCursor@-1 (line 138)
                      ; - com.sun.glass.ui.Window::setCursor@9 (line 1072)
                      ; - com.sun.javafx.tk.quantum.ViewScene::lambda$setCursor$1@34 (line 128)
                      ;   {runtime_call counter_overflow Runtime1 stub}
  0x00000001317065c8: ce2c 9d95 | 94ff ff17 | e803 00aa 

  0x00000001317065d4: ; ImmutableOopMap {}
                      ;*checkcast {reexecute=0 rethrow=0 return_oop=0}
                      ; - com.sun.glass.ui.mac.MacWindow::_setCursor@1 (line 138)
                      ; - com.sun.glass.ui.Window::setCursor@9 (line 1072)
                      ; - com.sun.javafx.tk.quantum.ViewScene::lambda$setCursor$1@34 (line 128)
                      ;   {runtime_call throw_class_cast_exception Runtime1 stub}
  0x00000001317065d4: eb11 9d95 

  0x00000001317065d8: ; ImmutableOopMap {c_rarg1=Oop }
                      ;*invokevirtual set {reexecute=0 rethrow=0 return_oop=0}
                      ; - com.sun.glass.ui.mac.MacWindow::_setCursor@4 (line 138)
                      ; - com.sun.glass.ui.Window::setCursor@9 (line 1072)
                      ; - com.sun.javafx.tk.quantum.ViewScene::lambda$setCursor$1@34 (line 128)
                      ;   {runtime_call throw_null_pointer_exception Runtime1 stub}
  0x00000001317065d8: ea08 9d95 

  0x00000001317065dc: ;   {internal_word}
  0x00000001317065dc: a8fa ff10 | 883b 02f9 

  0x00000001317065e4: ;   {runtime_call SafepointBlob}
  0x00000001317065e4: c7c0 9915 | 8087 42f9 | 9f87 02f9 | 9f8b 02f9 | fd7b 48a9 | ff43 0291 

  0x00000001317065fc: ;   {runtime_call unwind_exception Runtime1 stub}
  0x00000001317065fc: 2105 9d15 
[Stub Code]
  0x0000000131706600: ;   {no_reloc}
  0x0000000131706600: 4800 0058 | 0001 1fd6 | c08f 7e31 | 0100 0000 

  0x0000000131706610: ;   {trampoline_stub}
  0x0000000131706610: 4800 0058 | 0001 1fd6 | 00c9 4b38 | 0100 0000 

  0x0000000131706620: ;   {trampoline_stub}
  0x0000000131706620: 4800 0058 | 0001 1fd6 | 00c9 4b38 | 0100 0000 

  0x0000000131706630: ;   {trampoline_stub}
  0x0000000131706630: 4800 0058 | 0001 1fd6 | c09f 7e31 | 0100 0000 

  0x0000000131706640: ;   {static_stub}
  0x0000000131706640: df3f 03d5 

  0x0000000131706644: ;   {metadata({method} {0x0000000118e48d30} 'getPlatformCursor' '(Lcom/sun/javafx/cursor/CursorFrame;)Lcom/sun/glass/ui/Cursor;' in 'com/sun/javafx/tk/quantum/CursorUtils')}
  0x0000000131706644: 0ca6 91d2 | 8c1c a3f2 | 2c00 c0f2 | 886a 89d2 | e8fa a6f2 | 2800 c0f2 | 0001 1fd6 

  0x0000000131706660: ;   {static_stub}
  0x0000000131706660: df3f 03d5 

  0x0000000131706664: ;   {metadata(nullptr)}
  0x0000000131706664: 0c00 80d2 | 0c00 a0f2 | 0c00 c0f2 | 0800 80d2 | 0800 a0f2 | 0800 c0f2 | 0001 1fd6 

  0x0000000131706680: ;   {static_stub}
  0x0000000131706680: df3f 03d5 

  0x0000000131706684: ;   {metadata({method} {0x0000000118629c08} 'set' '()V' in 'com/sun/glass/ui/mac/MacCursor')}
  0x0000000131706684: 0c81 93d2 | 4c0c a3f2 | 2c00 c0f2 | 886a 89d2 | e8fa a6f2 | 2800 c0f2 | 0001 1fd6 
[Exception Handler]
  0x00000001317066a0: ;   {runtime_call handle_exception_from_callee Runtime1 stub}
  0x00000001317066a0: 3810 9d95 | c1d5 bbd4 | 4db6 0e02 | 0100 0000 
[Deopt Handler Code]
  0x00000001317066b0: 1e00 0010 

  0x00000001317066b4: ;   {runtime_call DeoptimizationBlob}
  0x00000001317066b4: 63c1 9915 
[/MachCode]


Compiled method (c1) 416649 8434       3       com.sun.javafx.tk.quantum.ViewScene$$Lambda/0x0000700001248000::run (12 bytes)
 total in heap  [0x0000000131705990,0x0000000131705d78] = 1000
 relocation     [0x0000000131705ae0,0x0000000131705b18] = 56
 main code      [0x0000000131705b40,0x0000000131705c88] = 328
 stub code      [0x0000000131705c88,0x0000000131705cd0] = 72
 oops           [0x0000000131705cd0,0x0000000131705cd8] = 8
 metadata       [0x0000000131705cd8,0x0000000131705cf8] = 32
 scopes data    [0x0000000131705cf8,0x0000000131705d10] = 24
 scopes pcs     [0x0000000131705d10,0x0000000131705d60] = 80
 dependencies   [0x0000000131705d60,0x0000000131705d68] = 8
 nul chk table  [0x0000000131705d68,0x0000000131705d78] = 16

[Constant Pool (empty)]

[MachCode]
[Entry Point]
  # {method} {0x0000000118c743f0} 'run' '()V' in 'com/sun/javafx/tk/quantum/ViewScene$$Lambda+0x0000700001248000'
  #           [sp+0x30]  (sp of caller)
  0x0000000131705b40: 2808 40b9 | 3f01 086b | c001 0054 

  0x0000000131705b4c: ;   {runtime_call ic_miss_stub}
  0x0000000131705b4c: cda8 9915 | 1f20 03d5 | 1f20 03d5 | 1f20 03d5 | 1f20 03d5 | 1f20 03d5 | 1f20 03d5 | 1f20 03d5 
  0x0000000131705b6c: 1f20 03d5 | 1f20 03d5 | 1f20 03d5 | 1f20 03d5 | 1f20 03d5 
[Verified Entry Point]
  0x0000000131705b80: 1f20 03d5 | e953 40d1 | 3f01 00f9 | ffc3 00d1 | fd7b 02a9 | 2801 0018 | 8923 40b9 | 1f01 09eb 
  0x0000000131705ba0: e000 0054 

  0x0000000131705ba4: ;   {runtime_call StubRoutines (final stubs)}
  0x0000000131705ba4: 0830 93d2 | e8fa a6f2 | 2800 c0f2 | 0001 3fd6 | 0200 0014 | 0600 0000 

  0x0000000131705bbc: ;   {metadata(method data for {method} {0x0000000118c743f0} 'run' '()V' in 'com/sun/javafx/tk/quantum/ViewScene$$Lambda+0x0000700001248000')}
  0x0000000131705bbc: 02f2 9ed2 | e224 a3f2 | 2200 c0f2 | 40ac 40b9 | 0008 0011 | 40ac 00b9 | 0024 1f12 | 1f00 0071 
  0x0000000131705bdc: 0003 0054 | 200c 40b9 | 00f0 7dd3 | 2210 40b9 | 42f0 7dd3 

  0x0000000131705bf0: ; implicit exception: dispatches to 0x0000000131705c5c
  0x0000000131705bf0: 1f00 40f9 | e103 00aa 

  0x0000000131705bf8: ;   {metadata(method data for {method} {0x0000000118c743f0} 'run' '()V' in 'com/sun/javafx/tk/quantum/ViewScene$$Lambda+0x0000700001248000')}
  0x0000000131705bf8: 03f2 9ed2 | e324 a3f2 | 2300 c0f2 | 687c 40f9 | 0805 0091 | 687c 00f9 | e103 00aa 

  0x0000000131705c14: ; ImmutableOopMap {}
                      ;*invokevirtual lambda$setCursor$1 {reexecute=0 rethrow=0 return_oop=0}
                      ; - com.sun.javafx.tk.quantum.ViewScene$$Lambda/0x0000700001248000::run@8
                      ;   {optimized virtual_call}
  0x0000000131705c14: fb00 0094 

  0x0000000131705c18: ;   {other}
  0x0000000131705c18: 1f20 03d5 | 1f51 80f2 | 1f00 80f2 | fd7b 42a9 | ffc3 0091 

  0x0000000131705c2c: ;   {poll_return}
  0x0000000131705c2c: 882f 42f9 | ff63 28eb | 6801 0054 | c003 5fd6 

  0x0000000131705c3c: ;   {metadata({method} {0x0000000118c743f0} 'run' '()V' in 'com/sun/javafx/tk/quantum/ViewScene$$Lambda+0x0000700001248000')}
  0x0000000131705c3c: 087e 88d2 | e818 a3f2 | 2800 c0f2 | e807 00f9 | 0800 8092 | e803 00f9 

  0x0000000131705c54: ; ImmutableOopMap {c_rarg1=Oop }
                      ;*synchronization entry
                      ; - com.sun.javafx.tk.quantum.ViewScene$$Lambda/0x0000700001248000::run@-1
                      ;   {runtime_call counter_overflow Runtime1 stub}
  0x0000000131705c54: 2b2f 9d95 | e2ff ff17 

  0x0000000131705c5c: ; ImmutableOopMap {c_rarg0=Oop c_rarg2=Oop }
                      ;*invokevirtual lambda$setCursor$1 {reexecute=0 rethrow=0 return_oop=0}
                      ; - com.sun.javafx.tk.quantum.ViewScene$$Lambda/0x0000700001248000::run@8
                      ;   {runtime_call throw_null_pointer_exception Runtime1 stub}
  0x0000000131705c5c: 490b 9d95 

  0x0000000131705c60: ;   {internal_word}
  0x0000000131705c60: 68fe ff10 | 883b 02f9 

  0x0000000131705c68: ;   {runtime_call SafepointBlob}
  0x0000000131705c68: 26c3 9915 | 8087 42f9 | 9f87 02f9 | 9f8b 02f9 | fd7b 42a9 | ffc3 0091 

  0x0000000131705c80: ;   {runtime_call unwind_exception Runtime1 stub}
  0x0000000131705c80: 8007 9d15 | 0000 0000 
[Stub Code]
  0x0000000131705c88: ;   {no_reloc}
  0x0000000131705c88: 4800 0058 | 0001 1fd6 | 0060 7031 | 0100 0000 

  0x0000000131705c98: ;   {static_stub}
  0x0000000131705c98: df3f 03d5 

  0x0000000131705c9c: ;   {metadata(nullptr)}
  0x0000000131705c9c: 0c00 80d2 | 0c00 a0f2 | 0c00 c0f2 | 0800 80d2 | 0800 a0f2 | 0800 c0f2 | 0001 1fd6 
[Exception Handler]
  0x0000000131705cb8: ;   {runtime_call handle_exception_from_callee Runtime1 stub}
  0x0000000131705cb8: b212 9d95 | c1d5 bbd4 | 4db6 0e02 | 0100 0000 
[Deopt Handler Code]
  0x0000000131705cc8: 1e00 0010 

  0x0000000131705ccc: ;   {runtime_call DeoptimizationBlob}
  0x0000000131705ccc: ddc3 9915 
[/MachCode]


---------------  P R O C E S S  ---------------

Threads class SMR info:
_java_thread_list=0x000060000038e600, length=24, elements={
0x000000010f808200, 0x000000011f827600, 0x0000000130008e00, 0x000000011f828800,
0x0000000130009600, 0x000000013001f400, 0x000000013001fc00, 0x0000000130028400,
0x000000013001dc00, 0x000000010f887c00, 0x000000012f810600, 0x000000011c823800,
0x000000010f888400, 0x000000011f909c00, 0x000000012f862e00, 0x000000013009d600,
0x000000012f919600, 0x000000011f969200, 0x000000011f914e00, 0x000000010f9f5000,
0x000000011f968a00, 0x000000010faef000, 0x000000010fb69e00, 0x000000012884ec00
}

Java Threads: ( => current thread )
  0x000000010f808200 JavaThread "main"                              [_thread_in_native, id=4611, stack(0x000000016fafc000,0x000000016fcff000) (2060K)]
  0x000000011f827600 JavaThread "Reference Handler"          daemon [_thread_blocked, id=29187, stack(0x0000000170c74000,0x0000000170e77000) (2060K)]
  0x0000000130008e00 JavaThread "Finalizer"                  daemon [_thread_blocked, id=24323, stack(0x0000000170e80000,0x0000000171083000) (2060K)]
  0x000000011f828800 JavaThread "Signal Dispatcher"          daemon [_thread_blocked, id=24835, stack(0x000000017108c000,0x000000017128f000) (2060K)]
  0x0000000130009600 JavaThread "Service Thread"             daemon [_thread_blocked, id=28931, stack(0x0000000171298000,0x000000017149b000) (2060K)]
  0x000000013001f400 JavaThread "Monitor Deflation Thread"   daemon [_thread_blocked, id=28675, stack(0x00000001714a4000,0x00000001716a7000) (2060K)]
  0x000000013001fc00 JavaThread "C2 CompilerThread0"         daemon [_thread_blocked, id=25859, stack(0x00000001716b0000,0x00000001718b3000) (2060K)]
  0x0000000130028400 JavaThread "C1 CompilerThread0"         daemon [_thread_blocked, id=28419, stack(0x00000001718bc000,0x0000000171abf000) (2060K)]
  0x000000013001dc00 JavaThread "Common-Cleaner"             daemon [_thread_blocked, id=28163, stack(0x0000000171ac8000,0x0000000171ccb000) (2060K)]
  0x000000010f887c00 JavaThread "Monitor Ctrl-Break"         daemon [_thread_in_native, id=27651, stack(0x0000000171cd4000,0x0000000171ed7000) (2060K)]
  0x000000012f810600 JavaThread "Notification Thread"        daemon [_thread_blocked, id=26883, stack(0x0000000171ee0000,0x00000001720e3000) (2060K)]
  0x000000011c823800 JavaThread "Attach Listener"            daemon [_thread_blocked, id=27395, stack(0x00000001720ec000,0x00000001722ef000) (2060K)]
  0x000000010f888400 JavaThread "Thread-0"                          [_thread_blocked, id=43267, stack(0x00000001722f8000,0x00000001724fb000) (2060K)]
  0x000000011f909c00 JavaThread "JavaFX-Launcher"                   [_thread_blocked, id=33283, stack(0x0000000172504000,0x0000000172707000) (2060K)]
  0x000000012f862e00 JavaThread "QuantumRenderer-0"          daemon [_thread_blocked, id=42755, stack(0x0000000172710000,0x0000000172913000) (2060K)]
  0x000000013009d600 JavaThread "InvokeLaterDispatcher"      daemon [_thread_blocked, id=38147, stack(0x000000017291c000,0x0000000172b1f000) (2060K)]
=>0x000000012f919600 JavaThread "JavaFX Application Thread"         [_thread_in_native, id=259, stack(0x000000016f274000,0x000000016fa70000) (8176K)]
  0x000000011f969200 JavaThread "RMI TCP Accept-0"           daemon [_thread_in_native, id=48899, stack(0x0000000173a08000,0x0000000173c0b000) (2060K)]
  0x000000011f914e00 JavaThread "RMI TCP Connection(1)-127.0.0.1" daemon [_thread_in_native, id=49923, stack(0x0000000173c14000,0x0000000173e17000) (2060K)]
  0x000000010f9f5000 JavaThread "RMI Scheduler(0)"           daemon [_thread_blocked, id=58123, stack(0x0000000173e20000,0x0000000174023000) (2060K)]
  0x000000011f968a00 JavaThread "JMX server connection timeout 39" daemon [_thread_blocked, id=57859, stack(0x000000017402c000,0x000000017422f000) (2060K)]
  0x000000010faef000 JavaThread "Prism Font Disposer"        daemon [_thread_blocked, id=75535, stack(0x00000001742c4000,0x00000001744c7000) (2060K)]
  0x000000010fb69e00 JavaThread "Cleaner-0"                  daemon [_thread_blocked, id=90119, stack(0x000000017455c000,0x000000017475f000) (2060K)]
  0x000000012884ec00 JavaThread "PulseTimer-CVDisplayLink thread" daemon [_thread_in_native, id=121887, stack(0x00000001744d0000,0x0000000174553000) (524K)]
Total: 24

Other Threads:
  0x000000011f706490 VMThread "VM Thread"                           [id=19203, stack(0x0000000170950000,0x0000000170b53000) (2060K)]
  0x000000010f60a4f0 WatcherThread "VM Periodic Task Thread"        [id=17667, stack(0x0000000170744000,0x0000000170947000) (2060K)]
  0x000000010f606590 WorkerThread "GC Thread#0"                     [id=15107, stack(0x000000016fd08000,0x000000016ff0b000) (2060K)]
  0x000000012f618530 WorkerThread "GC Thread#1"                     [id=65283, stack(0x0000000172b28000,0x0000000172d2b000) (2060K)]
  0x000000010f61b980 WorkerThread "GC Thread#2"                     [id=44035, stack(0x0000000172d34000,0x0000000172f37000) (2060K)]
  0x000000010f61bef0 WorkerThread "GC Thread#3"                     [id=44547, stack(0x0000000172f40000,0x0000000173143000) (2060K)]
  0x000000010f61c460 WorkerThread "GC Thread#4"                     [id=45059, stack(0x000000017314c000,0x000000017334f000) (2060K)]
  0x000000010f61c9d0 WorkerThread "GC Thread#5"                     [id=45315, stack(0x0000000173358000,0x000000017355b000) (2060K)]
  0x000000010f61d330 WorkerThread "GC Thread#6"                     [id=64771, stack(0x0000000173564000,0x0000000173767000) (2060K)]
  0x000000010f61dc90 WorkerThread "GC Thread#7"                     [id=64259, stack(0x0000000173770000,0x0000000173973000) (2060K)]
  0x000000011f705210 ConcurrentGCThread "G1 Main Marker"            [id=14851, stack(0x000000016ff14000,0x0000000170117000) (2060K)]
  0x000000010f606b00 WorkerThread "G1 Conc#0"                       [id=13571, stack(0x0000000170120000,0x0000000170323000) (2060K)]
  0x000000012eb23fd0 WorkerThread "G1 Conc#1"                       [id=100367, stack(0x0000000174f48000,0x000000017514b000) (2060K)]
  0x000000010f87ba00 ConcurrentGCThread "G1 Refine#0"               [id=16387, stack(0x000000017032c000,0x000000017052f000) (2060K)]
  0x000000010f608ee0 ConcurrentGCThread "G1 Service"                [id=16899, stack(0x0000000170538000,0x000000017073b000) (2060K)]
Total: 15

Threads with active compile tasks:
Total: 0

VM state: not at safepoint (normal execution)

VM Mutex/Monitor currently owned by a thread: None

Heap address: 0x0000000780000000, size: 2048 MB, Compressed Oops mode: Zero based, Oop shift amount: 3

CDS archive(s) mapped at: [0x0000700000000000-0x0000700000c74000-0x0000700000c74000), size 13058048, SharedBaseAddress: 0x0000700000000000, ArchiveRelocationMode: 1.
Compressed class space mapped at: 0x0000700001000000-0x0000700041000000, reserved size: 1073741824
Narrow klass base: 0x0000700000000000, Narrow klass shift: 0, Narrow klass range: 0x100000000

GC Precious Log:
 CardTable entry size: 512
 Card Set container configuration: InlinePtr #cards 5 size 8 Array Of Cards #cards 12 size 40 Howl #buckets 4 coarsen threshold 1843 Howl Bitmap #cards 512 size 80 coarsen threshold 460 Card regions per heap region 1 cards per card region 2048
 CPUs: 8 total, 8 available
 Memory: 8192M
 Large Page Support: Disabled
 NUMA Support: Disabled
 Compressed Oops: Enabled (Zero based)
 Heap Region Size: 1M
 Heap Min Capacity: 8M
 Heap Initial Capacity: 128M
 Heap Max Capacity: 2G
 Pre-touch: Disabled
 Parallel Workers: 8
 Concurrent Workers: 2
 Concurrent Refinement Workers: 8
 Periodic GC: Disabled

Heap:
 garbage-first heap   total reserved 2097152K, committed 65536K, used 25333K [0x0000000780000000, 0x0000000800000000)
  region size 1024K, 10 young (10240K), 1 survivors (1024K)
 Metaspace       used 21205K, committed 21568K, reserved 1114112K
  class space    used 2614K, committed 2752K, reserved 1048576K

Heap Regions: E=young(eden), S=young(survivor), O=old, HS=humongous(starts), HC=humongous(continues), CS=collection set, F=free, TAMS=top-at-mark-start, PB=parsable bottom
|   0|0x0000000780000000, 0x0000000780100000, 0x0000000780100000|100%| O|  |TAMS 0x0000000780000000| PB 0x0000000780000000| Untracked |  0
|   1|0x0000000780100000, 0x0000000780200000, 0x0000000780200000|100%|HS|  |TAMS 0x0000000780100000| PB 0x0000000780100000| Complete |  0
|   2|0x0000000780200000, 0x0000000780300000, 0x0000000780300000|100%|HC|  |TAMS 0x0000000780200000| PB 0x0000000780200000| Complete |  0
|   3|0x0000000780300000, 0x0000000780400000, 0x0000000780400000|100%| O|  |TAMS 0x0000000780300000| PB 0x0000000780300000| Untracked |  0
|   4|0x0000000780400000, 0x0000000780400000, 0x0000000780500000|  0%| F|  |TAMS 0x0000000780400000| PB 0x0000000780400000| Untracked |  0
|   5|0x0000000780500000, 0x0000000780600000, 0x0000000780600000|100%|HS|  |TAMS 0x0000000780500000| PB 0x0000000780500000| Complete |  0
|   6|0x0000000780600000, 0x0000000780700000, 0x0000000780700000|100%|HC|  |TAMS 0x0000000780600000| PB 0x0000000780600000| Complete |  0
|   7|0x0000000780700000, 0x0000000780800000, 0x0000000780800000|100%|HC|  |TAMS 0x0000000780700000| PB 0x0000000780700000| Complete |  0
|   8|0x0000000780800000, 0x0000000780900000, 0x0000000780900000|100%|HC|  |TAMS 0x0000000780800000| PB 0x0000000780800000| Complete |  0
|   9|0x0000000780900000, 0x0000000780a00000, 0x0000000780a00000|100%|HC|  |TAMS 0x0000000780900000| PB 0x0000000780900000| Complete |  0
|  10|0x0000000780a00000, 0x0000000780a00000, 0x0000000780b00000|  0%| F|  |TAMS 0x0000000780a00000| PB 0x0000000780a00000| Untracked |  0
|  11|0x0000000780b00000, 0x0000000780b00000, 0x0000000780c00000|  0%| F|  |TAMS 0x0000000780b00000| PB 0x0000000780b00000| Untracked |  0
|  12|0x0000000780c00000, 0x0000000780c00000, 0x0000000780d00000|  0%| F|  |TAMS 0x0000000780c00000| PB 0x0000000780c00000| Untracked |  0
|  13|0x0000000780d00000, 0x0000000780d00000, 0x0000000780e00000|  0%| F|  |TAMS 0x0000000780d00000| PB 0x0000000780d00000| Untracked |  0
|  14|0x0000000780e00000, 0x0000000780e00000, 0x0000000780f00000|  0%| F|  |TAMS 0x0000000780e00000| PB 0x0000000780e00000| Untracked |  0
|  15|0x0000000780f00000, 0x0000000780f00000, 0x0000000781000000|  0%| F|  |TAMS 0x0000000780f00000| PB 0x0000000780f00000| Untracked |  0
|  16|0x0000000781000000, 0x0000000781000000, 0x0000000781100000|  0%| F|  |TAMS 0x0000000781000000| PB 0x0000000781000000| Untracked |  0
|  17|0x0000000781100000, 0x0000000781100000, 0x0000000781200000|  0%| F|  |TAMS 0x0000000781100000| PB 0x0000000781100000| Untracked |  0
|  18|0x0000000781200000, 0x0000000781200000, 0x0000000781300000|  0%| F|  |TAMS 0x0000000781200000| PB 0x0000000781200000| Untracked |  0
|  19|0x0000000781300000, 0x0000000781300000, 0x0000000781400000|  0%| F|  |TAMS 0x0000000781300000| PB 0x0000000781300000| Untracked |  0
|  20|0x0000000781400000, 0x0000000781500000, 0x0000000781500000|100%| O|  |TAMS 0x0000000781400000| PB 0x0000000781400000| Untracked |  0
|  21|0x0000000781500000, 0x0000000781600000, 0x0000000781600000|100%| O|  |TAMS 0x0000000781500000| PB 0x0000000781500000| Untracked |  0
|  22|0x0000000781600000, 0x0000000781700000, 0x0000000781700000|100%| O|  |TAMS 0x0000000781600000| PB 0x0000000781600000| Untracked |  0
|  23|0x0000000781700000, 0x0000000781700000, 0x0000000781800000|  0%| F|  |TAMS 0x0000000781700000| PB 0x0000000781700000| Untracked |  0
|  24|0x0000000781800000, 0x0000000781800000, 0x0000000781900000|  0%| F|  |TAMS 0x0000000781800000| PB 0x0000000781800000| Untracked |  0
|  25|0x0000000781900000, 0x0000000781900000, 0x0000000781a00000|  0%| F|  |TAMS 0x0000000781900000| PB 0x0000000781900000| Untracked |  0
|  26|0x0000000781a00000, 0x0000000781a00000, 0x0000000781b00000|  0%| F|  |TAMS 0x0000000781a00000| PB 0x0000000781a00000| Untracked |  0
|  27|0x0000000781b00000, 0x0000000781b00000, 0x0000000781c00000|  0%| F|  |TAMS 0x0000000781b00000| PB 0x0000000781b00000| Untracked |  0
|  28|0x0000000781c00000, 0x0000000781c00000, 0x0000000781d00000|  0%| F|  |TAMS 0x0000000781c00000| PB 0x0000000781c00000| Untracked |  0
|  29|0x0000000781d00000, 0x0000000781e00000, 0x0000000781e00000|100%| O|  |TAMS 0x0000000781d00000| PB 0x0000000781d00000| Untracked |  0
|  30|0x0000000781e00000, 0x0000000781f00000, 0x0000000781f00000|100%| O|  |TAMS 0x0000000781e00000| PB 0x0000000781e00000| Untracked |  0
|  31|0x0000000781f00000, 0x0000000782000000, 0x0000000782000000|100%| O|  |TAMS 0x0000000781f00000| PB 0x0000000781f00000| Untracked |  0
|  32|0x0000000782000000, 0x0000000782028540, 0x0000000782100000| 15%| O|  |TAMS 0x0000000782000000| PB 0x0000000782000000| Untracked |  0
|  33|0x0000000782100000, 0x0000000782100000, 0x0000000782200000|  0%| F|  |TAMS 0x0000000782100000| PB 0x0000000782100000| Untracked |  0
|  34|0x0000000782200000, 0x0000000782200000, 0x0000000782300000|  0%| F|  |TAMS 0x0000000782200000| PB 0x0000000782200000| Untracked |  0
|  35|0x0000000782300000, 0x0000000782300000, 0x0000000782400000|  0%| F|  |TAMS 0x0000000782300000| PB 0x0000000782300000| Untracked |  0
|  36|0x0000000782400000, 0x0000000782400000, 0x0000000782500000|  0%| F|  |TAMS 0x0000000782400000| PB 0x0000000782400000| Untracked |  0
|  37|0x0000000782500000, 0x0000000782500000, 0x0000000782600000|  0%| F|  |TAMS 0x0000000782500000| PB 0x0000000782500000| Untracked |  0
|  38|0x0000000782600000, 0x0000000782600000, 0x0000000782700000|  0%| F|  |TAMS 0x0000000782600000| PB 0x0000000782600000| Untracked |  0
|  39|0x0000000782700000, 0x0000000782700000, 0x0000000782800000|  0%| F|  |TAMS 0x0000000782700000| PB 0x0000000782700000| Untracked |  0
|  40|0x0000000782800000, 0x0000000782800000, 0x0000000782900000|  0%| F|  |TAMS 0x0000000782800000| PB 0x0000000782800000| Untracked |  0
|  41|0x0000000782900000, 0x0000000782900000, 0x0000000782a00000|  0%| F|  |TAMS 0x0000000782900000| PB 0x0000000782900000| Untracked |  0
|  42|0x0000000782a00000, 0x0000000782a00000, 0x0000000782b00000|  0%| F|  |TAMS 0x0000000782a00000| PB 0x0000000782a00000| Untracked |  0
|  43|0x0000000782b00000, 0x0000000782b00000, 0x0000000782c00000|  0%| F|  |TAMS 0x0000000782b00000| PB 0x0000000782b00000| Untracked |  0
|  44|0x0000000782c00000, 0x0000000782c00000, 0x0000000782d00000|  0%| F|  |TAMS 0x0000000782c00000| PB 0x0000000782c00000| Untracked |  0
|  45|0x0000000782d00000, 0x0000000782d00000, 0x0000000782e00000|  0%| F|  |TAMS 0x0000000782d00000| PB 0x0000000782d00000| Untracked |  0
|  46|0x0000000782e00000, 0x0000000782e00000, 0x0000000782f00000|  0%| F|  |TAMS 0x0000000782e00000| PB 0x0000000782e00000| Untracked |  0
|  47|0x0000000782f00000, 0x0000000782f00000, 0x0000000783000000|  0%| F|  |TAMS 0x0000000782f00000| PB 0x0000000782f00000| Untracked |  0
|  48|0x0000000783000000, 0x0000000783000000, 0x0000000783100000|  0%| F|  |TAMS 0x0000000783000000| PB 0x0000000783000000| Untracked |  0
|  49|0x0000000783100000, 0x0000000783100000, 0x0000000783200000|  0%| F|  |TAMS 0x0000000783100000| PB 0x0000000783100000| Untracked |  0
|  50|0x0000000783200000, 0x0000000783200000, 0x0000000783300000|  0%| F|  |TAMS 0x0000000783200000| PB 0x0000000783200000| Untracked |  0
|  51|0x0000000783300000, 0x0000000783300000, 0x0000000783400000|  0%| F|  |TAMS 0x0000000783300000| PB 0x0000000783300000| Untracked |  0
|  52|0x0000000783400000, 0x0000000783480c20, 0x0000000783500000| 50%| E|  |TAMS 0x0000000783400000| PB 0x0000000783400000| Complete |  0
|  53|0x0000000783500000, 0x0000000783600000, 0x0000000783600000|100%| E|CS|TAMS 0x0000000783500000| PB 0x0000000783500000| Complete |  0
|  54|0x0000000783600000, 0x0000000783700000, 0x0000000783700000|100%| E|CS|TAMS 0x0000000783600000| PB 0x0000000783600000| Complete |  0
|  55|0x0000000783700000, 0x0000000783800000, 0x0000000783800000|100%| E|CS|TAMS 0x0000000783700000| PB 0x0000000783700000| Complete |  0
|  56|0x0000000783800000, 0x0000000783900000, 0x0000000783900000|100%| E|CS|TAMS 0x0000000783800000| PB 0x0000000783800000| Complete |  0
|  57|0x0000000783900000, 0x0000000783a00000, 0x0000000783a00000|100%| E|CS|TAMS 0x0000000783900000| PB 0x0000000783900000| Complete |  0
|  58|0x0000000783a00000, 0x0000000783b00000, 0x0000000783b00000|100%| E|CS|TAMS 0x0000000783a00000| PB 0x0000000783a00000| Complete |  0
|  59|0x0000000783b00000, 0x0000000783c00000, 0x0000000783c00000|100%| E|CS|TAMS 0x0000000783b00000| PB 0x0000000783b00000| Complete |  0
|  90|0x0000000785a00000, 0x0000000785a90ad0, 0x0000000785b00000| 56%| S|CS|TAMS 0x0000000785a00000| PB 0x0000000785a00000| Complete |  0
| 128|0x0000000788000000, 0x0000000788100000, 0x0000000788100000|100%| E|CS|TAMS 0x0000000788000000| PB 0x0000000788000000| Complete |  0
|2046|0x00000007ffe00000, 0x00000007fff00000, 0x00000007fff00000|100%| O|  |TAMS 0x00000007ffe00000| PB 0x00000007ffe00000| Untracked |  0
|2047|0x00000007fff00000, 0x00000007fff04588, 0x0000000800000000|  1%| O|Cm|TAMS 0x00000007fff00000| PB 0x00000007fff00000| Complete |  0

Card table byte_map: [0x0000000100b40000,0x0000000100f40000] _byte_map_base: 0x00000000fcf40000

Marking Bits: (CMBitMap*) 0x000000011f808810
 Bits: [0x000000010a904000, 0x000000010c904000)

Polling page: 0x0000000100424000

Metaspace:

Usage:
  Non-class:     18.16 MB used.
      Class:      2.55 MB used.
       Both:     20.71 MB used.

Virtual space:
  Non-class space:       64.00 MB reserved,      18.38 MB ( 29%) committed,  1 nodes.
      Class space:        1.00 GB reserved,       2.69 MB ( <1%) committed,  1 nodes.
             Both:        1.06 GB reserved,      21.06 MB (  2%) committed. 

Chunk freelists:
   Non-Class:  13.17 MB
       Class:  13.16 MB
        Both:  26.33 MB

MaxMetaspaceSize: unlimited
CompressedClassSpaceSize: 1.00 GB
Initial GC threshold: 21.00 MB
Current GC threshold: 35.12 MB
CDS: on
 - commit_granule_bytes: 65536.
 - commit_granule_words: 8192.
 - virtual_space_node_default_size: 8388608.
 - enlarge_chunks_in_place: 1.
 - use_allocation_guard: 0.


Internal statistics:

num_allocs_failed_limit: 3.
num_arena_births: 386.
num_arena_deaths: 0.
num_vsnodes_births: 2.
num_vsnodes_deaths: 0.
num_space_committed: 337.
num_space_uncommitted: 0.
num_chunks_returned_to_freelist: 3.
num_chunks_taken_from_freelist: 1009.
num_chunk_merges: 3.
num_chunk_splits: 679.
num_chunks_enlarged: 470.
num_inconsistent_stats: 0.

CodeHeap 'non-profiled nmethods': size=120032Kb used=7106Kb max_used=7106Kb free=112926Kb
 bounds [0x00000001382c8000, 0x00000001389c8000, 0x000000013f800000]
CodeHeap 'profiled nmethods': size=120016Kb used=17484Kb max_used=17484Kb free=102532Kb
 bounds [0x0000000130800000, 0x0000000131920000, 0x0000000137d34000]
CodeHeap 'non-nmethods': size=5712Kb used=1664Kb max_used=1767Kb free=4048Kb
 bounds [0x0000000137d34000, 0x0000000137fa4000, 0x00000001382c8000]
 total_blobs=8713 nmethods=7868 adapters=751
 compilation: enabled
              stopped_count=0, restarted_count=0
 full_count=0

Compilation events (20 events):
Event: 414.942 Thread 0x0000000130028400 nmethod 11396 0x000000013190ae10 code [0x000000013190afc0, 0x000000013190b220]
Event: 414.942 Thread 0x0000000130028400 11397   !   3       ca.bcit.Comp2522.termProject.MyGame.Obstacle::<init> (178 bytes)
Event: 414.942 Thread 0x000000013001fc00 nmethod 11398 0x00000001389b8510 code [0x00000001389b8680, 0x00000001389b86f8]
Event: 414.944 Thread 0x0000000130028400 nmethod 11397 0x000000013190b310 code [0x000000013190b940, 0x000000013190e368]
Event: 414.947 Thread 0x0000000130028400 11400       3       javafx.scene.image.ImageView$7::invalidated (25 bytes)
Event: 414.947 Thread 0x0000000130028400 nmethod 11400 0x000000013190f390 code [0x000000013190f5c0, 0x000000013190fac0]
Event: 414.947 Thread 0x0000000130028400 11401       3       javafx.scene.image.ImageView$8::invalidated (25 bytes)
Event: 414.947 Thread 0x0000000130028400 nmethod 11401 0x000000013190fd10 code [0x000000013190ff40, 0x0000000131910440]
Event: 414.952 Thread 0x0000000130028400 11404       3       ca.bcit.Comp2522.termProject.MyGame.LetterEngine$$Lambda/0x0000700001294a60::apply (8 bytes)
Event: 414.952 Thread 0x0000000130028400 nmethod 11404 0x0000000131910690 code [0x0000000131910840, 0x0000000131910a68]
Event: 414.956 Thread 0x0000000130028400 11405       3       com.sun.prism.impl.BaseResourcePool::resourceManaged (24 bytes)
Event: 414.958 Thread 0x0000000130028400 nmethod 11405 0x0000000131910b90 code [0x0000000131910d80, 0x00000001319111e0]
Event: 414.958 Thread 0x0000000130028400 11406       3       com.sun.prism.es2.ES2VramPool::size (9 bytes)
Event: 414.958 Thread 0x0000000130028400 nmethod 11406 0x0000000131911410 code [0x00000001319115c0, 0x00000001319118e0]
Event: 414.958 Thread 0x0000000130028400 11407       3       com.sun.prism.es2.ES2VramPool::size (5 bytes)
Event: 414.959 Thread 0x0000000130028400 nmethod 11407 0x0000000131911a10 code [0x0000000131911bc0, 0x0000000131911d88]
Event: 414.959 Thread 0x0000000130028400 11408       3       com.sun.prism.impl.BaseResourcePool$WeakLinkedList::insert (18 bytes)
Event: 414.959 Thread 0x0000000130028400 nmethod 11408 0x0000000131911e90 code [0x0000000131912080, 0x0000000131912528]
Event: 414.959 Thread 0x0000000130028400 11409       3       com.sun.prism.impl.BaseResourcePool$WeakLinkedList::<init> (28 bytes)
Event: 414.959 Thread 0x0000000130028400 nmethod 11409 0x0000000131912790 code [0x0000000131912980, 0x0000000131912e40]

GC Heap History (20 events):
Event: 304.025 GC heap before
{Heap before GC invocations=25 (full 0):
 garbage-first heap   total reserved 2097152K, committed 133120K, used 111655K [0x0000000780000000, 0x0000000800000000)
  region size 1024K, 76 young (77824K), 1 survivors (1024K)
 Metaspace       used 21001K, committed 21312K, reserved 1114112K
  class space    used 2612K, committed 2752K, reserved 1048576K
}
Event: 304.029 GC heap after
{Heap after GC invocations=26 (full 0):
 garbage-first heap   total reserved 2097152K, committed 133120K, used 17463K [0x0000000780000000, 0x0000000800000000)
  region size 1024K, 1 young (1024K), 1 survivors (1024K)
 Metaspace       used 21001K, committed 21312K, reserved 1114112K
  class space    used 2612K, committed 2752K, reserved 1048576K
}
Event: 316.942 GC heap before
{Heap before GC invocations=26 (full 0):
 garbage-first heap   total reserved 2097152K, committed 133120K, used 111671K [0x0000000780000000, 0x0000000800000000)
  region size 1024K, 76 young (77824K), 1 survivors (1024K)
 Metaspace       used 21022K, committed 21312K, reserved 1114112K
  class space    used 2612K, committed 2752K, reserved 1048576K
}
Event: 316.959 GC heap after
{Heap after GC invocations=27 (full 0):
 garbage-first heap   total reserved 2097152K, committed 133120K, used 17465K [0x0000000780000000, 0x0000000800000000)
  region size 1024K, 1 young (1024K), 1 survivors (1024K)
 Metaspace       used 21022K, committed 21312K, reserved 1114112K
  class space    used 2612K, committed 2752K, reserved 1048576K
}
Event: 327.025 GC heap before
{Heap before GC invocations=27 (full 0):
 garbage-first heap   total reserved 2097152K, committed 133120K, used 94265K [0x0000000780000000, 0x0000000800000000)
  region size 1024K, 76 young (77824K), 1 survivors (1024K)
 Metaspace       used 21025K, committed 21312K, reserved 1114112K
  class space    used 2612K, committed 2752K, reserved 1048576K
}
Event: 327.028 GC heap after
{Heap after GC invocations=28 (full 0):
 garbage-first heap   total reserved 2097152K, committed 133120K, used 17442K [0x0000000780000000, 0x0000000800000000)
  region size 1024K, 1 young (1024K), 1 survivors (1024K)
 Metaspace       used 21025K, committed 21312K, reserved 1114112K
  class space    used 2612K, committed 2752K, reserved 1048576K
}
Event: 342.397 GC heap before
{Heap before GC invocations=28 (full 0):
 garbage-first heap   total reserved 2097152K, committed 133120K, used 121890K [0x0000000780000000, 0x0000000800000000)
  region size 1024K, 65 young (66560K), 1 survivors (1024K)
 Metaspace       used 21065K, committed 21376K, reserved 1114112K
  class space    used 2612K, committed 2752K, reserved 1048576K
}
Event: 342.410 GC heap after
{Heap after GC invocations=29 (full 0):
 garbage-first heap   total reserved 2097152K, committed 133120K, used 17386K [0x0000000780000000, 0x0000000800000000)
  region size 1024K, 1 young (1024K), 1 survivors (1024K)
 Metaspace       used 21065K, committed 21376K, reserved 1114112K
  class space    used 2612K, committed 2752K, reserved 1048576K
}
Event: 353.192 GC heap before
{Heap before GC invocations=29 (full 0):
 garbage-first heap   total reserved 2097152K, committed 133120K, used 106474K [0x0000000780000000, 0x0000000800000000)
  region size 1024K, 76 young (77824K), 1 survivors (1024K)
 Metaspace       used 21067K, committed 21376K, reserved 1114112K
  class space    used 2612K, committed 2752K, reserved 1048576K
}
Event: 353.196 GC heap after
{Heap after GC invocations=30 (full 0):
 garbage-first heap   total reserved 2097152K, committed 133120K, used 17548K [0x0000000780000000, 0x0000000800000000)
  region size 1024K, 1 young (1024K), 1 survivors (1024K)
 Metaspace       used 21067K, committed 21376K, reserved 1114112K
  class space    used 2612K, committed 2752K, reserved 1048576K
}
Event: 366.393 GC heap before
{Heap before GC invocations=30 (full 0):
 garbage-first heap   total reserved 2097152K, committed 133120K, used 111756K [0x0000000780000000, 0x0000000800000000)
  region size 1024K, 76 young (77824K), 1 survivors (1024K)
 Metaspace       used 21080K, committed 21376K, reserved 1114112K
  class space    used 2612K, committed 2752K, reserved 1048576K
}
Event: 366.412 GC heap after
{Heap after GC invocations=31 (full 0):
 garbage-first heap   total reserved 2097152K, committed 133120K, used 17499K [0x0000000780000000, 0x0000000800000000)
  region size 1024K, 1 young (1024K), 1 survivors (1024K)
 Metaspace       used 21080K, committed 21376K, reserved 1114112K
  class space    used 2612K, committed 2752K, reserved 1048576K
}
Event: 380.495 GC heap before
{Heap before GC invocations=31 (full 0):
 garbage-first heap   total reserved 2097152K, committed 133120K, used 111707K [0x0000000780000000, 0x0000000800000000)
  region size 1024K, 76 young (77824K), 1 survivors (1024K)
 Metaspace       used 21105K, committed 21440K, reserved 1114112K
  class space    used 2612K, committed 2752K, reserved 1048576K
}
Event: 380.503 GC heap after
{Heap after GC invocations=32 (full 0):
 garbage-first heap   total reserved 2097152K, committed 133120K, used 17501K [0x0000000780000000, 0x0000000800000000)
  region size 1024K, 1 young (1024K), 1 survivors (1024K)
 Metaspace       used 21105K, committed 21440K, reserved 1114112K
  class space    used 2612K, committed 2752K, reserved 1048576K
}
Event: 393.523 GC heap before
{Heap before GC invocations=32 (full 0):
 garbage-first heap   total reserved 2097152K, committed 133120K, used 99421K [0x0000000780000000, 0x0000000800000000)
  region size 1024K, 76 young (77824K), 1 survivors (1024K)
 Metaspace       used 21141K, committed 21504K, reserved 1114112K
  class space    used 2612K, committed 2752K, reserved 1048576K
}
Event: 393.528 GC heap after
{Heap after GC invocations=33 (full 0):
 garbage-first heap   total reserved 2097152K, committed 133120K, used 17563K [0x0000000780000000, 0x0000000800000000)
  region size 1024K, 1 young (1024K), 1 survivors (1024K)
 Metaspace       used 21141K, committed 21504K, reserved 1114112K
  class space    used 2612K, committed 2752K, reserved 1048576K
}
Event: 408.486 GC heap before
{Heap before GC invocations=33 (full 0):
 garbage-first heap   total reserved 2097152K, committed 133120K, used 130203K [0x0000000780000000, 0x0000000800000000)
  region size 1024K, 72 young (73728K), 1 survivors (1024K)
 Metaspace       used 21190K, committed 21504K, reserved 1114112K
  class space    used 2614K, committed 2752K, reserved 1048576K
}
Event: 408.489 GC heap after
{Heap after GC invocations=34 (full 0):
 garbage-first heap   total reserved 2097152K, committed 134144K, used 17553K [0x0000000780000000, 0x0000000800000000)
  region size 1024K, 1 young (1024K), 1 survivors (1024K)
 Metaspace       used 21190K, committed 21504K, reserved 1114112K
  class space    used 2614K, committed 2752K, reserved 1048576K
}
Event: 414.956 GC heap before
{Heap before GC invocations=34 (full 0):
 garbage-first heap   total reserved 2097152K, committed 134144K, used 81041K [0x0000000780000000, 0x0000000800000000)
  region size 1024K, 38 young (38912K), 1 survivors (1024K)
 Metaspace       used 21204K, committed 21504K, reserved 1114112K
  class space    used 2614K, committed 2752K, reserved 1048576K
}
Event: 414.958 GC heap after
{Heap after GC invocations=35 (full 0):
 garbage-first heap   total reserved 2097152K, committed 134144K, used 17141K [0x0000000780000000, 0x0000000800000000)
  region size 1024K, 1 young (1024K), 1 survivors (1024K)
 Metaspace       used 21204K, committed 21504K, reserved 1114112K
  class space    used 2614K, committed 2752K, reserved 1048576K
}

Dll operation events (13 events):
Event: 0.004 Loaded shared library /Library/Java/JavaVirtualMachines/jdk-22.jdk/Contents/Home/lib/libjava.dylib
Event: 0.018 Loaded shared library /Library/Java/JavaVirtualMachines/jdk-22.jdk/Contents/Home/lib/libnio.dylib
Event: 0.042 Loaded shared library /Library/Java/JavaVirtualMachines/jdk-22.jdk/Contents/Home/lib/libzip.dylib
Event: 0.088 Loaded shared library /Library/Java/JavaVirtualMachines/jdk-22.jdk/Contents/Home/lib/libzip.dylib
Event: 0.089 Loaded shared library /Library/Java/JavaVirtualMachines/jdk-22.jdk/Contents/Home/lib/libinstrument.dylib
Event: 0.104 Loaded shared library /Library/Java/JavaVirtualMachines/jdk-22.jdk/Contents/Home/lib/libnet.dylib
Event: 0.115 Loaded shared library /Library/Java/JavaVirtualMachines/jdk-22.jdk/Contents/Home/lib/libextnet.dylib
Event: 0.145 Loaded shared library /Library/Java/JavaVirtualMachines/jdk-22.jdk/Contents/Home/lib/libjimage.dylib
Event: 0.231 Loaded shared library /Users/jatindergill/Desktop/BCIT/Semester2/Comp-2522-OOPs /javafx/javafx-sdk-21.0.6/lib/libprism_es2.dylib
Event: 0.241 Loaded shared library /Library/Java/JavaVirtualMachines/jdk-22.jdk/Contents/Home/lib/libmanagement.dylib
Event: 0.247 Loaded shared library /Library/Java/JavaVirtualMachines/jdk-22.jdk/Contents/Home/lib/libmanagement_ext.dylib
Event: 0.381 Loaded shared library /Users/jatindergill/Desktop/BCIT/Semester2/Comp-2522-OOPs /javafx/javafx-sdk-21.0.6/lib/libglass.dylib
Event: 1.498 Loaded shared library /Users/jatindergill/Desktop/BCIT/Semester2/Comp-2522-OOPs /javafx/javafx-sdk-21.0.6/lib/libjavafx_font.dylib

Deoptimization events (20 events):
Event: 409.537 Thread 0x000000012f919600 Uncommon trap: trap_request=0xffffffc6 fr.pc=0x0000000138941ed4 relative=0x0000000000000994
Event: 409.537 Thread 0x000000012f919600 Uncommon trap: reason=bimorphic_or_optimized_type_check action=maybe_recompile pc=0x0000000138941ed4 method=com.sun.javafx.event.EventUtil.fireEvent(Ljavafx/event/EventTarget;Ljavafx/event/Event;)Ljavafx/event/Event; @ 14 c2
Event: 409.537 Thread 0x000000012f919600 DEOPT PACKING pc=0x0000000138941ed4 sp=0x000000016fa6ba90
Event: 409.537 Thread 0x000000012f919600 DEOPT UNPACKING pc=0x0000000137d7701c sp=0x000000016fa6ba30 mode 2
Event: 409.537 Thread 0x000000012f919600 Uncommon trap: trap_request=0xffffffc6 fr.pc=0x00000001386fe060 relative=0x0000000000000320
Event: 409.537 Thread 0x000000012f919600 Uncommon trap: reason=bimorphic_or_optimized_type_check action=maybe_recompile pc=0x00000001386fe060 method=com.sun.javafx.scene.EnteredExitedHandler.dispatchCapturingEvent(Ljavafx/event/Event;)Ljavafx/event/Event; @ 12 c2
Event: 409.537 Thread 0x000000012f919600 DEOPT PACKING pc=0x00000001386fe060 sp=0x000000016fa6b870
Event: 409.537 Thread 0x000000012f919600 DEOPT UNPACKING pc=0x0000000137d7701c sp=0x000000016fa6b7f0 mode 2
Event: 409.537 Thread 0x000000012f919600 Uncommon trap: trap_request=0xffffffc6 fr.pc=0x000000013873f9d4 relative=0x00000000000001d4
Event: 409.537 Thread 0x000000012f919600 Uncommon trap: reason=bimorphic_or_optimized_type_check action=maybe_recompile pc=0x000000013873f9d4 method=com.sun.javafx.event.CompositeEventHandler.dispatchBubblingEvent(Ljavafx/event/Event;)V @ 51 c2
Event: 409.537 Thread 0x000000012f919600 DEOPT PACKING pc=0x000000013873f9d4 sp=0x000000016fa6b810
Event: 409.537 Thread 0x000000012f919600 DEOPT UNPACKING pc=0x0000000137d7701c sp=0x000000016fa6b7a0 mode 2
Event: 409.571 Thread 0x000000012f919600 Uncommon trap: trap_request=0xffffff45 fr.pc=0x00000001387a6a90 relative=0x0000000000000b90
Event: 409.571 Thread 0x000000012f919600 Uncommon trap: reason=unstable_if action=reinterpret pc=0x00000001387a6a90 method=javafx.scene.Parent.doUpdatePeer()V @ 120 c2
Event: 409.572 Thread 0x000000012f919600 DEOPT PACKING pc=0x00000001387a6a90 sp=0x000000016fa6b0f0
Event: 409.572 Thread 0x000000012f919600 DEOPT UNPACKING pc=0x0000000137d7701c sp=0x000000016fa6af40 mode 2
Event: 414.920 Thread 0x000000012f919600 Uncommon trap: trap_request=0xffffffc6 fr.pc=0x000000013873f9d4 relative=0x00000000000001d4
Event: 414.920 Thread 0x000000012f919600 Uncommon trap: reason=bimorphic_or_optimized_type_check action=maybe_recompile pc=0x000000013873f9d4 method=com.sun.javafx.event.CompositeEventHandler.dispatchBubblingEvent(Ljavafx/event/Event;)V @ 51 c2
Event: 414.920 Thread 0x000000012f919600 DEOPT PACKING pc=0x000000013873f9d4 sp=0x000000016fa6b860
Event: 414.920 Thread 0x000000012f919600 DEOPT UNPACKING pc=0x0000000137d7701c sp=0x000000016fa6b7f0 mode 2

Classes loaded (20 events):
Event: 5.524 Loading class java/nio/HeapIntBuffer
Event: 5.525 Loading class java/nio/HeapIntBuffer done
Event: 18.774 Loading class java/util/stream/ReferencePipeline$5
Event: 18.774 Loading class java/util/stream/LongPipeline$StatelessOp
Event: 18.774 Loading class java/util/stream/LongPipeline
Event: 18.775 Loading class java/util/stream/LongStream
Event: 18.775 Loading class java/util/stream/LongStream done
Event: 18.775 Loading class java/util/stream/LongPipeline done
Event: 18.775 Loading class java/util/stream/LongPipeline$StatelessOp done
Event: 18.775 Loading class java/util/stream/ReferencePipeline$5 done
Event: 18.775 Loading class java/util/stream/Nodes$LongFixedNodeBuilder
Event: 18.775 Loading class java/util/stream/Node$Builder$OfLong
Event: 18.775 Loading class java/util/stream/Sink$OfLong
Event: 18.775 Loading class java/util/stream/Sink$OfLong done
Event: 18.775 Loading class java/util/stream/Node$Builder$OfLong done
Event: 18.775 Loading class java/util/stream/Nodes$LongArrayNode
Event: 18.776 Loading class java/util/stream/Nodes$LongArrayNode done
Event: 18.776 Loading class java/util/stream/Nodes$LongFixedNodeBuilder done
Event: 18.776 Loading class java/util/stream/ReferencePipeline$5$1
Event: 18.776 Loading class java/util/stream/ReferencePipeline$5$1 done

Classes unloaded (0 events):
No events

Classes redefined (0 events):
No events

Internal exceptions (20 events):
Event: 404.514 Thread 0x000000012f919600 Exception <a 'java/io/FileNotFoundException'{0x00000007840ad228}> (0x00000007840ad228) 
thrown [open/src/hotspot/share/prims/jni.cpp, line 520]
Event: 408.437 Thread 0x000000012f919600 Exception <a 'java/io/FileNotFoundException'{0x0000000783a9a168}> (0x0000000783a9a168) 
thrown [open/src/hotspot/share/prims/jni.cpp, line 520]
Event: 408.455 Thread 0x000000012f919600 Exception <a 'java/io/FileNotFoundException'{0x0000000783917a98}> (0x0000000783917a98) 
thrown [open/src/hotspot/share/prims/jni.cpp, line 520]
Event: 408.462 Thread 0x000000012f919600 Exception <a 'java/io/FileNotFoundException'{0x0000000783921138}> (0x0000000783921138) 
thrown [open/src/hotspot/share/prims/jni.cpp, line 520]
Event: 408.469 Thread 0x000000012f919600 Exception <a 'java/io/FileNotFoundException'{0x000000078392a828}> (0x000000078392a828) 
thrown [open/src/hotspot/share/prims/jni.cpp, line 520]
Event: 408.475 Thread 0x000000012f919600 Exception <a 'java/io/FileNotFoundException'{0x0000000783933ea0}> (0x0000000783933ea0) 
thrown [open/src/hotspot/share/prims/jni.cpp, line 520]
Event: 408.480 Thread 0x000000012f919600 Exception <a 'java/io/FileNotFoundException'{0x000000078393d508}> (0x000000078393d508) 
thrown [open/src/hotspot/share/prims/jni.cpp, line 520]
Event: 408.486 Thread 0x000000012f919600 Exception <a 'java/io/FileNotFoundException'{0x00000007839473e8}> (0x00000007839473e8) 
thrown [open/src/hotspot/share/prims/jni.cpp, line 520]
Event: 408.494 Thread 0x000000012f919600 Exception <a 'java/io/FileNotFoundException'{0x0000000787f062b8}> (0x0000000787f062b8) 
thrown [open/src/hotspot/share/prims/jni.cpp, line 520]
Event: 408.498 Thread 0x000000012f919600 Exception <a 'java/io/FileNotFoundException'{0x0000000787f0f920}> (0x0000000787f0f920) 
thrown [open/src/hotspot/share/prims/jni.cpp, line 520]
Event: 409.539 Thread 0x000000012f919600 Exception <a 'java/io/FileNotFoundException'{0x0000000787ba8ce0}> (0x0000000787ba8ce0) 
thrown [open/src/hotspot/share/prims/jni.cpp, line 520]
Event: 409.545 Thread 0x000000012f919600 Exception <a 'java/io/FileNotFoundException'{0x0000000787bb2380}> (0x0000000787bb2380) 
thrown [open/src/hotspot/share/prims/jni.cpp, line 520]
Event: 409.552 Thread 0x000000012f919600 Exception <a 'java/io/FileNotFoundException'{0x0000000787bbba70}> (0x0000000787bbba70) 
thrown [open/src/hotspot/share/prims/jni.cpp, line 520]
Event: 409.561 Thread 0x000000012f919600 Exception <a 'java/io/FileNotFoundException'{0x0000000787bc50e8}> (0x0000000787bc50e8) 
thrown [open/src/hotspot/share/prims/jni.cpp, line 520]
Event: 409.566 Thread 0x000000012f919600 Exception <a 'java/io/FileNotFoundException'{0x0000000787bce750}> (0x0000000787bce750) 
thrown [open/src/hotspot/share/prims/jni.cpp, line 520]
Event: 414.921 Thread 0x000000012f919600 Exception <a 'java/io/FileNotFoundException'{0x0000000785f41ef8}> (0x0000000785f41ef8) 
thrown [open/src/hotspot/share/prims/jni.cpp, line 520]
Event: 414.929 Thread 0x000000012f919600 Exception <a 'java/io/FileNotFoundException'{0x0000000785f4b598}> (0x0000000785f4b598) 
thrown [open/src/hotspot/share/prims/jni.cpp, line 520]
Event: 414.936 Thread 0x000000012f919600 Exception <a 'java/io/FileNotFoundException'{0x0000000785f54c88}> (0x0000000785f54c88) 
thrown [open/src/hotspot/share/prims/jni.cpp, line 520]
Event: 414.942 Thread 0x000000012f919600 Exception <a 'java/io/FileNotFoundException'{0x0000000785f5e300}> (0x0000000785f5e300) 
thrown [open/src/hotspot/share/prims/jni.cpp, line 520]
Event: 414.947 Thread 0x000000012f919600 Exception <a 'java/io/FileNotFoundException'{0x0000000785b89a98}> (0x0000000785b89a98) 
thrown [open/src/hotspot/share/prims/jni.cpp, line 520]

ZGC Phase Switch (0 events):
No events

VM Operations (20 events):
Event: 402.565 Executing VM operation: Cleanup
Event: 402.565 Executing VM operation: Cleanup done
Event: 403.570 Executing VM operation: Cleanup
Event: 403.571 Executing VM operation: Cleanup done
Event: 405.580 Executing VM operation: Cleanup
Event: 405.580 Executing VM operation: Cleanup done
Event: 406.585 Executing VM operation: Cleanup
Event: 406.585 Executing VM operation: Cleanup done
Event: 407.590 Executing VM operation: Cleanup
Event: 407.590 Executing VM operation: Cleanup done
Event: 408.486 Executing VM operation: G1TryInitiateConcMark (G1 Humongous Allocation)
Event: 408.489 Executing VM operation: G1TryInitiateConcMark (G1 Humongous Allocation) done
Event: 410.499 Executing VM operation: Cleanup
Event: 410.499 Executing VM operation: Cleanup done
Event: 414.956 Executing VM operation: CollectForMetadataAllocation (Metadata GC Threshold)
Event: 414.958 Executing VM operation: CollectForMetadataAllocation (Metadata GC Threshold) done
Event: 414.966 Executing VM operation: G1PauseRemark
Event: 414.969 Executing VM operation: G1PauseRemark done
Event: 414.972 Executing VM operation: G1PauseCleanup
Event: 414.972 Executing VM operation: G1PauseCleanup done

Memory protections (20 events):
Event: 328.123 Protecting memory [0x00000001744d0000,0x00000001744dc000] with protection modes 3
Event: 329.206 Protecting memory [0x00000001744d0000,0x00000001744dc000] with protection modes 0
Event: 329.507 Protecting memory [0x00000001744d0000,0x00000001744dc000] with protection modes 3
Event: 329.972 Protecting memory [0x00000001744d0000,0x00000001744dc000] with protection modes 0
Event: 336.290 Protecting memory [0x00000001744d0000,0x00000001744dc000] with protection modes 3
Event: 336.690 Protecting memory [0x00000001744d0000,0x00000001744dc000] with protection modes 0
Event: 340.890 Protecting memory [0x00000001744d0000,0x00000001744dc000] with protection modes 3
Event: 341.256 Protecting memory [0x00000001744d0000,0x00000001744dc000] with protection modes 0
Event: 357.723 Protecting memory [0x00000001744d0000,0x00000001744dc000] with protection modes 3
Event: 358.123 Protecting memory [0x00000001744d0000,0x00000001744dc000] with protection modes 0
Event: 375.824 Protecting memory [0x00000001744d0000,0x00000001744dc000] with protection modes 3
Event: 378.223 Protecting memory [0x00000001744d0000,0x00000001744dc000] with protection modes 0
Event: 379.073 Protecting memory [0x00000001744d0000,0x00000001744dc000] with protection modes 3
Event: 379.173 Protecting memory [0x00000001744d0000,0x00000001744dc000] with protection modes 0
Event: 391.490 Protecting memory [0x00000001744d0000,0x00000001744dc000] with protection modes 3
Event: 391.672 Protecting memory [0x00000001744d0000,0x00000001744dc000] with protection modes 0
Event: 402.689 Protecting memory [0x00000001744d0000,0x00000001744dc000] with protection modes 3
Event: 403.206 Protecting memory [0x00000001744d0000,0x00000001744dc000] with protection modes 0
Event: 405.906 Protecting memory [0x00000001744d0000,0x00000001744dc000] with protection modes 3
Event: 406.589 Protecting memory [0x00000001744d0000,0x00000001744dc000] with protection modes 0

Nmethod flushes (0 events):
No events

Events (20 events):
Event: 328.123 Thread 0x000000011c01d200 Thread exited: 0x000000011c01d200
Event: 329.206 Thread 0x000000012884ec00 Thread added: 0x000000012884ec00
Event: 329.507 Thread 0x000000012884ec00 Thread exited: 0x000000012884ec00
Event: 329.972 Thread 0x000000012884ec00 Thread added: 0x000000012884ec00
Event: 336.290 Thread 0x000000012884ec00 Thread exited: 0x000000012884ec00
Event: 336.690 Thread 0x000000011c85ac00 Thread added: 0x000000011c85ac00
Event: 340.890 Thread 0x000000011c85ac00 Thread exited: 0x000000011c85ac00
Event: 341.256 Thread 0x000000011c021a00 Thread added: 0x000000011c021a00
Event: 357.723 Thread 0x000000011c021a00 Thread exited: 0x000000011c021a00
Event: 358.123 Thread 0x00000001280b9400 Thread added: 0x00000001280b9400
Event: 375.824 Thread 0x00000001280b9400 Thread exited: 0x00000001280b9400
Event: 378.223 Thread 0x000000012884ec00 Thread added: 0x000000012884ec00
Event: 379.073 Thread 0x000000012884ec00 Thread exited: 0x000000012884ec00
Event: 379.173 Thread 0x000000011c85ac00 Thread added: 0x000000011c85ac00
Event: 391.490 Thread 0x000000011c85ac00 Thread exited: 0x000000011c85ac00
Event: 391.672 Thread 0x0000000128011a00 Thread added: 0x0000000128011a00
Event: 402.689 Thread 0x0000000128011a00 Thread exited: 0x0000000128011a00
Event: 403.206 Thread 0x000000012884ec00 Thread added: 0x000000012884ec00
Event: 405.906 Thread 0x000000012884ec00 Thread exited: 0x000000012884ec00
Event: 406.589 Thread 0x000000012884ec00 Thread added: 0x000000012884ec00


Dynamic libraries:
0x00000001003d0000 	/Library/Java/JavaVirtualMachines/jdk-22.jdk/Contents/Home/lib/libjli.dylib
0x00000001ba4f9000 	/System/Library/Frameworks/Cocoa.framework/Versions/A/Cocoa
0x00000001a242f000 	/System/Library/Frameworks/AppKit.framework/Versions/C/AppKit
0x00000001a56e7000 	/System/Library/Frameworks/CoreData.framework/Versions/A/CoreData
0x000000019fa69000 	/System/Library/Frameworks/Foundation.framework/Versions/C/Foundation
0x00000001ac3ed000 	/usr/lib/libSystem.B.dylib
0x00000001a386c000 	/System/Library/PrivateFrameworks/UIFoundation.framework/Versions/A/UIFoundation
0x0000000247567000 	/System/Library/PrivateFrameworks/CollectionViewCore.framework/Versions/A/CollectionViewCore
0x00000001b3679000 	/System/Library/PrivateFrameworks/RemoteViewServices.framework/Versions/A/RemoteViewServices
0x00000001aa073000 	/System/Library/PrivateFrameworks/XCTTargetBootstrap.framework/Versions/A/XCTTargetBootstrap
0x00000001aead3000 	/System/Library/PrivateFrameworks/InternationalSupport.framework/Versions/A/InternationalSupport
0x00000001aeb32000 	/System/Library/PrivateFrameworks/UserActivity.framework/Versions/A/UserActivity
0x0000000272deb000 	/System/Library/PrivateFrameworks/UIIntelligenceSupport.framework/Versions/A/UIIntelligenceSupport
0x000000023d930000 	/System/Library/Frameworks/SwiftUICore.framework/Versions/A/SwiftUICore
0x0000000277d9c000 	/System/Library/PrivateFrameworks/WritingTools.framework/Versions/A/WritingTools
0x0000000276def000 	/System/Library/PrivateFrameworks/WindowManagement.framework/Versions/A/WindowManagement
0x000000019f6c3000 	/System/Library/Frameworks/SystemConfiguration.framework/Versions/A/SystemConfiguration
0x00000001adf1c000 	/usr/lib/libspindump.dylib
0x00000001a3a1e000 	/System/Library/Frameworks/UniformTypeIdentifiers.framework/Versions/A/UniformTypeIdentifiers
0x00000001ab7eb000 	/usr/lib/libbsm.0.dylib
0x00000001a7b35000 	/usr/lib/libapp_launch_measurement.dylib
0x00000001a6f31000 	/System/Library/PrivateFrameworks/CoreAnalytics.framework/Versions/A/CoreAnalytics
0x00000001a7b39000 	/System/Library/PrivateFrameworks/CoreAutoLayout.framework/Versions/A/CoreAutoLayout
0x00000001a96bc000 	/System/Library/Frameworks/Metal.framework/Versions/A/Metal
0x00000001aa8ba000 	/usr/lib/liblangid.dylib
0x00000001aa079000 	/System/Library/PrivateFrameworks/CoreSVG.framework/Versions/A/CoreSVG
0x00000001a443f000 	/System/Library/PrivateFrameworks/SkyLight.framework/Versions/A/SkyLight
0x00000001a496c000 	/System/Library/Frameworks/CoreGraphics.framework/Versions/A/CoreGraphics
0x00000001b3d52000 	/System/Library/Frameworks/Accelerate.framework/Versions/A/Accelerate
0x00000001add4e000 	/System/Library/PrivateFrameworks/IconServices.framework/Versions/A/IconServices
0x00000001a9699000 	/System/Library/Frameworks/IOSurface.framework/Versions/A/IOSurface
0x00000001a6f63000 	/usr/lib/libDiagnosticMessagesClient.dylib
0x00000001ac331000 	/usr/lib/libz.1.dylib
0x00000001b7bde000 	/System/Library/Frameworks/ApplicationServices.framework/Versions/A/ApplicationServices
0x00000001aa05e000 	/System/Library/PrivateFrameworks/DFRFoundation.framework/Versions/A/DFRFoundation
0x00000001a1c99000 	/usr/lib/libicucore.A.dylib
0x00000001afc4c000 	/System/Library/Frameworks/AudioToolbox.framework/Versions/A/AudioToolbox
0x00000001aeae3000 	/System/Library/PrivateFrameworks/DataDetectorsCore.framework/Versions/A/DataDetectorsCore
0x00000001ca179000 	/System/Library/PrivateFrameworks/TextInput.framework/Versions/A/TextInput
0x00000001a438b000 	/usr/lib/libMobileGestalt.dylib
0x00000001a9d56000 	/System/Library/Frameworks/Carbon.framework/Versions/A/Frameworks/HIToolbox.framework/Versions/A/HIToolbox
0x00000001a7434000 	/System/Library/Frameworks/QuartzCore.framework/Versions/A/QuartzCore
0x00000001a18a2000 	/System/Library/Frameworks/Security.framework/Versions/A/Security
0x00000001b36b4000 	/System/Library/Frameworks/Carbon.framework/Versions/A/Frameworks/SpeechRecognition.framework/Versions/A/SpeechRecognition
0x00000001a784e000 	/System/Library/PrivateFrameworks/CoreUI.framework/Versions/A/CoreUI
0x00000001a1156000 	/System/Library/Frameworks/CoreAudio.framework/Versions/A/CoreAudio
0x00000001a704f000 	/System/Library/Frameworks/DiskArbitration.framework/Versions/A/DiskArbitration
0x00000001ae38f000 	/System/Library/PrivateFrameworks/MultitouchSupport.framework/Versions/A/MultitouchSupport
0x00000001a4389000 	/usr/lib/libenergytrace.dylib
0x00000001beb61000 	/System/Library/PrivateFrameworks/RenderBox.framework/Versions/A/RenderBox
0x00000001a22df000 	/System/Library/Frameworks/IOKit.framework/Versions/A/IOKit
0x00000001b3aa8000 	/System/Library/Frameworks/CoreServices.framework/Versions/A/CoreServices
0x00000001a7ac6000 	/System/Library/PrivateFrameworks/PerformanceAnalysis.framework/Versions/A/PerformanceAnalysis
0x00000001fb6e9000 	/System/Library/Frameworks/OpenGL.framework/Versions/A/OpenGL
0x00000001a7b83000 	/usr/lib/libxml2.2.dylib
0x00000001ab6d0000 	/System/Library/PrivateFrameworks/MobileKeyBag.framework/Versions/A/MobileKeyBag
0x000000019e434000 	/usr/lib/libobjc.A.dylib
0x000000019e721000 	/usr/lib/libc++.1.dylib
0x00000001b3a28000 	/System/Library/Frameworks/Accessibility.framework/Versions/A/Accessibility
0x00000001a508b000 	/System/Library/Frameworks/ColorSync.framework/Versions/A/ColorSync
0x000000019e877000 	/System/Library/Frameworks/CoreFoundation.framework/Versions/A/CoreFoundation
0x00000001aa437000 	/System/Library/Frameworks/CoreImage.framework/Versions/A/CoreImage
0x00000001a0f46000 	/System/Library/Frameworks/CoreText.framework/Versions/A/CoreText
0x00000001fcc50000 	/System/Library/Frameworks/CoreTransferable.framework/Versions/A/CoreTransferable
0x00000001fd1ef000 	/System/Library/Frameworks/DeveloperToolsSupport.framework/Versions/A/DeveloperToolsSupport
0x00000001aa0b5000 	/System/Library/Frameworks/ImageIO.framework/Versions/A/ImageIO
0x000000023e54a000 	/System/Library/Frameworks/Symbols.framework/Versions/A/Symbols
0x00000001ac3f2000 	/System/Library/PrivateFrameworks/SoftLinking.framework/Versions/A/SoftLinking
0x00000001dbfee000 	/usr/lib/swift/libswiftAccelerate.dylib
0x00000001af5ad000 	/usr/lib/swift/libswiftCore.dylib
0x00000001c68fa000 	/usr/lib/swift/libswiftCoreFoundation.dylib
0x00000001c6957000 	/usr/lib/swift/libswiftCoreImage.dylib
0x00000001c40a6000 	/usr/lib/swift/libswiftDarwin.dylib
0x00000001b5562000 	/usr/lib/swift/libswiftDispatch.dylib
0x00000001c6958000 	/usr/lib/swift/libswiftIOKit.dylib
0x00000001d3185000 	/usr/lib/swift/libswiftMetal.dylib
0x00000001e1483000 	/usr/lib/swift/libswiftOSLog.dylib
0x00000001b8149000 	/usr/lib/swift/libswiftObjectiveC.dylib
0x000000027ef84000 	/usr/lib/swift/libswiftObservation.dylib
0x00000001d7ab0000 	/usr/lib/swift/libswiftQuartzCore.dylib
0x00000001dbfdf000 	/usr/lib/swift/libswiftUniformTypeIdentifiers.dylib
0x00000001c690c000 	/usr/lib/swift/libswiftXPC.dylib
0x000000027f07a000 	/usr/lib/swift/libswift_Builtin_float.dylib
0x000000027f07f000 	/usr/lib/swift/libswift_Concurrency.dylib
0x000000027f1e7000 	/usr/lib/swift/libswift_StringProcessing.dylib
0x000000027f29a000 	/usr/lib/swift/libswift_errno.dylib
0x000000027f29c000 	/usr/lib/swift/libswift_math.dylib
0x000000027f29f000 	/usr/lib/swift/libswift_signal.dylib
0x000000027f2a0000 	/usr/lib/swift/libswift_stdio.dylib
0x000000027f2a1000 	/usr/lib/swift/libswift_time.dylib
0x00000001b814d000 	/usr/lib/swift/libswiftos.dylib
0x00000001ca0d0000 	/usr/lib/swift/libswiftsimd.dylib
0x000000027f2a2000 	/usr/lib/swift/libswiftsys_time.dylib
0x000000027f2a3000 	/usr/lib/swift/libswiftunistd.dylib
0x00000001ac59e000 	/usr/lib/libcompression.dylib
0x00000001aea2b000 	/System/Library/PrivateFrameworks/TextureIO.framework/Versions/A/TextureIO
0x00000001ad9df000 	/usr/lib/libate.dylib
0x00000001ac3e7000 	/usr/lib/system/libcache.dylib
0x00000001ac3a0000 	/usr/lib/system/libcommonCrypto.dylib
0x00000001ac3cd000 	/usr/lib/system/libcompiler_rt.dylib
0x00000001ac3c2000 	/usr/lib/system/libcopyfile.dylib
0x000000019e573000 	/usr/lib/system/libcorecrypto.dylib
0x000000019e655000 	/usr/lib/system/libdispatch.dylib
0x000000019e812000 	/usr/lib/system/libdyld.dylib
0x00000001ac3dd000 	/usr/lib/system/libkeymgr.dylib
0x00000001ac37f000 	/usr/lib/system/libmacho.dylib
0x00000001ab7c4000 	/usr/lib/system/libquarantine.dylib
0x00000001ac3da000 	/usr/lib/system/libremovefile.dylib
0x00000001a4404000 	/usr/lib/system/libsystem_asl.dylib
0x000000019e508000 	/usr/lib/system/libsystem_blocks.dylib
0x000000019e69f000 	/usr/lib/system/libsystem_c.dylib
0x00000001ac3d1000 	/usr/lib/system/libsystem_collections.dylib
0x00000001aa8a7000 	/usr/lib/system/libsystem_configuration.dylib
0x00000001a966a000 	/usr/lib/system/libsystem_containermanager.dylib
0x00000001abed3000 	/usr/lib/system/libsystem_coreservices.dylib
0x00000001a1f5d000 	/usr/lib/system/libsystem_darwin.dylib
0x000000027f3e6000 	/usr/lib/system/libsystem_darwindirectory.dylib
0x00000001ac3de000 	/usr/lib/system/libsystem_dnssd.dylib
0x000000027f3ea000 	/usr/lib/system/libsystem_eligibility.dylib
0x000000019e69c000 	/usr/lib/system/libsystem_featureflags.dylib
0x000000019e847000 	/usr/lib/system/libsystem_info.dylib
0x00000001ac340000 	/usr/lib/system/libsystem_m.dylib
0x000000019e613000 	/usr/lib/system/libsystem_malloc.dylib
0x00000001a436e000 	/usr/lib/system/libsystem_networkextension.dylib
0x00000001a23c0000 	/usr/lib/system/libsystem_notify.dylib
0x00000001aa8ac000 	/usr/lib/system/libsystem_sandbox.dylib
0x000000027f3f1000 	/usr/lib/system/libsystem_sanitizers.dylib
0x00000001ac3d6000 	/usr/lib/system/libsystem_secinit.dylib
0x000000019e7ca000 	/usr/lib/system/libsystem_kernel.dylib
0x000000019e83f000 	/usr/lib/system/libsystem_platform.dylib
0x000000019e805000 	/usr/lib/system/libsystem_pthread.dylib
0x00000001a5f0d000 	/usr/lib/system/libsystem_symptoms.dylib
0x000000019e557000 	/usr/lib/system/libsystem_trace.dylib
0x00000001ac3ae000 	/usr/lib/system/libunwind.dylib
0x000000019e50c000 	/usr/lib/system/libxpc.dylib
0x000000019e7af000 	/usr/lib/libc++abi.dylib
0x00000001ac3ba000 	/usr/lib/liboah.dylib
0x00000001a225e000 	/System/Library/PrivateFrameworks/CoreServicesInternal.framework/Versions/A/CoreServicesInternal
0x00000001ac3ef000 	/usr/lib/libfakelink.dylib
0x00000001b768f000 	/System/Library/PrivateFrameworks/DiskImages.framework/Versions/A/DiskImages
0x00000001c3bd3000 	/System/Library/Frameworks/NetFS.framework/Versions/A/NetFS
0x00000001a3fa5000 	/System/Library/Frameworks/CFNetwork.framework/Versions/A/CFNetwork
0x00000001a7afd000 	/System/Library/Frameworks/CoreServices.framework/Versions/A/Frameworks/FSEvents.framework/Versions/A/FSEvents
0x00000001a1f68000 	/System/Library/Frameworks/CoreServices.framework/Versions/A/Frameworks/CarbonCore.framework/Versions/A/CarbonCore
0x00000001a6fc5000 	/System/Library/Frameworks/CoreServices.framework/Versions/A/Frameworks/Metadata.framework/Versions/A/Metadata
0x00000001abeda000 	/System/Library/Frameworks/CoreServices.framework/Versions/A/Frameworks/OSServices.framework/Versions/A/OSServices
0x00000001ac4cd000 	/System/Library/Frameworks/CoreServices.framework/Versions/A/Frameworks/SearchKit.framework/Versions/A/SearchKit
0x00000001a5e87000 	/System/Library/Frameworks/CoreServices.framework/Versions/A/Frameworks/AE.framework/Versions/A/AE
0x000000019ed6c000 	/System/Library/Frameworks/CoreServices.framework/Versions/A/Frameworks/LaunchServices.framework/Versions/A/LaunchServices
0x00000001ad831000 	/System/Library/Frameworks/CoreServices.framework/Versions/A/Frameworks/DictionaryServices.framework/Versions/A/DictionaryServices
0x00000001a7b0b000 	/System/Library/Frameworks/CoreServices.framework/Versions/A/Frameworks/SharedFileList.framework/Versions/A/SharedFileList
0x00000001ac568000 	/usr/lib/libapple_nghttp2.dylib
0x00000001a5aef000 	/usr/lib/libsqlite3.dylib
0x00000001b02b8000 	/System/Library/Frameworks/GSS.framework/Versions/A/GSS
0x00000001a5e20000 	/System/Library/PrivateFrameworks/RunningBoardServices.framework/Versions/A/RunningBoardServices
0x00000001a5f16000 	/System/Library/Frameworks/Network.framework/Versions/A/Network
0x00000001ac383000 	/usr/lib/system/libkxld.dylib
0x000000027e3b8000 	/usr/lib/libCoreEntitlements.dylib
0x000000025cbac000 	/System/Library/PrivateFrameworks/MessageSecurity.framework/Versions/A/MessageSecurity
0x00000001a5ad5000 	/System/Library/PrivateFrameworks/ProtocolBuffer.framework/Versions/A/ProtocolBuffer
0x00000001abebb000 	/System/Library/PrivateFrameworks/AppleFSCompression.framework/Versions/A/AppleFSCompression
0x00000001ab7d3000 	/usr/lib/libcoretls.dylib
0x00000001ad8a8000 	/usr/lib/libcoretls_cfhelpers.dylib
0x00000001ac598000 	/usr/lib/libpam.2.dylib
0x00000001ad91b000 	/usr/lib/libxar.1.dylib
0x00000001ac444000 	/usr/lib/libarchive.2.dylib
0x00000001b19a9000 	/System/Library/Frameworks/Combine.framework/Versions/A/Combine
0x000000024758b000 	/System/Library/PrivateFrameworks/CollectionsInternal.framework/Versions/A/CollectionsInternal
0x0000000264aaf000 	/System/Library/PrivateFrameworks/ReflectionInternal.framework/Versions/A/ReflectionInternal
0x0000000265747000 	/System/Library/PrivateFrameworks/RuntimeInternal.framework/Versions/A/RuntimeInternal
0x000000027f001000 	/usr/lib/swift/libswiftSystem.dylib
0x00000001aa8b5000 	/System/Library/PrivateFrameworks/AppleSystemInfo.framework/Versions/A/AppleSystemInfo
0x00000001c67ed000 	/System/Library/PrivateFrameworks/LoggingSupport.framework/Versions/A/LoggingSupport
0x00000001a7d0d000 	/System/Library/PrivateFrameworks/UserManagement.framework/Versions/A/UserManagement
0x00000001a3eda000 	/usr/lib/libboringssl.dylib
0x00000001a5efc000 	/usr/lib/libdns_services.dylib
0x00000001c59dc000 	/usr/lib/libquic.dylib
0x00000001af53d000 	/usr/lib/libusrtcp.dylib
0x00000001e8b0c000 	/System/Library/PrivateFrameworks/InternalSwiftProtobuf.framework/Versions/A/InternalSwiftProtobuf
0x000000027ef4c000 	/usr/lib/swift/libswiftDistributed.dylib
0x00000001a3fa4000 	/usr/lib/libnetwork.dylib
0x00000001ac542000 	/System/Library/PrivateFrameworks/AppleSauce.framework/Versions/A/AppleSauce
0x000000019f560000 	/System/Library/PrivateFrameworks/Lexicon.framework/Versions/A/Lexicon
0x00000002569cd000 	/System/Library/PrivateFrameworks/IO80211.framework/Versions/A/IO80211
0x00000001b5801000 	/System/Library/PrivateFrameworks/FrontBoardServices.framework/Versions/A/FrontBoardServices
0x00000001ab6fb000 	/System/Library/Frameworks/SecurityFoundation.framework/Versions/A/SecurityFoundation
0x00000001aa9dc000 	/System/Library/PrivateFrameworks/LinguisticData.framework/Versions/A/LinguisticData
0x00000001ab4cf000 	/System/Library/PrivateFrameworks/IOMobileFramebuffer.framework/Versions/A/IOMobileFramebuffer
0x00000001a5d3b000 	/System/Library/PrivateFrameworks/BaseBoard.framework/Versions/A/BaseBoard
0x00000001b58cd000 	/System/Library/PrivateFrameworks/BoardServices.framework/Versions/A/BoardServices
0x00000001ab6ed000 	/System/Library/PrivateFrameworks/AssertionServices.framework/Versions/A/AssertionServices
0x00000001b74cb000 	/System/Library/PrivateFrameworks/BackBoardServices.framework/Versions/A/BackBoardServices
0x00000001a9ac9000 	/System/Library/PrivateFrameworks/FontServices.framework/libFontParser.dylib
0x00000001a441d000 	/System/Library/PrivateFrameworks/TCC.framework/Versions/A/TCC
0x00000001baf70000 	/System/Library/PrivateFrameworks/IOSurfaceAccelerator.framework/Versions/A/IOSurfaceAccelerator
0x00000001ae38d000 	/System/Library/PrivateFrameworks/WatchdogClient.framework/Versions/A/WatchdogClient
0x00000001a0a73000 	/System/Library/Frameworks/CoreDisplay.framework/Versions/A/CoreDisplay
0x00000001a995e000 	/System/Library/Frameworks/CoreMedia.framework/Versions/A/CoreMedia
0x00000001a96b2000 	/System/Library/PrivateFrameworks/IOAccelerator.framework/Versions/A/IOAccelerator
0x00000001a7c6d000 	/System/Library/Frameworks/CoreVideo.framework/Versions/A/CoreVideo
0x00000001ac596000 	/System/Library/Frameworks/MetalPerformanceShaders.framework/Versions/A/MetalPerformanceShaders
0x0000000263fd7000 	/System/Library/PrivateFrameworks/ProDisplayLibrary.framework/Versions/A/ProDisplayLibrary
0x00000001ae3d4000 	/System/Library/Frameworks/VideoToolbox.framework/Versions/A/VideoToolbox
0x00000001aa8b3000 	/System/Library/PrivateFrameworks/AggregateDictionary.framework/Versions/A/AggregateDictionary
0x00000001ad8aa000 	/System/Library/PrivateFrameworks/APFS.framework/Versions/A/APFS
0x0000000243d14000 	/System/Library/PrivateFrameworks/AppleKeyStore.framework/Versions/A/AppleKeyStore
0x00000001ad92a000 	/usr/lib/libutil.dylib
0x00000001ad889000 	/usr/lib/liblzma.5.dylib
0x00000001a7058000 	/System/Library/Frameworks/Accelerate.framework/Versions/A/Frameworks/vImage.framework/Versions/A/vImage
0x00000001b3a83000 	/System/Library/Frameworks/Accelerate.framework/Versions/A/Frameworks/vecLib.framework/Versions/A/vecLib
0x00000001ad962000 	/System/Library/Frameworks/Accelerate.framework/Versions/A/Frameworks/vecLib.framework/Versions/A/libvMisc.dylib
0x000000019f1d0000 	/System/Library/Frameworks/Accelerate.framework/Versions/A/Frameworks/vecLib.framework/Versions/A/libBLAS.dylib
0x00000001afe94000 	/System/Library/Frameworks/ApplicationServices.framework/Versions/A/Frameworks/ATS.framework/Versions/A/ATS
0x00000001a5243000 	/System/Library/Frameworks/ApplicationServices.framework/Versions/A/Frameworks/HIServices.framework/Versions/A/HIServices
0x00000001ae9b3000 	/System/Library/Frameworks/ApplicationServices.framework/Versions/A/Frameworks/PrintCore.framework/Versions/A/PrintCore
0x00000001b0280000 	/System/Library/Frameworks/ApplicationServices.framework/Versions/A/Frameworks/QD.framework/Versions/A/QD
0x00000001b0277000 	/System/Library/Frameworks/ApplicationServices.framework/Versions/A/Frameworks/ColorSyncLegacy.framework/Versions/A/ColorSyncLegacy
0x00000001afe66000 	/System/Library/Frameworks/ApplicationServices.framework/Versions/A/Frameworks/SpeechSynthesis.framework/Versions/A/SpeechSynthesis
0x00000001ab49c000 	/System/Library/PrivateFrameworks/CoreEmoji.framework/Versions/A/CoreEmoji
0x000000024e02a000 	/System/Library/PrivateFrameworks/FontServices.framework/Versions/A/FontServices
0x00000001adec6000 	/System/Library/PrivateFrameworks/OTSVG.framework/Versions/A/OTSVG
0x00000001a77fc000 	/System/Library/Frameworks/ApplicationServices.framework/Versions/A/Frameworks/ATS.framework/Versions/A/Resources/libFontRegistry.dylib
0x00000001adf10000 	/System/Library/PrivateFrameworks/FontServices.framework/libhvf.dylib
0x000000026003a000 	/System/Library/PrivateFrameworks/ParsingInternal.framework/Versions/A/ParsingInternal
0x000000027efa3000 	/usr/lib/swift/libswiftRegexBuilder.dylib
0x000000027f140000 	/usr/lib/swift/libswift_RegexParser.dylib
0x00000001ae254000 	/System/Library/PrivateFrameworks/AppleJPEG.framework/Versions/A/AppleJPEG
0x00000001adcdb000 	/usr/lib/libexpat.1.dylib
0x00000001ae888000 	/System/Library/Frameworks/ImageIO.framework/Versions/A/Resources/libPng.dylib
0x00000001ae8b3000 	/System/Library/Frameworks/ImageIO.framework/Versions/A/Resources/libTIFF.dylib
0x00000001ae99e000 	/System/Library/Frameworks/ImageIO.framework/Versions/A/Resources/libGIF.dylib
0x00000001ae29a000 	/System/Library/Frameworks/ImageIO.framework/Versions/A/Resources/libJP2.dylib
0x00000001ae944000 	/System/Library/Frameworks/ImageIO.framework/Versions/A/Resources/libJPEG.dylib
0x00000001ae93b000 	/System/Library/Frameworks/ImageIO.framework/Versions/A/Resources/libRadiance.dylib
0x0000000252df2000 	/System/Library/PrivateFrameworks/GPUCompiler.framework/Versions/32023/Libraries/libllvm-flatbuffers.dylib
0x000000024e0f0000 	/System/Library/PrivateFrameworks/FramePacing.framework/Versions/A/FramePacing
0x00000001fb6db000 	/System/Library/Frameworks/OpenGL.framework/Versions/A/Libraries/libCoreFSCache.dylib
0x000000024ec9b000 	/System/Library/PrivateFrameworks/GPUCompiler.framework/Versions/32023/Libraries/libGPUCompilerUtils.dylib
0x000000024e02b000 	/System/Library/PrivateFrameworks/FontServices.framework/libXTFontStaticRegistryData.dylib
0x00000001b9286000 	/System/Library/PrivateFrameworks/ASEProcessing.framework/Versions/A/ASEProcessing
0x00000001e4c19000 	/System/Library/PrivateFrameworks/Symbolication.framework/Versions/A/Symbolication
0x00000002631ed000 	/System/Library/PrivateFrameworks/PhotosensitivityProcessing.framework/Versions/A/PhotosensitivityProcessing
0x00000001adeba000 	/System/Library/PrivateFrameworks/GraphVisualizer.framework/Versions/A/GraphVisualizer
0x00000001fb73b000 	/System/Library/Frameworks/OpenGL.framework/Versions/A/Libraries/libGLU.dylib
0x00000001fb6fd000 	/System/Library/Frameworks/OpenGL.framework/Versions/A/Libraries/libGFXShared.dylib
0x00000001fb8ce000 	/System/Library/Frameworks/OpenGL.framework/Versions/A/Libraries/libGL.dylib
0x00000001fb706000 	/System/Library/Frameworks/OpenGL.framework/Versions/A/Libraries/libGLImage.dylib
0x00000001fb6fa000 	/System/Library/Frameworks/OpenGL.framework/Versions/A/Libraries/libCVMSPluginSupport.dylib
0x000000027e55c000 	/usr/lib/libRosetta.dylib
0x00000001fb6e3000 	/System/Library/Frameworks/OpenGL.framework/Versions/A/Libraries/libCoreVMClient.dylib
0x00000001aa7f5000 	/System/Library/Frameworks/MetalPerformanceShaders.framework/Versions/A/Frameworks/MPSCore.framework/Versions/A/MPSCore
0x00000001abe27000 	/System/Library/Frameworks/MetalPerformanceShaders.framework/Versions/A/Frameworks/MPSImage.framework/Versions/A/MPSImage
0x00000001ab876000 	/System/Library/Frameworks/MetalPerformanceShaders.framework/Versions/A/Frameworks/MPSNeuralNetwork.framework/Versions/A/MPSNeuralNetwork
0x00000001abcac000 	/System/Library/Frameworks/MetalPerformanceShaders.framework/Versions/A/Frameworks/MPSMatrix.framework/Versions/A/MPSMatrix
0x00000001abac4000 	/System/Library/Frameworks/MetalPerformanceShaders.framework/Versions/A/Frameworks/MPSRayIntersector.framework/Versions/A/MPSRayIntersector
0x00000001abcde000 	/System/Library/Frameworks/MetalPerformanceShaders.framework/Versions/A/Frameworks/MPSNDArray.framework/Versions/A/MPSNDArray
0x00000001ff4b3000 	/System/Library/Frameworks/MetalPerformanceShaders.framework/Versions/A/Frameworks/MPSFunctions.framework/Versions/A/MPSFunctions
0x00000001ff497000 	/System/Library/Frameworks/MetalPerformanceShaders.framework/Versions/A/Frameworks/MPSBenchmarkLoop.framework/Versions/A/MPSBenchmarkLoop
0x000000019f054000 	/System/Library/PrivateFrameworks/MetalTools.framework/Versions/A/MetalTools
0x00000001cb43a000 	/System/Library/PrivateFrameworks/IOAccelMemoryInfo.framework/Versions/A/IOAccelMemoryInfo
0x00000001d7eac000 	/System/Library/PrivateFrameworks/kperf.framework/Versions/A/kperf
0x00000001c68d1000 	/System/Library/PrivateFrameworks/GPURawCounter.framework/Versions/A/GPURawCounter
0x00000001b5d14000 	/System/Library/PrivateFrameworks/CoreSymbolication.framework/Versions/A/CoreSymbolication
0x00000001c686b000 	/System/Library/PrivateFrameworks/MallocStackLogging.framework/Versions/A/MallocStackLogging
0x00000001ada79000 	/System/Library/PrivateFrameworks/CrashReporterSupport.framework/Versions/A/CrashReporterSupport
0x00000001b5cce000 	/System/Library/PrivateFrameworks/DebugSymbols.framework/Versions/A/DebugSymbols
0x00000001d7144000 	/System/Library/PrivateFrameworks/OSAnalytics.framework/Versions/A/OSAnalytics
0x00000001ae96f000 	/System/Library/Frameworks/ApplicationServices.framework/Versions/A/Frameworks/ATSUI.framework/Versions/A/ATSUI
0x00000001b020a000 	/usr/lib/libcups.2.dylib
0x00000001b02a6000 	/System/Library/Frameworks/Kerberos.framework/Versions/A/Kerberos
0x00000001aff13000 	/usr/lib/libresolv.9.dylib
0x00000001ac429000 	/usr/lib/libiconv.2.dylib
0x00000001adf23000 	/System/Library/PrivateFrameworks/Heimdal.framework/Versions/A/Heimdal
0x00000001b80a4000 	/System/Library/Frameworks/Kerberos.framework/Versions/A/Libraries/libHeimdalProxy.dylib
0x00000001adcf6000 	/usr/lib/libheimdal-asn1.dylib
0x00000001a7ad0000 	/System/Library/Frameworks/OpenDirectory.framework/Versions/A/OpenDirectory
0x00000001b0313000 	/System/Library/PrivateFrameworks/CommonAuth.framework/Versions/A/CommonAuth
0x00000001a7ade000 	/System/Library/Frameworks/OpenDirectory.framework/Versions/A/Frameworks/CFOpenDirectory.framework/Versions/A/CFOpenDirectory
0x00000001ac37e000 	/usr/lib/libcharset.1.dylib
0x00000001fbc6e000 	/System/Library/Frameworks/AVFAudio.framework/Versions/A/AVFAudio
0x00000001c0a27000 	/System/Library/PrivateFrameworks/AXCoreUtilities.framework/Versions/A/AXCoreUtilities
0x00000002597ec000 	/System/Library/PrivateFrameworks/IsolatedCoreAudioClient.framework/Versions/A/IsolatedCoreAudioClient
0x00000001afe4d000 	/usr/lib/libAudioStatistics.dylib
0x00000001a9936000 	/System/Library/PrivateFrameworks/caulk.framework/Versions/A/caulk
0x00000001a0b94000 	/System/Library/PrivateFrameworks/AudioToolboxCore.framework/Versions/A/AudioToolboxCore
0x00000001ba330000 	/System/Library/Frameworks/CoreMIDI.framework/Versions/A/CoreMIDI
0x00000001afdf0000 	/System/Library/PrivateFrameworks/AudioSession.framework/Versions/A/AudioSession
0x00000001b1719000 	/System/Library/Frameworks/IOBluetooth.framework/Versions/A/IOBluetooth
0x00000001adde0000 	/System/Library/PrivateFrameworks/MediaExperience.framework/Versions/A/MediaExperience
0x0000000271038000 	/System/Library/PrivateFrameworks/Tightbeam.framework/Versions/A/Tightbeam
0x00000001dc6b2000 	/System/Library/PrivateFrameworks/AFKUser.framework/Versions/A/AFKUser
0x00000001adf06000 	/System/Library/PrivateFrameworks/AppServerSupport.framework/Versions/A/AppServerSupport
0x00000001b028a000 	/System/Library/PrivateFrameworks/perfdata.framework/Versions/A/perfdata
0x00000001c5ad3000 	/System/Library/PrivateFrameworks/SystemPolicy.framework/Versions/A/SystemPolicy
0x00000001b0129000 	/usr/lib/libSMC.dylib
0x00000001ae852000 	/usr/lib/libAudioToolboxUtility.dylib
0x00000001b0298000 	/usr/lib/libperfcheck.dylib
0x00000002442f9000 	/System/Library/PrivateFrameworks/AudioAnalytics.framework/Versions/A/AudioAnalytics
0x00000001efc3e000 	/System/Library/PrivateFrameworks/FeatureFlags.framework/Versions/A/FeatureFlags
0x00000001e88d8000 	/System/Library/Frameworks/OSLog.framework/Versions/A/OSLog
0x00000001abec7000 	/usr/lib/libbz2.1.0.dylib
0x00000001c689d000 	/usr/lib/libmis.dylib
0x00000001afc03000 	/System/Library/PrivateFrameworks/AudioSession.framework/libSessionUtility.dylib
0x00000001ae9a4000 	/System/Library/PrivateFrameworks/CMCaptureCore.framework/Versions/A/CMCaptureCore
0x00000001fd33e000 	/System/Library/Frameworks/ExtensionFoundation.framework/Versions/A/ExtensionFoundation
0x00000001b5e28000 	/System/Library/PrivateFrameworks/CoreTime.framework/Versions/A/CoreTime
0x00000001adbd8000 	/System/Library/PrivateFrameworks/PlugInKit.framework/Versions/A/PlugInKit
0x00000001b4a5d000 	/System/Library/PrivateFrameworks/PowerLog.framework/Versions/A/PowerLog
0x00000001b496c000 	/System/Library/Frameworks/CoreBluetooth.framework/Versions/A/CoreBluetooth
0x00000001b80a5000 	/System/Library/Frameworks/AudioUnit.framework/Versions/A/AudioUnit
0x00000001ab55f000 	/System/Library/PrivateFrameworks/CoreUtils.framework/Versions/A/CoreUtils
0x000000024aef2000 	/System/Library/PrivateFrameworks/CoreUtilsExtras.framework/Versions/A/CoreUtilsExtras
0x00000001b3da1000 	/System/Library/Frameworks/MediaAccessibility.framework/Versions/A/MediaAccessibility
0x00000001cecf1000 	/System/Library/PrivateFrameworks/AttributeGraph.framework/Versions/A/AttributeGraph
0x000000027e1fc000 	/usr/lib/libAXSafeCategoryBundle.dylib
0x00000001c0ae4000 	/usr/lib/libAccessibility.dylib
0x00000001ab3a9000 	/System/Library/Frameworks/Accelerate.framework/Versions/A/Frameworks/vecLib.framework/Versions/A/libvDSP.dylib
0x00000001ac674000 	/System/Library/Frameworks/Accelerate.framework/Versions/A/Frameworks/vecLib.framework/Versions/A/libLAPACK.dylib
0x00000001ab861000 	/System/Library/Frameworks/Accelerate.framework/Versions/A/Frameworks/vecLib.framework/Versions/A/libLinearAlgebra.dylib
0x00000001ac583000 	/System/Library/Frameworks/Accelerate.framework/Versions/A/Frameworks/vecLib.framework/Versions/A/libSparseBLAS.dylib
0x00000001ac66f000 	/System/Library/Frameworks/Accelerate.framework/Versions/A/Frameworks/vecLib.framework/Versions/A/libQuadrature.dylib
0x00000001aa9e3000 	/System/Library/Frameworks/Accelerate.framework/Versions/A/Frameworks/vecLib.framework/Versions/A/libBNNS.dylib
0x000000019f662000 	/System/Library/Frameworks/Accelerate.framework/Versions/A/Frameworks/vecLib.framework/Versions/A/libSparse.dylib
0x000000025ad4f000 	/System/Library/PrivateFrameworks/MIL.framework/Versions/A/MIL
0x00000001ae936000 	/System/Library/PrivateFrameworks/GPUWrangler.framework/Versions/A/GPUWrangler
0x00000001ae916000 	/System/Library/PrivateFrameworks/IOPresentment.framework/Versions/A/IOPresentment
0x00000001ae93e000 	/System/Library/PrivateFrameworks/DSExternalDisplay.framework/Versions/A/DSExternalDisplay
0x00000001e8ce5000 	/System/Library/PrivateFrameworks/HIDDisplay.framework/Versions/A/HIDDisplay
0x00000001bf7f8000 	/System/Library/PrivateFrameworks/HID.framework/Versions/A/HID
0x000000027485a000 	/System/Library/PrivateFrameworks/VideoToolboxParavirtualizationSupport.framework/Versions/A/VideoToolboxParavirtualizationSupport
0x00000001adc91000 	/System/Library/PrivateFrameworks/AppleVA.framework/Versions/A/AppleVA
0x00000001b5977000 	/System/Library/PrivateFrameworks/GraphicsServices.framework/Versions/A/GraphicsServices
0x00000001b0480000 	/System/Library/PrivateFrameworks/CorePhoneNumbers.framework/Versions/A/CorePhoneNumbers
0x00000001b4b4d000 	/System/Library/PrivateFrameworks/MediaKit.framework/Versions/A/MediaKit
0x00000001b4a98000 	/System/Library/Frameworks/DiscRecording.framework/Versions/A/DiscRecording
0x00000001b026a000 	/System/Library/PrivateFrameworks/NetAuth.framework/Versions/A/NetAuth
0x00000001a7cce000 	/System/Library/PrivateFrameworks/login.framework/Versions/A/Frameworks/loginsupport.framework/Versions/A/loginsupport
0x00000001add01000 	/System/Library/PrivateFrameworks/IconFoundation.framework/Versions/A/IconFoundation
0x00000001ada70000 	/usr/lib/libIOReport.dylib
0x0000000243f14000 	/System/Library/PrivateFrameworks/AppleMobileFileIntegrity.framework/Versions/A/AppleMobileFileIntegrity
0x000000027e5a2000 	/usr/lib/libTLE.dylib
0x00000001f8649000 	/System/Library/PrivateFrameworks/ConfigProfileHelper.framework/Versions/A/ConfigProfileHelper
0x00000001ab7fd000 	/usr/lib/libmecab.dylib
0x000000019f757000 	/usr/lib/libCRFSuite.dylib
0x00000001aa8bc000 	/System/Library/PrivateFrameworks/CoreNLP.framework/Versions/A/CoreNLP
0x00000001ab85e000 	/usr/lib/libgermantok.dylib
0x00000001ac539000 	/usr/lib/libThaiTokenizer.dylib
0x00000001ab7c7000 	/usr/lib/libCheckFix.dylib
0x00000001a6f65000 	/System/Library/PrivateFrameworks/MetadataUtilities.framework/Versions/A/MetadataUtilities
0x0000000256c16000 	/System/Library/PrivateFrameworks/InstalledContentLibrary.framework/Versions/A/InstalledContentLibrary
0x00000001a229e000 	/System/Library/PrivateFrameworks/CoreServicesStore.framework/Versions/A/CoreServicesStore
0x00000001d7fb8000 	/System/Library/PrivateFrameworks/MobileSystemServices.framework/Versions/A/MobileSystemServices
0x00000001ad92e000 	/usr/lib/libxslt.1.dylib
0x00000001ab789000 	/System/Library/PrivateFrameworks/BackgroundTaskManagement.framework/Versions/A/BackgroundTaskManagement
0x00000001b7851000 	/usr/lib/libcurl.4.dylib
0x000000027e7db000 	/usr/lib/libcrypto.46.dylib
0x000000027ed28000 	/usr/lib/libssl.48.dylib
0x00000001b7525000 	/System/Library/Frameworks/LDAP.framework/Versions/A/LDAP
0x00000001b7561000 	/System/Library/PrivateFrameworks/TrustEvaluationAgent.framework/Versions/A/TrustEvaluationAgent
0x00000001aff2c000 	/usr/lib/libsasl2.2.dylib
0x00000001c40a5000 	/usr/lib/swift/libswiftCoreGraphics.dylib
0x00000001b43db000 	/usr/lib/swift/libswiftFoundation.dylib
0x00000001f8100000 	/usr/lib/swift/libswiftSwiftOnoneSupport.dylib
0x00000001e53ae000 	/System/Library/PrivateFrameworks/CoreMaterial.framework/Versions/A/CoreMaterial
0x000000026583a000 	/System/Library/PrivateFrameworks/SFSymbols.framework/Versions/A/SFSymbols
0x00000001b36a1000 	/System/Library/PrivateFrameworks/SpeechRecognitionCore.framework/Versions/A/SpeechRecognitionCore
0x00000001015e0000 	/Library/Java/JavaVirtualMachines/jdk-22.jdk/Contents/Home/lib/server/libjvm.dylib
0x0000000100438000 	/Library/Java/JavaVirtualMachines/jdk-22.jdk/Contents/Home/lib/libjimage.dylib
0x0000000100464000 	/Library/Java/JavaVirtualMachines/jdk-22.jdk/Contents/Home/lib/libinstrument.dylib
0x00000001004ac000 	/Library/Java/JavaVirtualMachines/jdk-22.jdk/Contents/Home/lib/libjava.dylib
0x0000000100fa8000 	/Library/Java/JavaVirtualMachines/jdk-22.jdk/Contents/Home/lib/libnio.dylib
0x0000000100fc8000 	/Library/Java/JavaVirtualMachines/jdk-22.jdk/Contents/Home/lib/libnet.dylib
0x0000000101428000 	/Library/Java/JavaVirtualMachines/jdk-22.jdk/Contents/Home/lib/libzip.dylib
0x0000000100fe0000 	/Library/Java/JavaVirtualMachines/jdk-22.jdk/Contents/Home/lib/libextnet.dylib
0x0000000101400000 	/Users/jatindergill/Desktop/BCIT/Semester2/Comp-2522-OOPs /javafx/javafx-sdk-21.0.6/lib/libprism_es2.dylib
0x00000001c5510000 	/System/Library/Frameworks/Carbon.framework/Versions/A/Carbon
0x00000001bc936000 	/System/Library/Frameworks/Carbon.framework/Versions/A/Frameworks/CommonPanels.framework/Versions/A/CommonPanels
0x00000001b783c000 	/System/Library/Frameworks/Carbon.framework/Versions/A/Frameworks/Help.framework/Versions/A/Help
0x00000001bc93a000 	/System/Library/Frameworks/Carbon.framework/Versions/A/Frameworks/ImageCapture.framework/Versions/A/ImageCapture
0x00000001bc915000 	/System/Library/Frameworks/Carbon.framework/Versions/A/Frameworks/OpenScripting.framework/Versions/A/OpenScripting
0x00000001bc935000 	/System/Library/Frameworks/Carbon.framework/Versions/A/Frameworks/Ink.framework/Versions/A/Ink
0x00000001bc932000 	/System/Library/Frameworks/Carbon.framework/Versions/A/Frameworks/SecurityHI.framework/Versions/A/SecurityHI
0x0000000101450000 	/Library/Java/JavaVirtualMachines/jdk-22.jdk/Contents/Home/lib/libmanagement.dylib
0x0000000101464000 	/Library/Java/JavaVirtualMachines/jdk-22.jdk/Contents/Home/lib/libmanagement_ext.dylib
0x00000001fb8d8000 	/System/Library/Frameworks/OpenGL.framework/Versions/A/Resources/GLEngine.bundle/GLEngine
0x00000001fb775000 	/System/Library/Frameworks/OpenGL.framework/Versions/A/Libraries/libGLProgrammability.dylib
0x0000000101540000 	/System/Library/Extensions/AppleMetalOpenGLRenderer.bundle/Contents/MacOS/AppleMetalOpenGLRenderer
0x00000001fba37000 	/System/Library/Frameworks/OpenGL.framework/Versions/A/Resources/GLRendererFloat.bundle/GLRendererFloat
0x000000010eb00000 	/System/Library/Extensions/AGXMetalG14G.bundle/Contents/MacOS/AGXMetalG14G
0x00000001bf809000 	/System/Library/PrivateFrameworks/IOGPU.framework/Versions/A/IOGPU
0x000000010f584000 	/Users/jatindergill/Desktop/BCIT/Semester2/Comp-2522-OOPs /javafx/javafx-sdk-21.0.6/lib/libglass.dylib
0x00000001a79a7000 	/System/Library/PrivateFrameworks/ViewBridge.framework/Versions/A/ViewBridge
0x00000001cc712000 	/System/Library/Frameworks/Accelerate.framework/Versions/A/Frameworks/vImage.framework/Versions/A/Libraries/libCGInterfaces.dylib
0x000000011f5d4000 	/usr/lib/libobjc-trampolines.dylib
0x000000027e200000 	/usr/lib/libAccessibilityBaseImplementations.dylib
0x0000000277da1000 	/System/Library/PrivateFrameworks/WritingToolsUI.framework/Versions/A/WritingToolsUI
0x0000000253b6f000 	/System/Library/PrivateFrameworks/GenerativeAssistantSettings.framework/Versions/A/GenerativeAssistantSettings
0x000000026f2ca000 	/System/Library/PrivateFrameworks/TextComposer.framework/Versions/A/TextComposer
0x00000001c6901000 	/usr/lib/swift/libswiftIntents.dylib
0x000000027efb2000 	/usr/lib/swift/libswiftSafariServices.dylib
0x000000027efb7000 	/usr/lib/swift/libswiftSpatial.dylib
0x00000001efb29000 	/usr/lib/swift/libswiftWebKit.dylib
0x00000001fbdc3000 	/System/Library/Frameworks/AppIntents.framework/Versions/A/AppIntents
0x00000001cd547000 	/System/Library/Frameworks/SwiftUI.framework/Versions/A/SwiftUI
0x000000023f29f000 	/System/Library/Frameworks/_AuthenticationServices_SwiftUI.framework/Versions/A/_AuthenticationServices_SwiftUI
0x0000000241e34000 	/System/Library/PrivateFrameworks/Anvil.framework/Versions/A/Anvil
0x00000001ccbe1000 	/System/Library/PrivateFrameworks/AppStoreDaemon.framework/Versions/A/AppStoreDaemon
0x00000001ba53f000 	/System/Library/PrivateFrameworks/AppleMediaServices.framework/Versions/A/AppleMediaServices
0x00000001c9804000 	/System/Library/PrivateFrameworks/AppleMediaServicesUI.framework/Versions/A/AppleMediaServicesUI
0x0000000253b4d000 	/System/Library/PrivateFrameworks/GenerativeAssistantCommon.framework/Versions/A/GenerativeAssistantCommon
0x00000001f7733000 	/System/Library/PrivateFrameworks/JetEngine.framework/Versions/A/JetEngine
0x000000025a69f000 	/System/Library/PrivateFrameworks/LinkMetadata.framework/Versions/A/LinkMetadata
0x00000001c7170000 	/System/Library/PrivateFrameworks/OnBoardingKit.framework/Versions/A/OnBoardingKit
0x0000000266670000 	/System/Library/PrivateFrameworks/Settings.framework/Versions/A/Settings
0x00000001ac1f2000 	/System/Library/Frameworks/CoreSpotlight.framework/Versions/A/CoreSpotlight
0x000000025a95c000 	/System/Library/PrivateFrameworks/LinkServices.framework/Versions/A/LinkServices
0x000000024ba77000 	/System/Library/PrivateFrameworks/DoNotDisturb.framework/Versions/A/DoNotDisturb
0x00000001cb4de000 	/System/Library/PrivateFrameworks/IntentsCore.framework/Versions/A/IntentsCore
0x00000002446d1000 	/System/Library/PrivateFrameworks/AvailabilityKit.framework/Versions/A/AvailabilityKit
0x000000026df16000 	/System/Library/PrivateFrameworks/StatusKit.framework/Versions/A/StatusKit
0x0000000264a45000 	/System/Library/PrivateFrameworks/RecapPerformanceTesting.framework/Versions/A/RecapPerformanceTesting
0x000000027e5a1000 	/usr/lib/libSpatial.dylib
0x00000002445a7000 	/System/Library/PrivateFrameworks/AuthenticationServicesCore.framework/Versions/A/AuthenticationServicesCore
0x00000001cfe88000 	/System/Library/Frameworks/AuthenticationServices.framework/Versions/A/AuthenticationServices
0x00000001adbb4000 	/System/Library/PrivateFrameworks/SharedWebCredentials.framework/Versions/A/SharedWebCredentials
0x00000001c7f2c000 	/System/Library/PrivateFrameworks/SafariCore.framework/Versions/A/SafariCore
0x00000001cf9ea000 	/System/Library/PrivateFrameworks/SafariFoundation.framework/Versions/A/SafariFoundation
0x0000000245684000 	/System/Library/PrivateFrameworks/CBORLibrary.framework/Versions/A/CBORLibrary
0x000000024633d000 	/System/Library/PrivateFrameworks/Chirp.framework/Versions/A/Chirp
0x00000001f8979000 	/System/Library/PrivateFrameworks/RemoteManagement.framework/Versions/A/RemoteManagement
0x0000000264d5f000 	/System/Library/PrivateFrameworks/RemoteManagementModel.framework/Versions/A/RemoteManagementModel
0x0000000264de7000 	/System/Library/PrivateFrameworks/RemoteManagementStore.framework/Versions/A/RemoteManagementStore
0x00000001b1904000 	/usr/lib/libxcselect.dylib
0x00000001cf95b000 	/System/Library/PrivateFrameworks/DifferentialPrivacy.framework/Versions/A/DifferentialPrivacy
0x00000001b468b000 	/System/Library/Frameworks/Contacts.framework/Versions/A/Contacts
0x000000027385a000 	/System/Library/PrivateFrameworks/VDAF.framework/Versions/A/VDAF
0x00000001b44a9000 	/System/Library/PrivateFrameworks/ContactsPersistence.framework/Versions/A/ContactsPersistence
0x00000001b36bb000 	/System/Library/PrivateFrameworks/AppleLDAP.framework/Versions/A/AppleLDAP
0x00000001b7be3000 	/System/Library/Frameworks/ClassKit.framework/Versions/A/ClassKit
0x00000001b9caa000 	/System/Library/PrivateFrameworks/CoreSuggestions.framework/Versions/A/CoreSuggestions
0x00000001b43dc000 	/System/Library/PrivateFrameworks/ContactsFoundation.framework/Versions/A/ContactsFoundation
0x00000001b5939000 	/System/Library/PrivateFrameworks/vCard.framework/Versions/A/vCard
0x000000024787f000 	/System/Library/PrivateFrameworks/ContactsMetrics.framework/Versions/A/ContactsMetrics
0x00000001adff5000 	/System/Library/PrivateFrameworks/login.framework/Versions/A/login
0x00000001a80ec000 	/System/Library/PrivateFrameworks/CloudDocs.framework/Versions/A/CloudDocs
0x00000001b92d8000 	/System/Library/PrivateFrameworks/ConfigurationProfiles.framework/Versions/A/ConfigurationProfiles
0x000000024b0be000 	/System/Library/PrivateFrameworks/DMCUtilities.framework/Versions/A/DMCUtilities
0x000000025accd000 	/System/Library/PrivateFrameworks/MDMClientLibrary.framework/Versions/A/MDMClientLibrary
0x0000000264ddb000 	/System/Library/PrivateFrameworks/RemoteManagementProtocol.framework/Versions/A/RemoteManagementProtocol
0x000000027e3cc000 	/usr/lib/libEndpointSecuritySystem.dylib
0x00000001b3ddc000 	/System/Library/PrivateFrameworks/SystemAdministration.framework/Versions/A/SystemAdministration
0x00000001be16b000 	/System/Library/PrivateFrameworks/PowerlogControl.framework/Versions/A/PowerlogControl
0x00000001ab7b9000 	/System/Library/Frameworks/ServiceManagement.framework/Versions/A/ServiceManagement
0x00000001be16d000 	/usr/lib/libUniversalAccess.dylib
0x00000001baf7b000 	/System/Library/PrivateFrameworks/FamilyControls.framework/Versions/A/FamilyControls
0x00000001b366d000 	/System/Library/Frameworks/DirectoryService.framework/Versions/A/DirectoryService
0x00000001b78d4000 	/System/Library/PrivateFrameworks/LoginUIKit.framework/Versions/A/Frameworks/LoginUICore.framework/Versions/A/LoginUICore
0x00000001ae1dc000 	/usr/lib/libodfde.dylib
0x00000001baf75000 	/System/Library/PrivateFrameworks/UniversalAccess.framework/Versions/A/Libraries/libUAPreferences.dylib
0x00000001baf9f000 	/System/Library/PrivateFrameworks/CommerceKit.framework/Versions/A/Frameworks/CommerceCore.framework/Versions/A/CommerceCore
0x000000024b07d000 	/System/Library/PrivateFrameworks/DEPClientLibrary.framework/Versions/A/DEPClientLibrary
0x00000001be251000 	/System/Library/PrivateFrameworks/SetupAssistantFramework.framework/Versions/A/SetupAssistantFramework
0x00000001b7f85000 	/System/Library/PrivateFrameworks/AuthKitUI.framework/Versions/A/AuthKitUI
0x00000001b791e000 	/System/Library/PrivateFrameworks/AppSSO.framework/Versions/A/AppSSO
0x00000001cc94e000 	/System/Library/PrivateFrameworks/LocalAuthenticationUI.framework/Versions/A/LocalAuthenticationUI
0x000000026324c000 	/System/Library/PrivateFrameworks/PlatformSSO.framework/Versions/A/PlatformSSO
0x00000001cd31f000 	/System/Library/PrivateFrameworks/AOSUI.framework/Versions/A/AOSUI
0x00000001c01cf000 	/System/Library/Frameworks/ContactsUI.framework/Versions/A/ContactsUI
0x00000001b48c0000 	/System/Library/PrivateFrameworks/FamilyCircle.framework/Versions/A/FamilyCircle
0x00000001d9df2000 	/System/Library/Frameworks/LinkPresentation.framework/Versions/A/LinkPresentation
0x000000026330c000 	/System/Library/PrivateFrameworks/PlatformSSOCore.framework/Versions/A/PlatformSSOCore
0x00000001bfed9000 	/System/Library/PrivateFrameworks/IASUtilities.framework/Versions/A/IASUtilities
0x0000000256901000 	/System/Library/PrivateFrameworks/IASUtilitiesCore.framework/Versions/A/IASUtilitiesCore
0x00000001c416e000 	/System/Library/Frameworks/WebKit.framework/Versions/A/WebKit
0x00000001bc93d000 	/System/Library/Frameworks/JavaScriptCore.framework/Versions/A/JavaScriptCore
0x000000025abec000 	/System/Library/PrivateFrameworks/LocalAuthenticationCoreUI.framework/Versions/A/LocalAuthenticationCoreUI
0x00000001c6638000 	/System/Library/Frameworks/LocalAuthentication.framework/Support/DaemonUtils.framework/Versions/A/DaemonUtils
0x00000001c97cc000 	/System/Library/PrivateFrameworks/BridgeXPC.framework/Versions/A/BridgeXPC
0x00000001ae018000 	/System/Library/PrivateFrameworks/CoreBrightness.framework/Versions/A/CoreBrightness
0x00000001c724a000 	/System/Library/PrivateFrameworks/CoreKDL.framework/Versions/A/CoreKDL
0x00000001c5acc000 	/System/Library/PrivateFrameworks/EmbeddedOSSupportHost.framework/Versions/A/EmbeddedOSSupportHost
0x000000026eb51000 	/System/Library/PrivateFrameworks/SystemStatus.framework/Versions/A/SystemStatus
0x00000001b9f73000 	/System/Library/Frameworks/WebKit.framework/Versions/A/Frameworks/WebKitLegacy.framework/Versions/A/WebKitLegacy
0x00000001b7f2b000 	/System/Library/PrivateFrameworks/CorePrediction.framework/Versions/A/CorePrediction
0x00000001a89b7000 	/System/Library/Frameworks/WebKit.framework/Versions/A/Frameworks/WebCore.framework/Versions/A/Frameworks/libwebrtc.dylib
0x00000001c410c000 	/System/Library/PrivateFrameworks/SafariSafeBrowsing.framework/Versions/A/SafariSafeBrowsing
0x00000001affb5000 	/System/Library/Frameworks/SecurityInterface.framework/Versions/A/SecurityInterface
0x00000001c716f000 	/System/Library/PrivateFrameworks/WebInspectorUI.framework/Versions/A/WebInspectorUI
0x00000001c0b15000 	/System/Library/Frameworks/WebKit.framework/Versions/A/Frameworks/WebCore.framework/Versions/A/WebCore
0x000000023edf9000 	/System/Library/Frameworks/WebKit.framework/Versions/A/Frameworks/WebCore.framework/Versions/A/Frameworks/libANGLE-shared.dylib
0x00000002769e5000 	/System/Library/PrivateFrameworks/WebGPU.framework/Versions/A/WebGPU
0x00000001c8e9d000 	/System/Library/Frameworks/SceneKit.framework/Versions/A/SceneKit
0x00000001d87bb000 	/System/Library/Frameworks/ModelIO.framework/Versions/A/ModelIO
0x00000001b18e6000 	/System/Library/Frameworks/MetalKit.framework/Versions/A/MetalKit
0x00000001b39b4000 	/System/Library/Frameworks/GLKit.framework/Versions/A/GLKit
0x000000027f529000 	/usr/lib/usd/libusd_ms.dylib
0x0000000273060000 	/System/Library/PrivateFrameworks/USDLib_FormatLoaderProxy.framework/Versions/A/USDLib_FormatLoaderProxy
0x00000001c63b0000 	/System/Library/PrivateFrameworks/CoreOptimization.framework/Versions/A/CoreOptimization
0x00000001d49f6000 	/System/Library/PrivateFrameworks/StorageKit.framework/Versions/A/StorageKit
0x00000001fd446000 	/System/Library/Frameworks/FSKit.framework/Versions/A/FSKit
0x000000024b7b0000 	/System/Library/PrivateFrameworks/DiskImages2.framework/Versions/A/DiskImages2
0x000000025aaaa000 	/System/Library/PrivateFrameworks/LiveFS.framework/Versions/A/LiveFS
0x000000027bd3e000 	/System/Library/PrivateFrameworks/icloudMCCKit.framework/Versions/A/icloudMCCKit
0x0000000243545000 	/System/Library/PrivateFrameworks/AppleAccountUI.framework/Versions/A/AppleAccountUI
0x0000000246de2000 	/System/Library/PrivateFrameworks/CloudSubscriptionFeatures.framework/Versions/A/CloudSubscriptionFeatures
0x00000001e537a000 	/System/Library/PrivateFrameworks/PreferencePanesSupport.framework/Versions/A/PreferencePanesSupport
0x00000001cd4cc000 	/System/Library/PrivateFrameworks/FindMyDeviceUI.framework/Versions/A/FindMyDeviceUI
0x000000027998a000 	/System/Library/PrivateFrameworks/iCloudQuotaUI.framework/Versions/A/iCloudQuotaUI
0x00000001e552a000 	/System/Library/PrivateFrameworks/CoreCDPUI.framework/Versions/A/CoreCDPUI
0x00000001c7cbc000 	/System/Library/PrivateFrameworks/CoreFollowUpUI.framework/Versions/A/CoreFollowUpUI
0x00000001affec000 	/System/Library/PrivateFrameworks/CoreFollowUp.framework/Versions/A/CoreFollowUp
0x00000001d3763000 	/System/Library/PrivateFrameworks/IMCore.framework/Versions/A/IMCore
0x00000001be1d3000 	/System/Library/PrivateFrameworks/CoreCDP.framework/Versions/A/CoreCDP
0x00000001ba532000 	/System/Library/PrivateFrameworks/AskPermission.framework/Versions/A/AskPermission
0x00000001cb4c5000 	/System/Library/Frameworks/Quartz.framework/Versions/A/Quartz
0x00000001d72dc000 	/System/Library/PrivateFrameworks/CloudPhotoServicesConfiguration.framework/Versions/A/CloudPhotoServicesConfiguration
0x00000001c9f13000 	/System/Library/PrivateFrameworks/CommerceKit.framework/Versions/A/CommerceKit
0x00000001d8153000 	/System/Library/PrivateFrameworks/FindMyMac.framework/Versions/A/FindMyMac
0x00000001d8022000 	/System/Library/Frameworks/PreferencePanes.framework/Versions/A/PreferencePanes
0x00000001cca43000 	/System/Library/Frameworks/AddressBook.framework/Versions/A/AddressBook
0x00000001b9595000 	/System/Library/PrivateFrameworks/AOSAccounts.framework/Versions/A/AOSAccounts
0x00000001b3dd6000 	/System/Library/PrivateFrameworks/AppleSRP.framework/Versions/A/AppleSRP
0x00000001c655a000 	/System/Library/Frameworks/SafariServices.framework/Versions/A/SafariServices
0x00000001b80ad000 	/System/Library/PrivateFrameworks/NetFSServer.framework/Versions/A/NetFSServer
0x00000001c8d77000 	/System/Library/Frameworks/PDFKit.framework/Versions/A/PDFKit
0x00000001d900a000 	/System/Library/PrivateFrameworks/EmailFoundation.framework/Versions/A/EmailFoundation
0x00000001d807e000 	/System/Library/PrivateFrameworks/EmailCore.framework/Versions/A/EmailCore
0x00000001dbd56000 	/System/Library/PrivateFrameworks/EmailAddressing.framework/Versions/A/EmailAddressing
0x00000001dbd62000 	/System/Library/PrivateFrameworks/Email.framework/Versions/A/Email
0x0000000244811000 	/System/Library/PrivateFrameworks/BackgroundSystemTasks.framework/Versions/A/BackgroundSystemTasks
0x00000001c7c3f000 	/System/Library/PrivateFrameworks/IntlPreferences.framework/Versions/A/IntlPreferences
0x000000025ac77000 	/System/Library/PrivateFrameworks/LockdownMode.framework/Versions/A/LockdownMode
0x00000001b48ba000 	/System/Library/PrivateFrameworks/CommunicationsFilter.framework/Versions/A/CommunicationsFilter
0x00000002446d4000 	/System/Library/PrivateFrameworks/AvatarKit.framework/Versions/A/AvatarKit
0x000000024478c000 	/System/Library/PrivateFrameworks/AvatarPersistence.framework/Versions/A/AvatarPersistence
0x0000000264e3a000 	/System/Library/PrivateFrameworks/RemoteUI.framework/Versions/A/RemoteUI
0x00000001b3a81000 	/usr/lib/libCTGreenTeaLogger.dylib
0x000000023e796000 	/System/Library/Frameworks/TipKit.framework/Versions/A/TipKit
0x00000001e6f4d000 	/System/Library/PrivateFrameworks/AppleCVA.framework/Versions/A/AppleCVA
0x000000024478b000 	/System/Library/PrivateFrameworks/AvatarKitContent.framework/Versions/A/AvatarKitContent
0x00000001b3aa9000 	/System/Library/PrivateFrameworks/CoreAppleCVA.framework/Versions/A/CoreAppleCVA
0x0000000259b16000 	/System/Library/PrivateFrameworks/LiftUI.framework/Versions/A/LiftUI
0x00000001fd409000 	/System/Library/Frameworks/ExtensionKit.framework/Versions/A/ExtensionKit
0x0000000246d52000 	/System/Library/PrivateFrameworks/CloudSettings.framework/Versions/A/CloudSettings
0x00000001b9d6e000 	/System/Library/Frameworks/EventKit.framework/Versions/A/EventKit
0x00000001c739a000 	/System/Library/PrivateFrameworks/SearchFoundation.framework/Versions/A/SearchFoundation
0x00000001c600d000 	/System/Library/PrivateFrameworks/CoreRoutine.framework/Versions/A/CoreRoutine
0x0000000245f43000 	/System/Library/PrivateFrameworks/CalendarDatabase.framework/Versions/A/CalendarDatabase
0x0000000245e98000 	/System/Library/PrivateFrameworks/CalendarDaemon.framework/Versions/A/CalendarDaemon
0x00000001b91f1000 	/System/Library/PrivateFrameworks/CalendarFoundation.framework/Versions/A/CalendarFoundation
0x00000001b91ad000 	/System/Library/PrivateFrameworks/iCalendar.framework/Versions/A/iCalendar
0x000000024b2b7000 	/System/Library/PrivateFrameworks/DataAccessExpress.framework/Versions/A/DataAccessExpress
0x00000001cd153000 	/System/Library/PrivateFrameworks/FTClientServices.framework/Versions/A/FTClientServices
0x00000001bfd6c000 	/System/Library/PrivateFrameworks/CoreDAV.framework/Versions/A/CoreDAV
0x00000001b9c4c000 	/System/Library/PrivateFrameworks/CalDAV.framework/Versions/A/CalDAV
0x00000001c3e6f000 	/System/Library/PrivateFrameworks/TelephonyUtilities.framework/Versions/A/TelephonyUtilities
0x00000001c7d83000 	/System/Library/Frameworks/CallKit.framework/Versions/A/CallKit
0x00000001ee0f5000 	/System/Library/PrivateFrameworks/IMTransferServices.framework/Versions/A/IMTransferServices
0x00000001c63c9000 	/System/Library/PrivateFrameworks/IncomingCallFilter.framework/Versions/A/IncomingCallFilter
0x000000025e83b000 	/System/Library/PrivateFrameworks/NeighborhoodActivityConduit.framework/Versions/A/NeighborhoodActivityConduit
0x000000027e3a4000 	/usr/lib/libBASupport.dylib
0x00000001d3505000 	/System/Library/PrivateFrameworks/SpotlightReceiver.framework/Versions/A/SpotlightReceiver
0x0000000246fbe000 	/System/Library/PrivateFrameworks/Coherence.framework/Versions/A/Coherence
0x00000001c3d71000 	/System/Library/PrivateFrameworks/CoreParsec.framework/Versions/A/CoreParsec
0x0000000260faa000 	/System/Library/PrivateFrameworks/PegasusAPI.framework/Versions/A/PegasusAPI
0x0000000261c88000 	/System/Library/PrivateFrameworks/PegasusConfiguration.framework/Versions/A/PegasusConfiguration
0x000000025ac50000 	/System/Library/PrivateFrameworks/LocalStatusKit.framework/Versions/A/LocalStatusKit
0x00000001cd157000 	/System/Library/PrivateFrameworks/CharacterPicker.framework/Versions/A/CharacterPicker
0x00000001c64cf000 	/System/Library/PrivateFrameworks/ContactsDonation.framework/Versions/A/ContactsDonation
0x00000001c00cb000 	/System/Library/PrivateFrameworks/ContactsUICore.framework/Versions/A/ContactsUICore
0x00000001c5df1000 	/System/Library/PrivateFrameworks/DataDetectors.framework/Versions/A/DataDetectors
0x00000001b9c38000 	/System/Library/Frameworks/MediaLibrary.framework/Versions/A/MediaLibrary
0x00000001b48a9000 	/System/Library/PrivateFrameworks/PersonaKit.framework/Versions/A/PersonaKit
0x00000001c00b9000 	/System/Library/PrivateFrameworks/PersonaUI.framework/Versions/A/PersonaUI
0x000000026e045000 	/System/Library/PrivateFrameworks/Stickers.framework/Versions/A/Stickers
0x0000000256a8f000 	/System/Library/PrivateFrameworks/InputAnalytics.framework/Versions/A/InputAnalytics
0x00000001ced35000 	/System/Library/PrivateFrameworks/EmojiFoundation.framework/Versions/A/EmojiFoundation
0x000000024d72b000 	/System/Library/PrivateFrameworks/FeedbackService.framework/Versions/A/FeedbackService
0x00000001b4528000 	/System/Library/PrivateFrameworks/AddressBookCore.framework/Versions/A/AddressBookCore
0x00000001ccbc3000 	/System/Library/PrivateFrameworks/ToneKit.framework/Versions/A/ToneKit
0x00000001c7c83000 	/System/Library/PrivateFrameworks/ToneLibrary.framework/Versions/A/ToneLibrary
0x0000000247843000 	/System/Library/PrivateFrameworks/ContactsAccounts.framework/Versions/A/ContactsAccounts
0x0000000201fd6000 	/System/Library/Frameworks/SwiftData.framework/Versions/A/SwiftData
0x00000001d7a39000 	/System/Library/PrivateFrameworks/Transparency.framework/Versions/A/Transparency
0x00000001b919d000 	/System/Library/PrivateFrameworks/CoreRecents.framework/Versions/A/CoreRecents
0x00000002420a6000 	/System/Library/PrivateFrameworks/AppIntentsServices.framework/Versions/A/AppIntentsServices
0x00000001e4daf000 	/System/Library/PrivateFrameworks/DiagnosticRequest.framework/Versions/A/DiagnosticRequest
0x00000001cb3e3000 	/System/Library/PrivateFrameworks/Lookup.framework/Versions/A/Lookup
0x0000000201119000 	/System/Library/Frameworks/QuickLookUI.framework/Versions/A/QuickLookUI
0x000000026e978000 	/System/Library/PrivateFrameworks/Symptoms.framework/Versions/A/Frameworks/SymptomPresentationFeed.framework/Versions/A/SymptomPresentationFeed
0x0000000201b23000 	/System/Library/Frameworks/ScreenCaptureKit.framework/Versions/A/ScreenCaptureKit
0x00000001c8881000 	/System/Library/Frameworks/Quartz.framework/Versions/A/Frameworks/QuartzComposer.framework/Versions/A/QuartzComposer
0x00000001c7c16000 	/System/Library/Frameworks/Quartz.framework/Versions/A/Frameworks/QuartzFilters.framework/Versions/A/QuartzFilters
0x00000001c6d4a000 	/System/Library/Frameworks/Quartz.framework/Versions/A/Frameworks/ImageKit.framework/Versions/A/ImageKit
0x00000001fba5c000 	/System/Library/Frameworks/OpenCL.framework/Versions/A/OpenCL
0x00000001c550f000 	/System/Library/PrivateFrameworks/CorePDF.framework/Versions/A/CorePDF
0x00000001b187e000 	/System/Library/Frameworks/QuickLook.framework/Versions/A/QuickLook
0x00000001bb96b000 	/System/Library/PrivateFrameworks/DisplayServices.framework/Versions/A/DisplayServices
0x00000001c7b86000 	/System/Library/Frameworks/ImageCaptureCore.framework/Versions/A/ImageCaptureCore
0x0000000275336000 	/System/Library/PrivateFrameworks/VisionKitCore.framework/Versions/A/VisionKitCore
0x00000001c3d41000 	/System/Library/PrivateFrameworks/QuickLookSupport.framework/Versions/A/QuickLookSupport
0x00000001c5deb000 	/System/Library/PrivateFrameworks/QuickLookNonBaseSystem.framework/Versions/A/QuickLookNonBaseSystem
0x00000001e8cf1000 	/System/Library/Frameworks/ReplayKit.framework/Versions/A/ReplayKit
0x000000026e6f8000 	/System/Library/PrivateFrameworks/SymptomShared.framework/Versions/A/SymptomShared
0x00000001bc8d1000 	/System/Library/PrivateFrameworks/MarkupUI.framework/Versions/A/MarkupUI
0x00000001c5dc3000 	/System/Library/PrivateFrameworks/SidecarCore.framework/Versions/A/SidecarCore
0x00000001c8741000 	/System/Library/PrivateFrameworks/AnnotationKit.framework/Versions/A/AnnotationKit
0x000000023e8f3000 	/System/Library/Frameworks/Translation.framework/Versions/A/Translation
0x000000025c568000 	/System/Library/PrivateFrameworks/MediaAnalysisServices.framework/Versions/A/MediaAnalysisServices
0x00000001e104d000 	/System/Library/PrivateFrameworks/RevealCore.framework/Versions/A/RevealCore
0x00000001e1041000 	/System/Library/PrivateFrameworks/Reveal.framework/Versions/A/Reveal
0x000000027214f000 	/System/Library/PrivateFrameworks/TranslationUIServices.framework/Versions/A/TranslationUIServices
0x00000001c6f93000 	/System/Library/Frameworks/PencilKit.framework/Versions/A/PencilKit
0x00000001c714c000 	/System/Library/PrivateFrameworks/SidecarUI.framework/Versions/A/SidecarUI
0x00000001c6959000 	/System/Library/PrivateFrameworks/CoreHandwriting.framework/Versions/A/CoreHandwriting
0x000000019f78d000 	/usr/lib/libmecabra.dylib
0x00000001c0540000 	/System/Library/PrivateFrameworks/Calculate.framework/Versions/A/Calculate
0x00000001ad95a000 	/usr/lib/libChineseTokenizer.dylib
0x00000001f88a3000 	/System/Library/PrivateFrameworks/ScreenReaderCore.framework/Versions/A/ScreenReaderCore
0x000000026e41c000 	/System/Library/PrivateFrameworks/StocksKit.framework/Versions/A/StocksKit
0x00000001bf1ad000 	/System/Library/PrivateFrameworks/OAuth.framework/Versions/A/OAuth
0x000000026e0c3000 	/System/Library/PrivateFrameworks/StocksCore.framework/Versions/A/StocksCore
0x000000026f00e000 	/System/Library/PrivateFrameworks/TeaFoundation.framework/Versions/A/TeaFoundation
0x000000026f1e9000 	/System/Library/PrivateFrameworks/TeaSettings.framework/Versions/A/TeaSettings
0x00000001ef3a7000 	/System/Library/PrivateFrameworks/NewsCore.framework/Versions/A/NewsCore
0x000000026efb9000 	/System/Library/PrivateFrameworks/TeaDB.framework/Versions/A/TeaDB
0x00000001ec035000 	/System/Library/PrivateFrameworks/RemoteConfiguration.framework/Versions/A/RemoteConfiguration
0x00000001ef008000 	/System/Library/PrivateFrameworks/NewsTransport.framework/Versions/A/NewsTransport
0x00000001ef397000 	/System/Library/PrivateFrameworks/NewsFoundation.framework/Versions/A/NewsFoundation
0x000000025eca7000 	/System/Library/PrivateFrameworks/NewsURLBucket.framework/Versions/A/NewsURLBucket
0x00000001ca144000 	/System/Library/PrivateFrameworks/MobileInstallation.framework/Versions/A/MobileInstallation
0x00000001d2ea7000 	/System/Library/PrivateFrameworks/MMCS.framework/Versions/A/MMCS
0x00000001b9ab8000 	/System/Library/PrivateFrameworks/ChunkingLibrary.framework/Versions/A/ChunkingLibrary
0x00000001b3d81000 	/System/Library/PrivateFrameworks/AssetCacheServices.framework/Versions/A/AssetCacheServices
0x00000001ca401000 	/System/Library/PrivateFrameworks/PhotoLibraryServices.framework/Versions/A/PhotoLibraryServices
0x00000001c77de000 	/System/Library/Frameworks/Photos.framework/Versions/A/Photos
0x00000001da1cb000 	/System/Library/PrivateFrameworks/PhotosFormats.framework/Versions/A/PhotosFormats
0x00000001d730e000 	/System/Library/PrivateFrameworks/CloudPhotoLibrary.framework/Versions/A/CloudPhotoLibrary
0x00000001df6c5000 	/System/Library/PrivateFrameworks/CloudPhotoServices.framework/Versions/A/CloudPhotoServices
0x00000001dbec3000 	/System/Library/PrivateFrameworks/CoreMediaStream.framework/Versions/A/CoreMediaStream
0x00000001b4ec2000 	/System/Library/PrivateFrameworks/CPAnalytics.framework/Versions/A/CPAnalytics
0x00000001d86ca000 	/System/Library/PrivateFrameworks/MediaConversionService.framework/Versions/A/MediaConversionService
0x00000001bb5fa000 	/System/Library/PrivateFrameworks/PhotoFoundation.framework/Versions/A/PhotoFoundation
0x0000000262173000 	/System/Library/PrivateFrameworks/PhotoLibraryServicesCore.framework/Versions/A/PhotoLibraryServicesCore
0x00000001b5a76000 	/System/Library/PrivateFrameworks/AVFoundationCF.framework/Versions/A/AVFoundationCF
0x00000001edff2000 	/usr/lib/swift/libswiftDemangle.dylib
0x00000001c606b000 	/System/Library/PrivateFrameworks/MediaStream.framework/Versions/A/MediaStream
0x00000001d8bcd000 	/System/Library/PrivateFrameworks/NeutrinoCore.framework/Versions/A/NeutrinoCore
0x00000001a55ea000 	/System/Library/PrivateFrameworks/NLP.framework/Versions/A/NLP
0x00000001de46e000 	/System/Library/PrivateFrameworks/PhotoImaging.framework/Versions/A/PhotoImaging
0x00000001df686000 	/System/Library/PrivateFrameworks/PhotosImagingFoundation.framework/Versions/A/PhotosImagingFoundation
0x0000000262c04000 	/System/Library/PrivateFrameworks/PhotosIntelligenceCore.framework/Versions/A/PhotosIntelligenceCore
0x00000001b5ef5000 	/System/Library/PrivateFrameworks/EmbeddedAcousticRecognition.framework/Versions/A/EmbeddedAcousticRecognition
0x00000001d756e000 	/System/Library/PrivateFrameworks/SDAPI.framework/Versions/A/SDAPI
0x00000001df6d3000 	/System/Library/PrivateFrameworks/AutoLoop.framework/Versions/A/AutoLoop
0x00000002635af000 	/System/Library/PrivateFrameworks/Portrait.framework/Versions/A/Portrait
0x00000002435e7000 	/System/Library/PrivateFrameworks/AppleDepth.framework/Versions/A/AppleDepth
0x000000024e1b9000 	/System/Library/PrivateFrameworks/FusionTracker.framework/Versions/A/FusionTracker
0x00000002436de000 	/System/Library/PrivateFrameworks/AppleDepthCore.framework/Versions/A/AppleDepthCore
0x00000001c8354000 	/System/Library/PrivateFrameworks/iTunesCloud.framework/Versions/A/iTunesCloud
0x00000001d09f1000 	/System/Library/PrivateFrameworks/DAAPKit.framework/Versions/A/DAAPKit
0x000000027f01d000 	/usr/lib/swift/libswiftVideoToolbox.dylib
0x00000002711ba000 	/System/Library/PrivateFrameworks/TipKitCore.framework/Versions/A/TipKitCore
0x00000001cedc0000 	/System/Library/PrivateFrameworks/CoreCDPInternal.framework/Versions/A/CoreCDPInternal
0x00000001bf101000 	/System/Library/PrivateFrameworks/AccountsDaemon.framework/Versions/A/AccountsDaemon
0x0000000264ab9000 	/System/Library/PrivateFrameworks/RegulatoryDomain.framework/Versions/A/RegulatoryDomain
0x00000001e5527000 	/System/Library/PrivateFrameworks/MachineSettings.framework/Versions/A/MachineSettings
0x00000001d7fa5000 	/System/Library/PrivateFrameworks/BezelServices.framework/Versions/A/BezelServices
0x00000001d0a76000 	/System/Library/PrivateFrameworks/SPOwner.framework/Versions/A/SPOwner
0x00000001c9f7b000 	/System/Library/PrivateFrameworks/FMCore.framework/Versions/A/FMCore
0x00000002798e5000 	/System/Library/PrivateFrameworks/iCloudQuota.framework/Versions/A/iCloudQuota
0x00000001c003e000 	/System/Library/PrivateFrameworks/CoreRecognition.framework/Versions/A/CoreRecognition
0x000000026096a000 	/System/Library/PrivateFrameworks/PassKitMacHelperTemp.framework/Versions/A/PassKitMacHelperTemp
0x00000001d805a000 	/System/Library/PrivateFrameworks/InAppMessages.framework/Versions/A/InAppMessages
0x00000001f762e000 	/System/Library/PrivateFrameworks/JetUI.framework/Versions/A/JetUI
0x0000000259895000 	/System/Library/PrivateFrameworks/JetPack.framework/Versions/A/JetPack
0x00000001eb2f6000 	/System/Library/PrivateFrameworks/PassKitUIFoundation.framework/Versions/A/PassKitUIFoundation
0x00000001bba66000 	/System/Library/PrivateFrameworks/PassKitCore.framework/Versions/A/PassKitCore
0x00000001c6685000 	/System/Library/PrivateFrameworks/BiometricKit.framework/Versions/A/BiometricKit
0x0000000265780000 	/System/Library/PrivateFrameworks/SEService.framework/Versions/A/SEService
0x00000001cb4fd000 	/System/Library/PrivateFrameworks/NearField.framework/Versions/A/NearField
0x000000027e578000 	/usr/lib/libSESShared.dylib
0x0000000265919000 	/System/Library/PrivateFrameworks/STSXPCHelperClient.framework/Versions/A/STSXPCHelperClient
0x00000001ccdfc000 	/usr/lib/libnfshared.dylib
0x00000001d8051000 	/System/Library/PrivateFrameworks/InAppMessagesCore.framework/Versions/A/InAppMessagesCore
0x0000000278ffc000 	/System/Library/PrivateFrameworks/_JetEngine_SwiftUI.framework/Versions/A/_JetEngine_SwiftUI
0x000000026e9a0000 	/System/Library/PrivateFrameworks/Synapse.framework/Versions/A/Synapse
0x0000000245d37000 	/System/Library/PrivateFrameworks/CSExattrCrypto.framework/Versions/A/CSExattrCrypto
0x00000001bb609000 	/System/Library/PrivateFrameworks/IMSharedUtilities.framework/Versions/A/IMSharedUtilities
0x00000001d3dda000 	/System/Library/Frameworks/InstantMessage.framework/Versions/A/InstantMessage
0x00000001cc947000 	/System/Library/PrivateFrameworks/IDSKVStore.framework/Versions/A/IDSKVStore
0x00000001cc78b000 	/System/Library/PrivateFrameworks/IMDPersistence.framework/Versions/A/IMDPersistence
0x000000027ef26000 	/usr/lib/swift/libswiftAppleArchive.dylib
0x000000027384c000 	/System/Library/PrivateFrameworks/UserSafety.framework/Versions/A/UserSafety
0x00000001b36cd000 	/System/Library/Frameworks/MapKit.framework/Versions/A/MapKit
0x00000001ea604000 	/System/Library/PrivateFrameworks/BlastDoor.framework/Versions/A/BlastDoor
0x000000025bd2a000 	/System/Library/PrivateFrameworks/ManagedSettingsObjC.framework/Versions/A/ManagedSettingsObjC
0x0000000201b7b000 	/System/Library/Frameworks/SensitiveContentAnalysis.framework/Versions/A/SensitiveContentAnalysis
0x0000000253f41000 	/System/Library/PrivateFrameworks/GeoAnalytics.framework/Versions/A/GeoAnalytics
0x00000001cce30000 	/System/Library/PrivateFrameworks/Navigation.framework/Versions/A/Navigation
0x00000001d5da3000 	/System/Library/PrivateFrameworks/VectorKit.framework/Versions/A/VectorKit
0x00000001bffaa000 	/System/Library/PrivateFrameworks/VirtualGarage.framework/Versions/A/VirtualGarage
0x00000001ccfa6000 	/System/Library/Frameworks/ExternalAccessory.framework/ExternalAccessory
0x00000001ccfc0000 	/System/Library/PrivateFrameworks/IAP.framework/Versions/A/IAP
0x00000001b397c000 	/System/Library/PrivateFrameworks/IOPlatformPluginFamily.framework/Versions/A/IOPlatformPluginFamily
0x000000025a92a000 	/System/Library/PrivateFrameworks/LinkPresentationStyleSheetParsing.framework/Versions/A/LinkPresentationStyleSheetParsing
0x00000001c6427000 	/System/Library/PrivateFrameworks/CoreSDB.framework/Versions/A/CoreSDB
0x0000000244153000 	/System/Library/PrivateFrameworks/AskToCore.framework/Versions/A/AskToCore
0x00000001cb0d5000 	/System/Library/PrivateFrameworks/StoreFoundation.framework/Versions/A/StoreFoundation
0x00000001c9f75000 	/System/Library/PrivateFrameworks/ServerInformation.framework/Versions/A/ServerInformation
0x00000001c99f5000 	/System/Library/PrivateFrameworks/Install.framework/Frameworks/DistributionKit.framework/Versions/A/DistributionKit
0x00000001c3b08000 	/System/Library/PrivateFrameworks/PackageKit.framework/Versions/A/PackageKit
0x00000001c9a17000 	/System/Library/PrivateFrameworks/OSPersonalization.framework/Versions/A/OSPersonalization
0x00000001cb5c4000 	/System/Library/PrivateFrameworks/BridgeOSSoftwareUpdate.framework/Versions/A/BridgeOSSoftwareUpdate
0x00000001c687b000 	/System/Library/PrivateFrameworks/StorageManagement.framework/Versions/A/StorageManagement
0x00000001d931d000 	/usr/lib/libauthinstall.dylib
0x00000001cb5cd000 	/System/Library/PrivateFrameworks/InstallerDiagnostics.framework/Versions/A/InstallerDiagnostics
0x00000001d98fc000 	/usr/lib/libcrypto.42.dylib
0x00000001cb5b2000 	/System/Library/PrivateFrameworks/GPUInfo.framework/Versions/A/GPUInfo
0x00000001d8159000 	/System/Library/PrivateFrameworks/MobileActivationMacOS.framework/Versions/A/MobileActivationMacOS
0x00000001fd1ec000 	/System/Library/Frameworks/DataDetection.framework/Versions/A/DataDetection
0x000000027ef4b000 	/usr/lib/swift/libswiftDataDetection.dylib
0x00000001b4e6b000 	/System/Library/PrivateFrameworks/GenerationalStorage.framework/Versions/A/GenerationalStorage
0x00000001b03f7000 	/System/Library/PrivateFrameworks/CacheDelete.framework/Versions/A/CacheDelete
0x00000001b81d9000 	/System/Library/Frameworks/QuickLookThumbnailing.framework/Versions/A/QuickLookThumbnailing
0x00000001b4ca6000 	/System/Library/Frameworks/FileProvider.framework/Versions/A/FileProvider
0x00000001a3a34000 	/System/Library/PrivateFrameworks/DesktopServicesPriv.framework/Versions/A/DesktopServicesPriv
0x00000001a5ca2000 	/System/Library/Frameworks/Accounts.framework/Versions/A/Accounts
0x00000001cb611000 	/System/Library/PrivateFrameworks/AOSKit.framework/Versions/A/AOSKit
0x00000001ada8d000 	/System/Library/PrivateFrameworks/AppSSOCore.framework/Versions/A/AppSSOCore
0x00000001b78da000 	/System/Library/PrivateFrameworks/AppSupport.framework/Versions/A/AppSupport
0x00000001c58d1000 	/System/Library/Frameworks/AVFoundation.framework/Versions/A/AVFoundation
0x00000001b8102000 	/System/Library/PrivateFrameworks/DuetActivityScheduler.framework/Versions/A/DuetActivityScheduler
0x00000001c63cf000 	/System/Library/PrivateFrameworks/FTServices.framework/Versions/A/FTServices
0x00000001d71ca000 	/System/Library/PrivateFrameworks/NetworkServiceProxy.framework/Versions/A/NetworkServiceProxy
0x00000001b80c8000 	/System/Library/PrivateFrameworks/StreamingZip.framework/Versions/A/StreamingZip
0x00000001b723f000 	/System/Library/PrivateFrameworks/CoreWiFi.framework/Versions/A/CoreWiFi
0x00000001b0326000 	/System/Library/PrivateFrameworks/MobileAsset.framework/Versions/A/MobileAsset
0x00000001b5e33000 	/System/Library/PrivateFrameworks/Rapport.framework/Versions/A/Rapport
0x000000026e708000 	/System/Library/PrivateFrameworks/Symptoms.framework/Versions/A/Frameworks/SymptomAnalytics.framework/Versions/A/SymptomAnalytics
0x00000001b39ee000 	/usr/lib/libnetworkextension.dylib
0x000000027ea07000 	/usr/lib/libmrc.dylib
0x0000000256a29000 	/System/Library/PrivateFrameworks/IPConfiguration.framework/Versions/A/IPConfiguration
0x00000001e5372000 	/System/Library/PrivateFrameworks/Netrb.framework/Versions/A/Netrb
0x00000001efcc5000 	/System/Library/PrivateFrameworks/WiFiPeerToPeer.framework/Versions/A/WiFiPeerToPeer
0x00000001cd0d8000 	/System/Library/PrivateFrameworks/SoftwareUpdateCoreSupport.framework/Versions/A/SoftwareUpdateCoreSupport
0x00000001d49c9000 	/System/Library/PrivateFrameworks/SoftwareUpdateCoreConnect.framework/Versions/A/SoftwareUpdateCoreConnect
0x00000001b7790000 	/System/Library/PrivateFrameworks/RemoteServiceDiscovery.framework/Versions/A/RemoteServiceDiscovery
0x00000001ccd65000 	/System/Library/PrivateFrameworks/MSUDataAccessor.framework/Versions/A/MSUDataAccessor
0x00000001c8706000 	/usr/lib/libbootpolicy.dylib
0x00000001b77a6000 	/System/Library/PrivateFrameworks/RemoteXPC.framework/Versions/A/RemoteXPC
0x00000001d3dea000 	/usr/lib/libFDR.dylib
0x00000001d93f3000 	/usr/lib/libamsupport.dylib
0x000000027e554000 	/usr/lib/libReverseProxyDevice.dylib
0x000000024375a000 	/System/Library/PrivateFrameworks/AppleDeviceQuerySupport.framework/Versions/A/AppleDeviceQuerySupport
0x00000001dc1e9000 	/usr/lib/libpartition2_dynamic.dylib
0x00000001ac1a5000 	/System/Library/Frameworks/UserNotifications.framework/Versions/A/UserNotifications
0x00000001b048a000 	/usr/lib/libTelephonyUtilDynamic.dylib
0x00000001b4a4d000 	/System/Library/PrivateFrameworks/SymptomDiagnosticReporter.framework/Versions/A/SymptomDiagnosticReporter
0x00000001eb0b5000 	/System/Library/Frameworks/CryptoKit.framework/Versions/A/CryptoKit
0x00000001b80a0000 	/System/Library/PrivateFrameworks/CryptoKitCBridging.framework/Versions/A/CryptoKitCBridging
0x00000001b598a000 	/System/Library/Frameworks/CryptoTokenKit.framework/Versions/A/CryptoTokenKit
0x00000001dfcd5000 	/usr/lib/swift/libswiftCryptoTokenKit.dylib
0x00000001b59ed000 	/System/Library/Frameworks/LocalAuthentication.framework/Versions/A/LocalAuthentication
0x000000025aaff000 	/System/Library/PrivateFrameworks/LocalAuthenticationCore.framework/Versions/A/LocalAuthenticationCore
0x00000001b5a42000 	/System/Library/Frameworks/LocalAuthentication.framework/Support/SharedUtils.framework/Versions/A/SharedUtils
0x00000001a7cd1000 	/System/Library/PrivateFrameworks/ApplePushService.framework/Versions/A/ApplePushService
0x00000001c5af8000 	/System/Library/PrivateFrameworks/FindMyDevice.framework/Versions/A/FindMyDevice
0x00000001a5d25000 	/System/Library/PrivateFrameworks/CommonUtilities.framework/Versions/A/CommonUtilities
0x00000001dacea000 	/System/Library/PrivateFrameworks/DeviceIdentity.framework/Versions/A/DeviceIdentity
0x00000001ae1de000 	/System/Library/PrivateFrameworks/Bom.framework/Versions/A/Bom
0x00000001aff4c000 	/usr/lib/libParallelCompression.dylib
0x000000027e27f000 	/usr/lib/libAppleArchive.dylib
0x00000001aff3f000 	/System/Library/PrivateFrameworks/MultiverseSupport.framework/Versions/A/MultiverseSupport
0x00000001bba46000 	/System/Library/PrivateFrameworks/FMCoreLite.framework/Versions/A/FMCoreLite
0x00000001abf0d000 	/System/Library/PrivateFrameworks/AuthKit.framework/Versions/A/AuthKit
0x00000001b4b7f000 	/System/Library/PrivateFrameworks/DiskManagement.framework/Versions/A/DiskManagement
0x00000001b4a8b000 	/System/Library/PrivateFrameworks/AppleIDAuthSupport.framework/Versions/A/AppleIDAuthSupport
0x000000023fca7000 	/System/Library/PrivateFrameworks/AAAFoundation.framework/Versions/A/AAAFoundation
0x00000001b0443000 	/System/Library/PrivateFrameworks/KeychainCircle.framework/Versions/A/KeychainCircle
0x00000001c0a1d000 	/System/Library/PrivateFrameworks/URLFormatting.framework/Versions/A/URLFormatting
0x00000001b7845000 	/usr/lib/libcsfde.dylib
0x00000001adc21000 	/usr/lib/libCoreStorage.dylib
0x00000001b17f4000 	/System/Library/PrivateFrameworks/ProtectedCloudStorage.framework/Versions/A/ProtectedCloudStorage
0x00000001b7840000 	/System/Library/PrivateFrameworks/EFILogin.framework/Versions/A/EFILogin
0x00000001bf7bd000 	/System/Library/PrivateFrameworks/CloudServices.framework/Versions/A/CloudServices
0x00000001b4e91000 	/System/Library/PrivateFrameworks/OctagonTrust.framework/Versions/A/OctagonTrust
0x00000001b557a000 	/System/Library/PrivateFrameworks/AVFCore.framework/Versions/A/AVFCore
0x00000001be25d000 	/System/Library/PrivateFrameworks/AVFCapture.framework/Versions/A/AVFCapture
0x00000001aeba0000 	/System/Library/Frameworks/MediaToolbox.framework/Versions/A/MediaToolbox
0x00000001b4c73000 	/System/Library/PrivateFrameworks/CoreAVCHD.framework/Versions/A/CoreAVCHD
0x00000001b4c6f000 	/System/Library/PrivateFrameworks/Mangrove.framework/Versions/A/Mangrove
0x0000000245c20000 	/System/Library/PrivateFrameworks/CMPhoto.framework/Versions/A/CMPhoto
0x00000001b53b8000 	/System/Library/Frameworks/CoreTelephony.framework/Versions/A/CoreTelephony
0x00000001b4c62000 	/System/Library/PrivateFrameworks/CoreAUC.framework/Versions/A/CoreAUC
0x0000000243b3b000 	/System/Library/PrivateFrameworks/AppleJPEGXL.framework/Versions/A/AppleJPEGXL
0x0000000245a97000 	/System/Library/PrivateFrameworks/CMImaging.framework/Versions/A/CMImaging
0x00000001be469000 	/System/Library/PrivateFrameworks/Quagga.framework/Versions/A/Quagga
0x00000001be5a1000 	/System/Library/PrivateFrameworks/CMCapture.framework/Versions/A/CMCapture
0x00000001b001f000 	/System/Library/Frameworks/CoreMediaIO.framework/Versions/A/CoreMediaIO
0x00000001b8225000 	/System/Library/PrivateFrameworks/Espresso.framework/Versions/A/Espresso
0x00000001f8c62000 	/System/Library/PrivateFrameworks/ANECompiler.framework/Versions/A/ANECompiler
0x00000001ba1b3000 	/System/Library/PrivateFrameworks/AppleNeuralEngine.framework/Versions/A/AppleNeuralEngine
0x00000001ff4c8000 	/System/Library/Frameworks/MetalPerformanceShadersGraph.framework/Versions/A/MetalPerformanceShadersGraph
0x000000025b5a2000 	/System/Library/PrivateFrameworks/MLCompilerServices.framework/Versions/A/MLCompilerServices
0x00000001b90e3000 	/System/Library/PrivateFrameworks/ANEServices.framework/Versions/A/ANEServices
0x00000001cb3fd000 	/usr/lib/libncurses.5.4.dylib
0x00000001a23d3000 	/usr/lib/libsandbox.1.dylib
0x00000001adc19000 	/usr/lib/libMatch.1.dylib
0x000000025b540000 	/System/Library/PrivateFrameworks/MLCompilerRuntime.framework/Versions/A/MLCompilerRuntime
0x0000000246703000 	/System/Library/PrivateFrameworks/CinematicFraming.framework/Versions/A/CinematicFraming
0x00000001c5511000 	/System/Library/Frameworks/CoreMotion.framework/Versions/A/CoreMotion
0x00000001d3e86000 	/System/Library/PrivateFrameworks/TimeSync.framework/Versions/A/TimeSync
0x000000024b985000 	/System/Library/PrivateFrameworks/DistributedSensing.framework/Versions/A/DistributedSensing
0x00000001cfe42000 	/System/Library/PrivateFrameworks/MobileBluetooth.framework/Versions/A/MobileBluetooth
0x00000001afbcb000 	/System/Library/PrivateFrameworks/LocationSupport.framework/Versions/A/LocationSupport
0x00000001d5965000 	/System/Library/PrivateFrameworks/IOKitten.framework/Versions/A/IOKitten
0x00000001a3ca6000 	/System/Library/PrivateFrameworks/CoreDuet.framework/Versions/A/CoreDuet
0x00000001b6bbe000 	/System/Library/PrivateFrameworks/CoreDuetContext.framework/Versions/A/CoreDuetContext
0x00000002448d4000 	/System/Library/PrivateFrameworks/BiomeLibrary.framework/Versions/A/BiomeLibrary
0x00000001d975e000 	/System/Library/PrivateFrameworks/BiomePubSub.framework/Versions/A/BiomePubSub
0x00000001a7d38000 	/System/Library/Frameworks/CloudKit.framework/Versions/A/CloudKit
0x00000001b6c13000 	/System/Library/Frameworks/Intents.framework/Versions/A/Intents
0x00000001b9285000 	/System/Library/PrivateFrameworks/CoreDuetDaemonProtocol.framework/Versions/A/CoreDuetDaemonProtocol
0x00000001b910f000 	/System/Library/PrivateFrameworks/ProactiveSupport.framework/Versions/A/ProactiveSupport
0x00000001d3f01000 	/System/Library/PrivateFrameworks/BiomeStreams.framework/Versions/A/BiomeStreams
0x00000001d97bb000 	/System/Library/PrivateFrameworks/BiomeStorage.framework/Versions/A/BiomeStorage
0x00000001d09a4000 	/System/Library/PrivateFrameworks/BiomeFoundation.framework/Versions/A/BiomeFoundation
0x0000000259432000 	/System/Library/PrivateFrameworks/IntelligencePlatformLibrary.framework/Versions/A/IntelligencePlatformLibrary
0x000000026351b000 	/System/Library/PrivateFrameworks/PoirotSchematizer.framework/Versions/A/PoirotSchematizer
0x0000000244ef7000 	/System/Library/PrivateFrameworks/BiomeSync.framework/Versions/A/BiomeSync
0x00000002448b5000 	/System/Library/PrivateFrameworks/BiomeFlexibleStorage.framework/Versions/A/BiomeFlexibleStorage
0x000000024489a000 	/System/Library/PrivateFrameworks/BiomeDSL.framework/Versions/A/BiomeDSL
0x000000026358a000 	/System/Library/PrivateFrameworks/PoirotUDFs.framework/Versions/A/PoirotUDFs
0x00000002634ea000 	/System/Library/PrivateFrameworks/PoirotSQLite.framework/Versions/A/PoirotSQLite
0x00000001b7bdf000 	/System/Library/PrivateFrameworks/InternationalTextSearch.framework/Versions/A/InternationalTextSearch
0x00000002462cc000 	/System/Library/PrivateFrameworks/CascadeSets.framework/Versions/A/CascadeSets
0x0000000201c3a000 	/System/Library/Frameworks/SharedWithYouCore.framework/Versions/A/SharedWithYouCore
0x00000001b7ca9000 	/System/Library/PrivateFrameworks/AppleAccount.framework/Versions/A/AppleAccount
0x00000001b8181000 	/System/Library/PrivateFrameworks/C2.framework/Versions/A/C2
0x00000001a9521000 	/System/Library/Frameworks/CoreLocation.framework/Versions/A/CoreLocation
0x0000000246a6d000 	/System/Library/PrivateFrameworks/CloudAssets.framework/Versions/A/CloudAssets
0x00000001b8178000 	/System/Library/Frameworks/PushKit.framework/Versions/A/PushKit
0x00000001e1719000 	/usr/lib/swift/libswiftAVFoundation.dylib
0x00000001c68d5000 	/usr/lib/swift/libswiftCoreAudio.dylib
0x00000001cc72d000 	/usr/lib/swift/libswiftCoreLocation.dylib
0x00000001cc743000 	/usr/lib/swift/libswiftCoreMIDI.dylib
0x00000001dfcd7000 	/usr/lib/swift/libswiftCoreMedia.dylib
0x00000001b132c000 	/System/Library/PrivateFrameworks/Sharing.framework/Versions/A/Sharing
0x00000001b723e000 	/System/Library/PrivateFrameworks/Apple80211.framework/Versions/A/Apple80211
0x00000001ab4e0000 	/System/Library/Frameworks/CoreWLAN.framework/Versions/A/CoreWLAN
0x00000001bb369000 	/System/Library/PrivateFrameworks/AssistantServices.framework/Versions/A/AssistantServices
0x00000001b5c0e000 	/System/Library/PrivateFrameworks/SAObjects.framework/Versions/A/SAObjects
0x00000001bafac000 	/System/Library/PrivateFrameworks/MediaRemote.framework/Versions/A/MediaRemote
0x00000001cba6b000 	/System/Library/PrivateFrameworks/SiriInstrumentation.framework/Versions/A/SiriInstrumentation
0x0000000266b45000 	/System/Library/PrivateFrameworks/SiriAnalytics.framework/Versions/A/SiriAnalytics
0x000000026c1aa000 	/System/Library/PrivateFrameworks/SiriTTSService.framework/Versions/A/SiriTTSService
0x00000002674bc000 	/System/Library/PrivateFrameworks/SiriCrossDeviceArbitration.framework/Versions/A/SiriCrossDeviceArbitration
0x00000001c97d7000 	/System/Library/PrivateFrameworks/FeedbackLogger.framework/Versions/A/FeedbackLogger
0x000000026750d000 	/System/Library/PrivateFrameworks/SiriCrossDeviceArbitrationFeedback.framework/Versions/A/SiriCrossDeviceArbitrationFeedback
0x0000000253e3e000 	/System/Library/PrivateFrameworks/GenerativeModels.framework/Versions/A/GenerativeModels
0x00000001bfe57000 	/System/Library/PrivateFrameworks/MediaServices.framework/Versions/A/MediaServices
0x00000001b0ed9000 	/System/Library/PrivateFrameworks/IDS.framework/Versions/A/IDS
0x00000001ade8f000 	/System/Library/PrivateFrameworks/PersistentConnection.framework/Versions/A/PersistentConnection
0x00000001afb51000 	/System/Library/PrivateFrameworks/IMFoundation.framework/Versions/A/IMFoundation
0x00000001bfff2000 	/System/Library/PrivateFrameworks/Marco.framework/Versions/A/Marco
0x00000001b109f000 	/System/Library/PrivateFrameworks/IDSFoundation.framework/Versions/A/IDSFoundation
0x00000001bc8fd000 	/System/Library/PrivateFrameworks/Engram.framework/Versions/A/Engram
0x00000001bc89e000 	/usr/lib/libtidy.A.dylib
0x00000001d3a0a000 	/System/Library/PrivateFrameworks/FTAWD.framework/Versions/A/FTAWD
0x00000001b1ad5000 	/System/Library/PrivateFrameworks/GeoServices.framework/Versions/A/GeoServices
0x0000000254027000 	/System/Library/PrivateFrameworks/GeoServicesCore.framework/Versions/A/GeoServicesCore
0x00000001c0a1b000 	/System/Library/PrivateFrameworks/PhoneNumbers.framework/Versions/A/PhoneNumbers
0x000000024b406000 	/System/Library/PrivateFrameworks/Dendrite.framework/Versions/A/Dendrite
0x0000000244268000 	/System/Library/PrivateFrameworks/AtomicsInternal.framework/Versions/A/AtomicsInternal
0x00000001cd51e000 	/usr/lib/libtailspin.dylib
0x00000001df7dd000 	/System/Library/PrivateFrameworks/Osprey.framework/Versions/A/Osprey
0x000000026b82a000 	/System/Library/PrivateFrameworks/SiriTTS.framework/Versions/A/SiriTTS
0x00000001c64eb000 	/System/Library/Frameworks/NaturalLanguage.framework/Versions/A/NaturalLanguage
0x000000026a67f000 	/System/Library/PrivateFrameworks/SiriPowerInstrumentation.framework/Versions/A/SiriPowerInstrumentation
0x00000001c72d8000 	/System/Library/PrivateFrameworks/Trial.framework/Versions/A/Trial
0x00000001c725a000 	/System/Library/PrivateFrameworks/TrialProto.framework/Versions/A/TrialProto
0x00000001efc49000 	/usr/lib/swift/libswiftNaturalLanguage.dylib
0x000000026efb7000 	/System/Library/PrivateFrameworks/TailspinSymbolication.framework/Versions/A/TailspinSymbolication
0x000000024b188000 	/System/Library/PrivateFrameworks/Darwinup.framework/Versions/A/Darwinup
0x00000001d8736000 	/System/Library/PrivateFrameworks/SignpostSupport.framework/Versions/A/SignpostSupport
0x00000001c63b5000 	/System/Library/PrivateFrameworks/FeatureFlagsSupport.framework/Versions/A/FeatureFlagsSupport
0x00000001d7eb2000 	/System/Library/PrivateFrameworks/ktrace.framework/Versions/A/ktrace
0x00000001d89ac000 	/System/Library/PrivateFrameworks/SampleAnalysis.framework/Versions/A/SampleAnalysis
0x00000001e1029000 	/System/Library/PrivateFrameworks/kperfdata.framework/Versions/A/kperfdata
0x00000001b19a2000 	/usr/lib/libdscsym.dylib
0x00000001e1471000 	/System/Library/PrivateFrameworks/BulkSymbolication.framework/Versions/A/BulkSymbolication
0x00000001a81cf000 	/System/Library/Frameworks/CoreML.framework/Versions/A/CoreML
0x00000001edfbc000 	/usr/lib/libedit.3.dylib
0x00000001abb17000 	/System/Library/Frameworks/MLCompute.framework/Versions/A/MLCompute
0x000000025b3e5000 	/System/Library/PrivateFrameworks/MLAssetIO.framework/Versions/A/MLAssetIO
0x000000027ef75000 	/usr/lib/swift/libswiftMLCompute.dylib
0x00000001a08b1000 	/System/Library/PrivateFrameworks/LanguageModeling.framework/Versions/A/LanguageModeling
0x00000001a53b3000 	/System/Library/PrivateFrameworks/Montreal.framework/Versions/A/Montreal
0x00000001ac431000 	/usr/lib/libcmph.dylib
0x0000000253ed1000 	/System/Library/PrivateFrameworks/GenerativeModelsFoundation.framework/Versions/A/GenerativeModelsFoundation
0x00000002714f8000 	/System/Library/PrivateFrameworks/TokenGeneration.framework/Versions/A/TokenGeneration
0x0000000253cf2000 	/System/Library/PrivateFrameworks/GenerativeFunctions.framework/Versions/A/GenerativeFunctions
0x0000000253d44000 	/System/Library/PrivateFrameworks/GenerativeFunctionsFoundation.framework/Versions/A/GenerativeFunctionsFoundation
0x000000025d543000 	/System/Library/PrivateFrameworks/ModelCatalog.framework/Versions/A/ModelCatalog
0x00000002663c4000 	/System/Library/PrivateFrameworks/SensitiveContentAnalysisML.framework/Versions/A/SensitiveContentAnalysisML
0x0000000253dba000 	/System/Library/PrivateFrameworks/GenerativeFunctionsInstrumentation.framework/Versions/A/GenerativeFunctionsInstrumentation
0x000000026449f000 	/System/Library/PrivateFrameworks/PromptKit.framework/Versions/A/PromptKit
0x00000002640b9000 	/System/Library/PrivateFrameworks/ProactiveDaemonSupport.framework/Versions/A/ProactiveDaemonSupport
0x00000002716a9000 	/System/Library/PrivateFrameworks/TokenGenerationCore.framework/Versions/A/TokenGenerationCore
0x000000027478b000 	/System/Library/PrivateFrameworks/VectorSearch.framework/Versions/A/VectorSearch
0x000000027eff7000 	/usr/lib/swift/libswiftSynchronization.dylib
0x000000025d6e3000 	/System/Library/PrivateFrameworks/ModelManagerServices.framework/Versions/A/ModelManagerServices
0x00000001c0407000 	/System/Library/PrivateFrameworks/ProactiveEventTracker.framework/Versions/A/ProactiveEventTracker
0x00000002730f1000 	/System/Library/PrivateFrameworks/UnifiedAssetFramework.framework/Versions/A/UnifiedAssetFramework
0x00000002437bd000 	/System/Library/PrivateFrameworks/AppleFlatBuffers.framework/Versions/A/AppleFlatBuffers
0x000000023fcc2000 	/System/Library/PrivateFrameworks/AAAFoundationSwift.framework/Versions/A/AAAFoundationSwift
0x00000001b7ef5000 	/System/Library/PrivateFrameworks/AppleIDSSOAuthentication.framework/Versions/A/AppleIDSSOAuthentication
0x00000001d318c000 	/usr/lib/swift/libswiftCompression.dylib
0x00000002665ae000 	/System/Library/PrivateFrameworks/SentencePieceInternal.framework/Versions/A/SentencePieceInternal
0x00000001b3e1a000 	/System/Library/Frameworks/Vision.framework/Versions/A/Vision
0x000000024ac7a000 	/System/Library/PrivateFrameworks/CoreSceneUnderstanding.framework/Versions/A/CoreSceneUnderstanding
0x00000002752ec000 	/System/Library/PrivateFrameworks/VisionCore.framework/Versions/A/VisionCore
0x00000001cee9b000 	/System/Library/Frameworks/Vision.framework/libfaceCore.dylib
0x00000001cf942000 	/System/Library/PrivateFrameworks/Futhark.framework/Versions/A/Futhark
0x00000001d2f53000 	/System/Library/PrivateFrameworks/InertiaCam.framework/Versions/A/InertiaCam
0x00000001cf724000 	/System/Library/PrivateFrameworks/TextRecognition.framework/Versions/A/TextRecognition
0x00000001adaad000 	/System/Library/PrivateFrameworks/CVNLP.framework/Versions/A/CVNLP
0x0000000252e9d000 	/System/Library/PrivateFrameworks/GRDBInternal.framework/Versions/A/GRDBInternal
0x00000001b9f47000 	/System/Library/PrivateFrameworks/RTCReporting.framework/Versions/A/RTCReporting
0x00000001b8167000 	/System/Library/PrivateFrameworks/IntentsFoundation.framework/Versions/A/IntentsFoundation
0x000000024afcb000 	/System/Library/PrivateFrameworks/CryptoKitPrivate.framework/Versions/A/CryptoKitPrivate
0x00000001b0c65000 	/System/Library/Frameworks/NetworkExtension.framework/Versions/A/NetworkExtension
0x00000001caf88000 	/System/Library/PrivateFrameworks/CaptiveNetwork.framework/Versions/A/CaptiveNetwork
0x00000001b7750000 	/System/Library/PrivateFrameworks/EAP8021X.framework/Versions/A/EAP8021X
0x000000027ef66000 	/usr/lib/swift/libswiftFileProvider.dylib
0x00000001d8979000 	/System/Library/PrivateFrameworks/UIKitServices.framework/Versions/A/UIKitServices
0x000000012c348000 	/Users/jatindergill/Desktop/BCIT/Semester2/Comp-2522-OOPs /javafx/javafx-sdk-21.0.6/lib/libjavafx_font.dylib
0x000000026f533000 	/System/Library/PrivateFrameworks/TextInputUI.framework/Versions/A/TextInputUI
0x000000026f553000 	/System/Library/PrivateFrameworks/TextInputUIMacHelper.framework/Versions/A/TextInputUIMacHelper
0x0000000265a34000 	/System/Library/PrivateFrameworks/Sage.framework/Versions/A/Sage
0x0000000241212000 	/System/Library/PrivateFrameworks/AccessibilityBundles.framework/Versions/A/AccessibilityBundles


VM Arguments:
jvm_args: --module-path=/Users/jatindergill/Desktop/BCIT/Semester2/Comp-2522-OOPs /javafx/javafx-sdk-21.0.6/lib --add-modules=javafx.controls,javafx.fxml -Djava.library.path=/Users/jatindergill/Desktop/BCIT/Semester2/Comp-2522-OOPs /javafx/javafx-sdk-21.0.6/lib -javaagent:/Applications/IntelliJ IDEA.app/Contents/lib/idea_rt.jar=50088 -Dfile.encoding=UTF-8 -Dsun.stdout.encoding=UTF-8 -Dsun.stderr.encoding=UTF-8 
java_command: ca.bcit.Comp2522.termProject.WordGame.Main
java_class_path (initial): /Users/jatindergill/Desktop/BCIT/Semester2/Comp-2522-OOPs /Projects/Term Project/3 Games/.idea/out/production/3 Games:/Users/jatindergill/Desktop/BCIT/Semester2/Comp-2522-OOPs /javafx/javafx-sdk-21.0.6/lib/javafx-swt.jar:/Users/jatindergill/Desktop/BCIT/Semester2/Comp-2522-OOPs /javafx/javafx-sdk-21.0.6/lib/javafx.web.jar:/Users/jatindergill/Desktop/BCIT/Semester2/Comp-2522-OOPs /javafx/javafx-sdk-21.0.6/lib/javafx.base.jar:/Users/jatindergill/Desktop/BCIT/Semester2/Comp-2522-OOPs /javafx/javafx-sdk-21.0.6/lib/javafx.fxml.jar:/Users/jatindergill/Desktop/BCIT/Semester2/Comp-2522-OOPs /javafx/javafx-sdk-21.0.6/lib/javafx.media.jar:/Users/jatindergill/Desktop/BCIT/Semester2/Comp-2522-OOPs /javafx/javafx-sdk-21.0.6/lib/javafx.swing.jar:/Users/jatindergill/Desktop/BCIT/Semester2/Comp-2522-OOPs /javafx/javafx-sdk-21.0.6/lib/javafx.controls.jar:/Users/jatindergill/Desktop/BCIT/Semester2/Comp-2522-OOPs /javafx/javafx-sdk-21.0.6/lib/javafx.graphics.jar:/Users/jatindergill/.m2/repository/org/jetbrains/kotlin/kotlin-stdlib-jdk8/2.0.21/kotlin-stdlib-jdk8-2.0.21.jar:/Users/jatindergill/.m2/repository/org/jetbrains/kotlin/kotlin-stdlib/2.0.21/kotlin-stdlib-2.0.21.jar:/Users/jatindergill/.m2/repository/org/jetbrains/annotations/13.0/annotations-13.0.jar:/Users/jatindergill/.m2/repository/org/jetbrains/kotlin/kotlin-stdlib-jdk7/2.0.21/kotlin-stdlib-jdk7-2.0.21.jar
Launcher Type: SUN_STANDARD

[Global flags]
     intx CICompilerCount                          = 4                                         {product} {ergonomic}
     uint ConcGCThreads                            = 2                                         {product} {ergonomic}
     uint G1ConcRefinementThreads                  = 8                                         {product} {ergonomic}
   size_t G1HeapRegionSize                         = 1048576                                   {product} {ergonomic}
   size_t InitialHeapSize                          = 134217728                                 {product} {ergonomic}
   size_t MarkStackSize                            = 4194304                                   {product} {ergonomic}
   size_t MaxHeapSize                              = 2147483648                                {product} {ergonomic}
   size_t MaxNewSize                               = 1287651328                                {product} {ergonomic}
   size_t MinHeapDeltaBytes                        = 1048576                                   {product} {ergonomic}
   size_t MinHeapSize                              = 8388608                                   {product} {ergonomic}
    uintx NonNMethodCodeHeapSize                   = 5839564                                {pd product} {ergonomic}
    uintx NonProfiledCodeHeapSize                  = 122909338                              {pd product} {ergonomic}
    uintx ProfiledCodeHeapSize                     = 122909338                              {pd product} {ergonomic}
    uintx ReservedCodeCacheSize                    = 251658240                              {pd product} {ergonomic}
     bool SegmentedCodeCache                       = true                                      {product} {ergonomic}
   size_t SoftMaxHeapSize                          = 2147483648                             {manageable} {ergonomic}
     bool UseCompressedOops                        = true                           {product lp64_product} {ergonomic}
     bool UseG1GC                                  = true                                      {product} {ergonomic}
     bool UseNUMA                                  = false                                     {product} {ergonomic}
     bool UseNUMAInterleaving                      = false                                     {product} {ergonomic}

Logging:
Log output configuration:
 #0: stdout all=warning uptime,level,tags foldmultilines=false
 #1: stderr all=off uptime,level,tags foldmultilines=false

Environment Variables:
PATH=/Users/jatindergill/Apps/apache-ant-1.10.15/bin:/Applications/eclipse-workspace/apache-ant-1.10.15/bin:/opt/homebrew/bin:/opt/homebrew/sbin:/usr/local/bin:/System/Cryptexes/App/usr/bin:/usr/bin:/bin:/usr/sbin:/sbin:/var/run/com.apple.security.cryptexd/codex.system/bootstrap/usr/local/bin:/var/run/com.apple.security.cryptexd/codex.system/bootstrap/usr/bin:/var/run/com.apple.security.cryptexd/codex.system/bootstrap/usr/appleinternal/bin:/Library/Apple/usr/bin:/Users/jatindergill/Desktop/ANT/apache-ant-1.10.15/bin:/Users/jatindergill/Library/Application Support/JetBrains/Toolbox/scripts
SHELL=/bin/zsh
LC_CTYPE=en_CA.UTF-8
TMPDIR=/var/folders/3d/n1gdt7t127l2b51qkg822cpc0000gn/T/

Active Locale:
LC_ALL=C/en_CA.UTF-8/C/C/C/C
LC_COLLATE=C
LC_CTYPE=en_CA.UTF-8
LC_MESSAGES=C
LC_MONETARY=C
LC_NUMERIC=C
LC_TIME=C

Signal Handlers:
   SIGSEGV: crash_handler in libjvm.dylib, mask=11100110000111110111111111111111, flags=SA_ONSTACK|SA_RESTART|SA_SIGINFO, unblocked
    SIGBUS: crash_handler in libjvm.dylib, mask=11100110000111110111111111111111, flags=SA_RESTART|SA_SIGINFO, unblocked
    SIGFPE: crash_handler in libjvm.dylib, mask=11100110000111110111111111111111, flags=SA_RESTART|SA_SIGINFO, unblocked
   SIGPIPE: javaSignalHandler in libjvm.dylib, mask=11100110000111110111111111111111, flags=SA_RESTART|SA_SIGINFO, blocked
   SIGXFSZ: javaSignalHandler in libjvm.dylib, mask=11100110000111110111111111111111, flags=SA_RESTART|SA_SIGINFO, blocked
    SIGILL: crash_handler in libjvm.dylib, mask=11100110000111110111111111111111, flags=SA_RESTART|SA_SIGINFO, unblocked
   SIGUSR2: SR_handler in libjvm.dylib, mask=00000000000000000000000000000000, flags=SA_RESTART|SA_SIGINFO, blocked
    SIGHUP: UserHandler in libjvm.dylib, mask=11100110000111110111111111111111, flags=SA_RESTART|SA_SIGINFO, blocked
    SIGINT: UserHandler in libjvm.dylib, mask=11100110000111110111111111111111, flags=SA_RESTART|SA_SIGINFO, blocked
   SIGTERM: UserHandler in libjvm.dylib, mask=11100110000111110111111111111111, flags=SA_RESTART|SA_SIGINFO, blocked
   SIGQUIT: UserHandler in libjvm.dylib, mask=11100110000111110111111111111111, flags=SA_RESTART|SA_SIGINFO, blocked
   SIGTRAP: crash_handler in libjvm.dylib, mask=11100110000111110111111111111111, flags=SA_RESTART|SA_SIGINFO, unblocked


Periodic native trim disabled

---------------  S Y S T E M  ---------------

OS:
uname: Darwin 24.3.0 Darwin Kernel Version 24.3.0: Thu Jan  2 20:23:36 PST 2025; root:xnu-11215.81.4~3/RELEASE_ARM64_T8112 arm64
OS uptime: 4 days 21:22 hours
rlimit (soft/hard): STACK 8176k/65520k , CORE 0k/infinity , NPROC 1333/2000 , NOFILE 10240/infinity , AS infinity/infinity , CPU infinity/infinity , DATA infinity/infinity , FSIZE infinity/infinity , MEMLOCK infinity/infinity , RSS infinity/infinity
load average: 2.55 3.01 2.98

CPU: total 8 (initial active 8) 0x61:0x0:0xda33d83d:0, fp, asimd, aes, pmull, sha1, sha256, crc32, lse, sha3, sha512
machdep.cpu.brand_string:Apple M2
hw.cachelinesize:128
hw.l1icachesize:131072
hw.l1dcachesize:65536
hw.l2cachesize:4194304

Memory: 16k page, physical 8388608k(70272k free), swap 7340032k(936448k free)

vm_info: Java HotSpot(TM) 64-Bit Server VM (22.0.2+9-70) for bsd-aarch64 JRE (22.0.2+9-70), built on 2024-06-04T16:52:23Z by "mach5one" with clang Apple LLVM 14.0.3 (clang-1403.0.22.14.1)

END.
