#
# A fatal error has been detected by the Java Runtime Environment:
#
#  SIGSEGV (0xb) at pc=0x000000019e452470, pid=22494, tid=259
#
# JRE version: Java(TM) SE Runtime Environment (22.0.2+9) (build 22.0.2+9-70)
# Java VM: Java HotSpot(TM) 64-Bit Server VM (22.0.2+9-70, mixed mode, sharing, tiered, compressed oops, compressed class ptrs, g1 gc, bsd-aarch64)
# Problematic frame:
# C  [libobjc.A.dylib+0x1e470]  objc_opt_isKindOfClass+0x38
#
# No core dump will be written. Core dumps have been disabled. To enable core dumping, try "ulimit -c unlimited" before starting Java again
#
# If you would like to submit a bug report, please visit:
#   https://bugreport.java.com/bugreport/crash.jsp
#

---------------  S U M M A R Y ------------

Command Line: --module-path=/Users/jatindergill/Desktop/BCIT/Semester2/Comp-2522-OOPs /javafx/javafx-sdk-21.0.6/lib --add-modules=javafx.controls,javafx.fxml -Djava.library.path=/Users/jatindergill/Desktop/BCIT/Semester2/Comp-2522-OOPs /javafx/javafx-sdk-21.0.6/lib -javaagent:/Applications/IntelliJ IDEA.app/Contents/lib/idea_rt.jar=57520 -Dfile.encoding=UTF-8 -Dsun.stdout.encoding=UTF-8 -Dsun.stderr.encoding=UTF-8 ca.bcit.Comp2522.termProject.WordGame.Main

Host: "Mac14,2" arm64, 8 cores, 8G, Darwin 24.3.0, macOS 15.3.2 (24D81)
Time: Sat Mar 29 02:21:53 2025 PDT elapsed time: 247.666155 seconds (0d 0h 4m 7s)

---------------  T H R E A D  ---------------

Current thread is native thread

Stack: [0x000000016e814000,0x000000016f010000],  sp=0x000000016f00a640,  free space=8153k
Native frames: (J=compiled Java code, j=interpreted, Vv=VM code, C=native code)
C  [libobjc.A.dylib+0x1e470]  objc_opt_isKindOfClass+0x38
C  [AppKit+0x80e578]  NSAccessibilityPerformEntryPointObject+0x2c
C  [AppKit+0x2871d8]  _NSAccessibilityEntryPointValueForAttribute+0xe0
C  [AppKit+0x9a7930]  -[NSAccessibilityElement accessibilityAttributeValue:]+0x90
C  [AppKit+0xb9d60]  NSAccessibilityGetObjectForAttributeUsingLegacyAPI+0x118
C  [AppKit+0xb940c]  NSAccessibilityGetObjectValueForAttribute+0x624
C  [AppKit+0xb89c4]  -[NSAccessibilityAttributeAccessorInfo getAttributeValue:forObject:]+0x3c
C  [AppKit+0x8129e0]  ___NSAccessibilityEntryPointValueForAttribute_block_invoke.770+0x5e0
C  [AppKit+0x80e578]  NSAccessibilityPerformEntryPointObject+0x2c
C  [AppKit+0x2871d8]  _NSAccessibilityEntryPointValueForAttribute+0xe0
C  [AppKit+0x56da00]  -[NSObject(NSAccessibilityInternal) _accessibilityValueForAttribute:clientError:]+0x110
C  [AppKit+0x5738f0]  CopyAppKitUIElementAttributeValueNoCatch+0x5c
C  [AppKit+0x5703cc]  CopyAttributeValue+0xb4
C  [HIServices+0x2a754]  _AXXMIGCopyAttributeValue+0x1ec
C  [HIServices+0x56c10]  _XCopyAttributeValue+0x194
C  [HIServices+0x8394]  mshMIGPerform+0xd4
C  [CoreFoundation+0x7de38]  __CFRUNLOOP_IS_CALLING_OUT_TO_A_SOURCE1_PERFORM_FUNCTION__+0x3c
C  [CoreFoundation+0x7dd58]  __CFRunLoopDoSource1+0x20c
C  [CoreFoundation+0x7c6b8]  __CFRunLoopRun+0x8c8
C  [CoreFoundation+0x7b734]  CFRunLoopRunSpecific+0x24c
C  [libjli.dylib+0xcea4]  CreateExecutionEnvironment+0x194
C  [libjli.dylib+0x8ab4]  JLI_Launch+0x480
C  [java+0x3bbc]  main+0x18c
C  [dyld+0x6274]  start+0xb18

siginfo: si_signo: 11 (SIGSEGV), si_code: 2 (SEGV_ACCERR), si_addr: 0x000000000000001e

Registers:
 x0=0x000000011ef515e0  x1=0x0000000208195460  x2=0x0000000208195460  x3=0x0000600000bc2560
 x4=0x0000000000000000  x5=0x00000000f843c842  x6=0x0000000000000048  x7=0x0000000000000008
 x8=0x0000000000000000  x9=0x2d87cc12e9d400ad x10=0x000060031f7a29d4 x11=0x0000000000000001
x12=0x0000000000000000 x13=0x0000600000bfaf70 x14=0x030000010d61ef4f x15=0x000000010d61e7c8
x16=0x0000000000000000 x17=0x0000000000000000 x18=0x0000000000000000 x19=0x0000600000bc2560
x20=0x000000011ef515e0 x21=0x0000600000b8b4c0 x22=0x0000600001eccdc0 x23=0x0000000000000000
x24=0x0000000000000000 x25=0x0000000000000000 x26=0x000000020973fae8 x27=0x00000002097744e8
x28=0x00000002081dd000  fp=0x000000016f00a770  lr=0x00000001a2c417cc  sp=0x000000016f00a640
pc=0x000000019e452470 cpsr=0x0000000060001000

Top of Stack: (sp=0x000000016f00a640)
0x000000016f00a640:   0000000000000000 0000000000000000
0x000000016f00a650:   0000000000000000 0000000000000000
0x000000016f00a660:   0000000000000000 0000000000000000
0x000000016f00a670:   0000000000000000 0000000000000000
0x000000016f00a680:   0000000000000000 0000000000000000
0x000000016f00a690:   000000011ef515e0 0000000000000000
0x000000016f00a6a0:   0000000000000000 0000000000000000
0x000000016f00a6b0:   0000000000000000 0000000000000000
0x000000016f00a6c0:   0000000000000000 0000000000000000
0x000000016f00a6d0:   0000000000000000 0000000000000000
0x000000016f00a6e0:   0000000000000000 0000000000000000
0x000000016f00a6f0:   0000000000000000 0000000000000000
0x000000016f00a700:   0000000000000000 0000000000000000
0x000000016f00a710:   0000000000000000 2d87cc12e9d400ad
0x000000016f00a720:   00000002081dd000 00000002097744e8
0x000000016f00a730:   000000020973fae8 0000000000000000
0x000000016f00a740:   0000000000000000 0000000000000000
0x000000016f00a750:   000000020973fbc8 0000000000000001
0x000000016f00a760:   0000600000bc2560 0000000205e6e000
0x000000016f00a770:   000000016f00a790 00000001a2c3d578
0x000000016f00a780:   0000600000bc2560 000000020973fb48
0x000000016f00a790:   000000016f00a830 00000001a26b61d8
0x000000016f00a7a0:   0000000000000000 000000020817e188
0x000000016f00a7b0:   00000000c2000000 00000001a2c41400
0x000000016f00a7c0:   0000000209720670 0000600000bc2560
0x000000016f00a7d0:   000000020973fb48 000000019e470001
0x000000016f00a7e0:   000000016f00a800 2d87cc12e9d400ad
0x000000016f00a7f0:   000000020973fae8 0000000000000000
0x000000016f00a800:   0000000000000000 0000000000000000
0x000000016f00a810:   000000020973fbc8 0000000202286000
0x000000016f00a820:   000000020973fb48 0000600000bc2560
0x000000016f00a830:   000000016f00a860 00000001a2dd6930 

Instructions: (pc=0x000000019e452470)
0x000000019e452370:   e9 03 08 aa df fe a9 88 3f 01 08 6b 80 00 00 54
0x000000019e452380:   80 c6 33 b0 00 00 14 91 eb 8c 00 94 e0 03 13 aa
0x000000019e452390:   a1 8b 00 94 7f 23 03 d5 f8 5f bc a9 f6 57 01 a9
0x000000019e4523a0:   f4 4f 02 a9 fd 7b 03 a9 fd c3 00 91 f3 03 06 aa
0x000000019e4523b0:   f5 03 05 aa f6 03 04 aa f7 03 03 aa f4 03 02 aa
0x000000019e4523c0:   f8 03 01 aa e0 03 01 aa 43 8d 00 94 1f 00 16 eb
0x000000019e4523d0:   c1 00 00 54 e0 03 17 aa e1 03 18 aa e2 03 16 aa
0x000000019e4523e0:   41 8d 00 94 60 00 00 34 20 00 80 52 0d 00 00 14
0x000000019e4523f0:   60 06 00 91 21 00 80 52 a2 e5 8e 52 e2 5c b9 72
0x000000019e452400:   89 8c 00 94 f6 03 00 aa e1 03 15 aa e2 03 13 aa
0x000000019e452410:   9d 8c 00 94 00 00 80 52 df 6a 33 38 96 02 00 f9
0x000000019e452420:   fd 7b 43 a9 f4 4f 42 a9 f6 57 41 a9 f8 5f c4 a8
0x000000019e452430:   ff 0f 5f d6 00 00 00 00 c0 04 00 b4 e2 03 01 aa
0x000000019e452440:   a0 04 f8 b7 08 00 40 f9 10 cd 7d 92 f1 03 00 aa
0x000000019e452450:   31 5c ed f2 30 1a c1 da f1 03 10 aa f1 47 c1 da
0x000000019e452460:   1f 02 11 eb 40 00 00 54 40 8e 38 d4 e8 03 10 aa
0x000000019e452470:   09 3d c0 79 09 07 f8 36 1f 01 02 eb 20 02 00 54
0x000000019e452480:   10 8d 40 f8 30 02 00 b4 f1 03 08 aa 71 b5 f6 f2
0x000000019e452490:   30 1a c1 da f1 03 10 aa f1 47 c1 da 1f 02 11 eb
0x000000019e4524a0:   40 00 00 54 40 8e 38 d4 e8 03 10 aa 1f 02 00 f1
0x000000019e4524b0:   e9 17 9f 1a 04 12 42 fa 41 fe ff 54 04 00 00 14
0x000000019e4524c0:   09 00 80 52 02 00 00 14 29 00 80 52 20 01 00 52
0x000000019e4524d0:   c0 03 5f d6 08 08 40 92 49 e9 34 90 29 81 07 91
0x000000019e4524e0:   28 0d 08 8b 10 01 40 f9 f1 03 08 aa b1 f3 f1 f2
0x000000019e4524f0:   30 1e c1 da f1 03 10 aa f1 47 c1 da 1f 02 11 eb
0x000000019e452500:   40 00 00 54 60 8e 38 d4 e8 03 10 aa 29 e9 34 f0
0x000000019e452510:   29 61 25 91 1f 02 09 eb c1 fa ff 54 28 e9 34 f0
0x000000019e452520:   08 81 27 91 09 fc 77 d3 08 0d 29 8b 10 01 40 f9
0x000000019e452530:   f1 03 08 aa b1 f3 f1 f2 30 1e c1 da f1 03 10 aa
0x000000019e452540:   f1 47 c1 da 1f 02 11 eb 40 00 00 54 60 8e 38 d4
0x000000019e452550:   c7 ff ff 17 28 25 3a f0 01 51 2a 91 a9 ac ff 17
0x000000019e452560:   00 00 00 00 00 00 00 00 00 00 00 00 20 00 80 52 



---------------  P R O C E S S  ---------------

VM state: not at safepoint (normal execution)

VM Mutex/Monitor currently owned by a thread: None

Heap address: 0x0000000780000000, size: 2048 MB, Compressed Oops mode: Zero based, Oop shift amount: 3

CDS archive(s) mapped at: [0x00000ffe00000000-0x00000ffe00c74000-0x00000ffe00c74000), size 13058048, SharedBaseAddress: 0x00000ffe00000000, ArchiveRelocationMode: 1.
Compressed class space mapped at: 0x00000ffe01000000-0x00000ffe41000000, reserved size: 1073741824
Narrow klass base: 0x00000ffe00000000, Narrow klass shift: 0, Narrow klass range: 0x100000000

GC Precious Log:
<Skipped>

Heap:
 garbage-first heap   total reserved 2097152K, committed 133120K, used 38948K [0x0000000780000000, 0x0000000800000000)
  region size 1024K, 34 young (34816K), 6 survivors (6144K)
 Metaspace       used 18415K, committed 18816K, reserved 1114112K
  class space    used 2348K, committed 2560K, reserved 1048576K

Heap Regions: E=young(eden), S=young(survivor), O=old, HS=humongous(starts), HC=humongous(continues), CS=collection set, F=free, TAMS=top-at-mark-start, PB=parsable bottom
|   0|0x0000000780000000, 0x0000000780100000, 0x0000000780100000|100%| O|  |TAMS 0x0000000780000000| PB 0x0000000780000000| Untracked |  0
|   1|0x0000000780100000, 0x0000000780200000, 0x0000000780200000|100%|HS|  |TAMS 0x0000000780100000| PB 0x0000000780100000| Complete |  0
|   2|0x0000000780200000, 0x0000000780300000, 0x0000000780300000|100%|HC|  |TAMS 0x0000000780200000| PB 0x0000000780200000| Complete |  0
|   3|0x0000000780300000, 0x0000000780304b10, 0x0000000780400000|  1%| O|  |TAMS 0x0000000780300000| PB 0x0000000780300000| Untracked |  0
|   4|0x0000000780400000, 0x0000000780400000, 0x0000000780500000|  0%| F|  |TAMS 0x0000000780400000| PB 0x0000000780400000| Untracked |  0
|   5|0x0000000780500000, 0x0000000780500000, 0x0000000780600000|  0%| F|  |TAMS 0x0000000780500000| PB 0x0000000780500000| Untracked |  0
|   6|0x0000000780600000, 0x0000000780600000, 0x0000000780700000|  0%| F|  |TAMS 0x0000000780600000| PB 0x0000000780600000| Untracked |  0
|   7|0x0000000780700000, 0x0000000780700000, 0x0000000780800000|  0%| F|  |TAMS 0x0000000780700000| PB 0x0000000780700000| Untracked |  0
|   8|0x0000000780800000, 0x0000000780800000, 0x0000000780900000|  0%| F|  |TAMS 0x0000000780800000| PB 0x0000000780800000| Untracked |  0
|   9|0x0000000780900000, 0x0000000780900000, 0x0000000780a00000|  0%| F|  |TAMS 0x0000000780900000| PB 0x0000000780900000| Untracked |  0
|  10|0x0000000780a00000, 0x0000000780a00000, 0x0000000780b00000|  0%| F|  |TAMS 0x0000000780a00000| PB 0x0000000780a00000| Untracked |  0
|  11|0x0000000780b00000, 0x0000000780b00000, 0x0000000780c00000|  0%| F|  |TAMS 0x0000000780b00000| PB 0x0000000780b00000| Untracked |  0
|  12|0x0000000780c00000, 0x0000000780c00000, 0x0000000780d00000|  0%| F|  |TAMS 0x0000000780c00000| PB 0x0000000780c00000| Untracked |  0
|  13|0x0000000780d00000, 0x0000000780d00000, 0x0000000780e00000|  0%| F|  |TAMS 0x0000000780d00000| PB 0x0000000780d00000| Untracked |  0
|  14|0x0000000780e00000, 0x0000000780e00000, 0x0000000780f00000|  0%| F|  |TAMS 0x0000000780e00000| PB 0x0000000780e00000| Untracked |  0
|  15|0x0000000780f00000, 0x0000000780f00000, 0x0000000781000000|  0%| F|  |TAMS 0x0000000780f00000| PB 0x0000000780f00000| Untracked |  0
|  16|0x0000000781000000, 0x0000000781000000, 0x0000000781100000|  0%| F|  |TAMS 0x0000000781000000| PB 0x0000000781000000| Untracked |  0
|  17|0x0000000781100000, 0x0000000781100000, 0x0000000781200000|  0%| F|  |TAMS 0x0000000781100000| PB 0x0000000781100000| Untracked |  0
|  18|0x0000000781200000, 0x0000000781200000, 0x0000000781300000|  0%| F|  |TAMS 0x0000000781200000| PB 0x0000000781200000| Untracked |  0
|  19|0x0000000781300000, 0x0000000781300000, 0x0000000781400000|  0%| F|  |TAMS 0x0000000781300000| PB 0x0000000781300000| Untracked |  0
|  20|0x0000000781400000, 0x0000000781400000, 0x0000000781500000|  0%| F|  |TAMS 0x0000000781400000| PB 0x0000000781400000| Untracked |  0
|  21|0x0000000781500000, 0x0000000781500000, 0x0000000781600000|  0%| F|  |TAMS 0x0000000781500000| PB 0x0000000781500000| Untracked |  0
|  22|0x0000000781600000, 0x0000000781600000, 0x0000000781700000|  0%| F|  |TAMS 0x0000000781600000| PB 0x0000000781600000| Untracked |  0
|  23|0x0000000781700000, 0x0000000781700000, 0x0000000781800000|  0%| F|  |TAMS 0x0000000781700000| PB 0x0000000781700000| Untracked |  0
|  24|0x0000000781800000, 0x0000000781800000, 0x0000000781900000|  0%| F|  |TAMS 0x0000000781800000| PB 0x0000000781800000| Untracked |  0
|  25|0x0000000781900000, 0x0000000781900000, 0x0000000781a00000|  0%| F|  |TAMS 0x0000000781900000| PB 0x0000000781900000| Untracked |  0
|  26|0x0000000781a00000, 0x0000000781a00000, 0x0000000781b00000|  0%| F|  |TAMS 0x0000000781a00000| PB 0x0000000781a00000| Untracked |  0
|  27|0x0000000781b00000, 0x0000000781b00000, 0x0000000781c00000|  0%| F|  |TAMS 0x0000000781b00000| PB 0x0000000781b00000| Untracked |  0
|  28|0x0000000781c00000, 0x0000000781c00000, 0x0000000781d00000|  0%| F|  |TAMS 0x0000000781c00000| PB 0x0000000781c00000| Untracked |  0
|  29|0x0000000781d00000, 0x0000000781d00000, 0x0000000781e00000|  0%| F|  |TAMS 0x0000000781d00000| PB 0x0000000781d00000| Untracked |  0
|  30|0x0000000781e00000, 0x0000000781e00000, 0x0000000781f00000|  0%| F|  |TAMS 0x0000000781e00000| PB 0x0000000781e00000| Untracked |  0
|  31|0x0000000781f00000, 0x0000000781f00000, 0x0000000782000000|  0%| F|  |TAMS 0x0000000781f00000| PB 0x0000000781f00000| Untracked |  0
|  32|0x0000000782000000, 0x0000000782000000, 0x0000000782100000|  0%| F|  |TAMS 0x0000000782000000| PB 0x0000000782000000| Untracked |  0
|  33|0x0000000782100000, 0x0000000782100000, 0x0000000782200000|  0%| F|  |TAMS 0x0000000782100000| PB 0x0000000782100000| Untracked |  0
|  34|0x0000000782200000, 0x0000000782200000, 0x0000000782300000|  0%| F|  |TAMS 0x0000000782200000| PB 0x0000000782200000| Untracked |  0
|  35|0x0000000782300000, 0x0000000782300000, 0x0000000782400000|  0%| F|  |TAMS 0x0000000782300000| PB 0x0000000782300000| Untracked |  0
|  36|0x0000000782400000, 0x0000000782400000, 0x0000000782500000|  0%| F|  |TAMS 0x0000000782400000| PB 0x0000000782400000| Untracked |  0
|  37|0x0000000782500000, 0x0000000782500000, 0x0000000782600000|  0%| F|  |TAMS 0x0000000782500000| PB 0x0000000782500000| Untracked |  0
|  38|0x0000000782600000, 0x0000000782600000, 0x0000000782700000|  0%| F|  |TAMS 0x0000000782600000| PB 0x0000000782600000| Untracked |  0
|  39|0x0000000782700000, 0x0000000782700000, 0x0000000782800000|  0%| F|  |TAMS 0x0000000782700000| PB 0x0000000782700000| Untracked |  0
|  40|0x0000000782800000, 0x0000000782800000, 0x0000000782900000|  0%| F|  |TAMS 0x0000000782800000| PB 0x0000000782800000| Untracked |  0
|  41|0x0000000782900000, 0x0000000782900000, 0x0000000782a00000|  0%| F|  |TAMS 0x0000000782900000| PB 0x0000000782900000| Untracked |  0
|  42|0x0000000782a00000, 0x0000000782a00000, 0x0000000782b00000|  0%| F|  |TAMS 0x0000000782a00000| PB 0x0000000782a00000| Untracked |  0
|  43|0x0000000782b00000, 0x0000000782b00000, 0x0000000782c00000|  0%| F|  |TAMS 0x0000000782b00000| PB 0x0000000782b00000| Untracked |  0
|  44|0x0000000782c00000, 0x0000000782c00000, 0x0000000782d00000|  0%| F|  |TAMS 0x0000000782c00000| PB 0x0000000782c00000| Untracked |  0
|  45|0x0000000782d00000, 0x0000000782d00000, 0x0000000782e00000|  0%| F|  |TAMS 0x0000000782d00000| PB 0x0000000782d00000| Untracked |  0
|  46|0x0000000782e00000, 0x0000000782e00000, 0x0000000782f00000|  0%| F|  |TAMS 0x0000000782e00000| PB 0x0000000782e00000| Untracked |  0
|  47|0x0000000782f00000, 0x0000000782f00000, 0x0000000783000000|  0%| F|  |TAMS 0x0000000782f00000| PB 0x0000000782f00000| Untracked |  0
|  48|0x0000000783000000, 0x0000000783000000, 0x0000000783100000|  0%| F|  |TAMS 0x0000000783000000| PB 0x0000000783000000| Untracked |  0
|  49|0x0000000783100000, 0x0000000783100000, 0x0000000783200000|  0%| F|  |TAMS 0x0000000783100000| PB 0x0000000783100000| Untracked |  0
|  50|0x0000000783200000, 0x0000000783200000, 0x0000000783300000|  0%| F|  |TAMS 0x0000000783200000| PB 0x0000000783200000| Untracked |  0
|  51|0x0000000783300000, 0x0000000783300000, 0x0000000783400000|  0%| F|  |TAMS 0x0000000783300000| PB 0x0000000783300000| Untracked |  0
|  52|0x0000000783400000, 0x0000000783400000, 0x0000000783500000|  0%| F|  |TAMS 0x0000000783400000| PB 0x0000000783400000| Untracked |  0
|  53|0x0000000783500000, 0x0000000783500000, 0x0000000783600000|  0%| F|  |TAMS 0x0000000783500000| PB 0x0000000783500000| Untracked |  0
|  54|0x0000000783600000, 0x0000000783600000, 0x0000000783700000|  0%| F|  |TAMS 0x0000000783600000| PB 0x0000000783600000| Untracked |  0
|  55|0x0000000783700000, 0x0000000783700000, 0x0000000783800000|  0%| F|  |TAMS 0x0000000783700000| PB 0x0000000783700000| Untracked |  0
|  56|0x0000000783800000, 0x0000000783800000, 0x0000000783900000|  0%| F|  |TAMS 0x0000000783800000| PB 0x0000000783800000| Untracked |  0
|  57|0x0000000783900000, 0x0000000783900000, 0x0000000783a00000|  0%| F|  |TAMS 0x0000000783900000| PB 0x0000000783900000| Untracked |  0
|  58|0x0000000783a00000, 0x0000000783a00000, 0x0000000783b00000|  0%| F|  |TAMS 0x0000000783a00000| PB 0x0000000783a00000| Untracked |  0
|  59|0x0000000783b00000, 0x0000000783b00000, 0x0000000783c00000|  0%| F|  |TAMS 0x0000000783b00000| PB 0x0000000783b00000| Untracked |  0
|  60|0x0000000783c00000, 0x0000000783c00000, 0x0000000783d00000|  0%| F|  |TAMS 0x0000000783c00000| PB 0x0000000783c00000| Untracked |  0
|  61|0x0000000783d00000, 0x0000000783d00000, 0x0000000783e00000|  0%| F|  |TAMS 0x0000000783d00000| PB 0x0000000783d00000| Untracked |  0
|  62|0x0000000783e00000, 0x0000000783e00000, 0x0000000783f00000|  0%| F|  |TAMS 0x0000000783e00000| PB 0x0000000783e00000| Untracked |  0
|  63|0x0000000783f00000, 0x0000000783f00000, 0x0000000784000000|  0%| F|  |TAMS 0x0000000783f00000| PB 0x0000000783f00000| Untracked |  0
|  64|0x0000000784000000, 0x0000000784000000, 0x0000000784100000|  0%| F|  |TAMS 0x0000000784000000| PB 0x0000000784000000| Untracked |  0
|  65|0x0000000784100000, 0x0000000784100000, 0x0000000784200000|  0%| F|  |TAMS 0x0000000784100000| PB 0x0000000784100000| Untracked |  0
|  66|0x0000000784200000, 0x0000000784200000, 0x0000000784300000|  0%| F|  |TAMS 0x0000000784200000| PB 0x0000000784200000| Untracked |  0
|  67|0x0000000784300000, 0x0000000784300000, 0x0000000784400000|  0%| F|  |TAMS 0x0000000784300000| PB 0x0000000784300000| Untracked |  0
|  68|0x0000000784400000, 0x0000000784400000, 0x0000000784500000|  0%| F|  |TAMS 0x0000000784400000| PB 0x0000000784400000| Untracked |  0
|  69|0x0000000784500000, 0x0000000784500000, 0x0000000784600000|  0%| F|  |TAMS 0x0000000784500000| PB 0x0000000784500000| Untracked |  0
|  70|0x0000000784600000, 0x0000000784600000, 0x0000000784700000|  0%| F|  |TAMS 0x0000000784600000| PB 0x0000000784600000| Untracked |  0
|  71|0x0000000784700000, 0x0000000784700000, 0x0000000784800000|  0%| F|  |TAMS 0x0000000784700000| PB 0x0000000784700000| Untracked |  0
|  72|0x0000000784800000, 0x0000000784800000, 0x0000000784900000|  0%| F|  |TAMS 0x0000000784800000| PB 0x0000000784800000| Untracked |  0
|  73|0x0000000784900000, 0x0000000784900000, 0x0000000784a00000|  0%| F|  |TAMS 0x0000000784900000| PB 0x0000000784900000| Untracked |  0
|  74|0x0000000784a00000, 0x0000000784a00000, 0x0000000784b00000|  0%| F|  |TAMS 0x0000000784a00000| PB 0x0000000784a00000| Untracked |  0
|  75|0x0000000784b00000, 0x0000000784b00000, 0x0000000784c00000|  0%| F|  |TAMS 0x0000000784b00000| PB 0x0000000784b00000| Untracked |  0
|  76|0x0000000784c00000, 0x0000000784c00000, 0x0000000784d00000|  0%| F|  |TAMS 0x0000000784c00000| PB 0x0000000784c00000| Untracked |  0
|  77|0x0000000784d00000, 0x0000000784d00000, 0x0000000784e00000|  0%| F|  |TAMS 0x0000000784d00000| PB 0x0000000784d00000| Untracked |  0
|  78|0x0000000784e00000, 0x0000000784e00000, 0x0000000784f00000|  0%| F|  |TAMS 0x0000000784e00000| PB 0x0000000784e00000| Untracked |  0
|  79|0x0000000784f00000, 0x0000000785000000, 0x0000000785000000|100%| S|CS|TAMS 0x0000000784f00000| PB 0x0000000784f00000| Complete |  0
|  80|0x0000000785000000, 0x0000000785100000, 0x0000000785100000|100%| S|CS|TAMS 0x0000000785000000| PB 0x0000000785000000| Complete |  0
|  81|0x0000000785100000, 0x0000000785200000, 0x0000000785200000|100%| S|CS|TAMS 0x0000000785100000| PB 0x0000000785100000| Complete |  0
|  82|0x0000000785200000, 0x0000000785300000, 0x0000000785300000|100%| S|CS|TAMS 0x0000000785200000| PB 0x0000000785200000| Complete |  0
|  83|0x0000000785300000, 0x0000000785400000, 0x0000000785400000|100%| S|CS|TAMS 0x0000000785300000| PB 0x0000000785300000| Complete |  0
|  84|0x0000000785400000, 0x0000000785500000, 0x0000000785500000|100%| S|CS|TAMS 0x0000000785400000| PB 0x0000000785400000| Complete |  0
|  85|0x0000000785500000, 0x0000000785500000, 0x0000000785600000|  0%| F|  |TAMS 0x0000000785500000| PB 0x0000000785500000| Untracked |  0
|  86|0x0000000785600000, 0x0000000785600000, 0x0000000785700000|  0%| F|  |TAMS 0x0000000785600000| PB 0x0000000785600000| Untracked |  0
|  87|0x0000000785700000, 0x0000000785700000, 0x0000000785800000|  0%| F|  |TAMS 0x0000000785700000| PB 0x0000000785700000| Untracked |  0
|  88|0x0000000785800000, 0x0000000785800000, 0x0000000785900000|  0%| F|  |TAMS 0x0000000785800000| PB 0x0000000785800000| Untracked |  0
|  89|0x0000000785900000, 0x0000000785900000, 0x0000000785a00000|  0%| F|  |TAMS 0x0000000785900000| PB 0x0000000785900000| Untracked |  0
|  90|0x0000000785a00000, 0x0000000785a00000, 0x0000000785b00000|  0%| F|  |TAMS 0x0000000785a00000| PB 0x0000000785a00000| Untracked |  0
|  91|0x0000000785b00000, 0x0000000785b00000, 0x0000000785c00000|  0%| F|  |TAMS 0x0000000785b00000| PB 0x0000000785b00000| Untracked |  0
|  92|0x0000000785c00000, 0x0000000785c00000, 0x0000000785d00000|  0%| F|  |TAMS 0x0000000785c00000| PB 0x0000000785c00000| Untracked |  0
|  93|0x0000000785d00000, 0x0000000785d00000, 0x0000000785e00000|  0%| F|  |TAMS 0x0000000785d00000| PB 0x0000000785d00000| Untracked |  0
|  94|0x0000000785e00000, 0x0000000785e00000, 0x0000000785f00000|  0%| F|  |TAMS 0x0000000785e00000| PB 0x0000000785e00000| Untracked |  0
|  95|0x0000000785f00000, 0x0000000785f00000, 0x0000000786000000|  0%| F|  |TAMS 0x0000000785f00000| PB 0x0000000785f00000| Untracked |  0
|  96|0x0000000786000000, 0x0000000786000000, 0x0000000786100000|  0%| F|  |TAMS 0x0000000786000000| PB 0x0000000786000000| Untracked |  0
|  97|0x0000000786100000, 0x0000000786100000, 0x0000000786200000|  0%| F|  |TAMS 0x0000000786100000| PB 0x0000000786100000| Untracked |  0
|  98|0x0000000786200000, 0x0000000786200000, 0x0000000786300000|  0%| F|  |TAMS 0x0000000786200000| PB 0x0000000786200000| Untracked |  0
|  99|0x0000000786300000, 0x0000000786300000, 0x0000000786400000|  0%| F|  |TAMS 0x0000000786300000| PB 0x0000000786300000| Untracked |  0
| 100|0x0000000786400000, 0x0000000786500000, 0x0000000786500000|100%| E|  |TAMS 0x0000000786400000| PB 0x0000000786400000| Complete |  0
| 101|0x0000000786500000, 0x0000000786600000, 0x0000000786600000|100%| E|CS|TAMS 0x0000000786500000| PB 0x0000000786500000| Complete |  0
| 102|0x0000000786600000, 0x0000000786700000, 0x0000000786700000|100%| E|CS|TAMS 0x0000000786600000| PB 0x0000000786600000| Complete |  0
| 103|0x0000000786700000, 0x0000000786800000, 0x0000000786800000|100%| E|CS|TAMS 0x0000000786700000| PB 0x0000000786700000| Complete |  0
| 104|0x0000000786800000, 0x0000000786900000, 0x0000000786900000|100%| E|CS|TAMS 0x0000000786800000| PB 0x0000000786800000| Complete |  0
| 105|0x0000000786900000, 0x0000000786a00000, 0x0000000786a00000|100%| E|CS|TAMS 0x0000000786900000| PB 0x0000000786900000| Complete |  0
| 106|0x0000000786a00000, 0x0000000786b00000, 0x0000000786b00000|100%| E|CS|TAMS 0x0000000786a00000| PB 0x0000000786a00000| Complete |  0
| 107|0x0000000786b00000, 0x0000000786c00000, 0x0000000786c00000|100%| E|CS|TAMS 0x0000000786b00000| PB 0x0000000786b00000| Complete |  0
| 108|0x0000000786c00000, 0x0000000786d00000, 0x0000000786d00000|100%| E|CS|TAMS 0x0000000786c00000| PB 0x0000000786c00000| Complete |  0
| 109|0x0000000786d00000, 0x0000000786e00000, 0x0000000786e00000|100%| E|CS|TAMS 0x0000000786d00000| PB 0x0000000786d00000| Complete |  0
| 110|0x0000000786e00000, 0x0000000786f00000, 0x0000000786f00000|100%| E|CS|TAMS 0x0000000786e00000| PB 0x0000000786e00000| Complete |  0
| 111|0x0000000786f00000, 0x0000000787000000, 0x0000000787000000|100%| E|CS|TAMS 0x0000000786f00000| PB 0x0000000786f00000| Complete |  0
| 112|0x0000000787000000, 0x0000000787100000, 0x0000000787100000|100%| E|CS|TAMS 0x0000000787000000| PB 0x0000000787000000| Complete |  0
| 113|0x0000000787100000, 0x0000000787200000, 0x0000000787200000|100%| E|CS|TAMS 0x0000000787100000| PB 0x0000000787100000| Complete |  0
| 114|0x0000000787200000, 0x0000000787300000, 0x0000000787300000|100%| E|CS|TAMS 0x0000000787200000| PB 0x0000000787200000| Complete |  0
| 115|0x0000000787300000, 0x0000000787400000, 0x0000000787400000|100%| E|CS|TAMS 0x0000000787300000| PB 0x0000000787300000| Complete |  0
| 116|0x0000000787400000, 0x0000000787500000, 0x0000000787500000|100%| E|CS|TAMS 0x0000000787400000| PB 0x0000000787400000| Complete |  0
| 117|0x0000000787500000, 0x0000000787600000, 0x0000000787600000|100%| E|CS|TAMS 0x0000000787500000| PB 0x0000000787500000| Complete |  0
| 118|0x0000000787600000, 0x0000000787700000, 0x0000000787700000|100%| E|CS|TAMS 0x0000000787600000| PB 0x0000000787600000| Complete |  0
| 119|0x0000000787700000, 0x0000000787800000, 0x0000000787800000|100%| E|CS|TAMS 0x0000000787700000| PB 0x0000000787700000| Complete |  0
| 120|0x0000000787800000, 0x0000000787900000, 0x0000000787900000|100%| E|CS|TAMS 0x0000000787800000| PB 0x0000000787800000| Complete |  0
| 121|0x0000000787900000, 0x0000000787a00000, 0x0000000787a00000|100%| E|CS|TAMS 0x0000000787900000| PB 0x0000000787900000| Complete |  0
| 122|0x0000000787a00000, 0x0000000787b00000, 0x0000000787b00000|100%| E|CS|TAMS 0x0000000787a00000| PB 0x0000000787a00000| Complete |  0
| 123|0x0000000787b00000, 0x0000000787c00000, 0x0000000787c00000|100%| E|  |TAMS 0x0000000787b00000| PB 0x0000000787b00000| Complete |  0
| 124|0x0000000787c00000, 0x0000000787d00000, 0x0000000787d00000|100%| E|CS|TAMS 0x0000000787c00000| PB 0x0000000787c00000| Complete |  0
| 125|0x0000000787d00000, 0x0000000787e00000, 0x0000000787e00000|100%| E|CS|TAMS 0x0000000787d00000| PB 0x0000000787d00000| Complete |  0
| 126|0x0000000787e00000, 0x0000000787f00000, 0x0000000787f00000|100%| E|CS|TAMS 0x0000000787e00000| PB 0x0000000787e00000| Complete |  0
| 127|0x0000000787f00000, 0x0000000788000000, 0x0000000788000000|100%| E|CS|TAMS 0x0000000787f00000| PB 0x0000000787f00000| Complete |  0
|2046|0x00000007ffe00000, 0x00000007fff00000, 0x00000007fff00000|100%| O|  |TAMS 0x00000007ffe00000| PB 0x00000007ffe00000| Untracked |  0
|2047|0x00000007fff00000, 0x00000007fff04588, 0x0000000800000000|  1%| O|  |TAMS 0x00000007fff00000| PB 0x00000007fff00000| Untracked |  0

Card table byte_map: [0x0000000101678000,0x0000000101a78000] _byte_map_base: 0x00000000fda78000

Marking Bits: (CMBitMap*) 0x000000010f02ba10
 Bits: [0x000000010b528000, 0x000000010d528000)

Polling page: 0x0000000100e84000

Metaspace:

Usage:
  Non-class:     15.69 MB used.
      Class:      2.29 MB used.
       Both:     17.98 MB used.

Virtual space:
  Non-class space:       64.00 MB reserved,      15.88 MB ( 25%) committed,  1 nodes.
      Class space:        1.00 GB reserved,       2.50 MB ( <1%) committed,  1 nodes.
             Both:        1.06 GB reserved,      18.38 MB (  2%) committed. 

Chunk freelists:
   Non-Class:  128.00 KB
       Class:  13.49 MB
        Both:  13.62 MB

MaxMetaspaceSize: unlimited
CompressedClassSpaceSize: 1.00 GB
Initial GC threshold: 21.00 MB
Current GC threshold: 21.00 MB
CDS: on
 - commit_granule_bytes: 65536.
 - commit_granule_words: 8192.
 - virtual_space_node_default_size: 8388608.
 - enlarge_chunks_in_place: 1.
 - use_allocation_guard: 0.


Internal statistics:

num_allocs_failed_limit: 0.
num_arena_births: 388.
num_arena_deaths: 0.
num_vsnodes_births: 2.
num_vsnodes_deaths: 0.
num_space_committed: 294.
num_space_uncommitted: 0.
num_chunks_returned_to_freelist: 0.
num_chunks_taken_from_freelist: 883.
num_chunk_merges: 0.
num_chunk_splits: 588.
num_chunks_enlarged: 415.
num_inconsistent_stats: 0.

CodeHeap 'non-profiled nmethods': size=120032Kb used=1599Kb max_used=1599Kb free=118432Kb
 bounds [0x000000012fac8000, 0x000000012fd38000, 0x0000000137000000]
CodeHeap 'profiled nmethods': size=120016Kb used=9238Kb max_used=9238Kb free=110777Kb
 bounds [0x0000000128000000, 0x0000000128910000, 0x000000012f534000]
CodeHeap 'non-nmethods': size=5712Kb used=1639Kb max_used=1725Kb free=4072Kb
 bounds [0x000000012f534000, 0x000000012f7a4000, 0x000000012fac8000]
 total_blobs=5168 nmethods=4345 adapters=730
 compilation: enabled
              stopped_count=0, restarted_count=0
 full_count=0

Compilation events (20 events):
Event: 247.609 Thread 0x000000010f090800 nmethod 4362 0x00000001288ff910 code [0x00000001288ffec0, 0x0000000128902910]
Event: 247.609 Thread 0x000000010f090800 4363       3       com.sun.javafx.event.CompositeEventHandler::<init> (5 bytes)
Event: 247.609 Thread 0x000000010f090800 nmethod 4363 0x0000000128903210 code [0x00000001289033c0, 0x0000000128903538]
Event: 247.609 Thread 0x000000010f090800 4365       3       com.sun.javafx.scene.control.ControlHelper::superProcessCSS (12 bytes)
Event: 247.609 Thread 0x000000010f090800 nmethod 4365 0x0000000128903610 code [0x0000000128903800, 0x0000000128903ce0]
Event: 247.611 Thread 0x000000010d80f600 nmethod 4361 0x000000012fc56410 code [0x000000012fc56600, 0x000000012fc56a00]
Event: 247.611 Thread 0x000000010d80f600 4364       4       java.lang.StringConcatHelper::newString (67 bytes)
Event: 247.612 Thread 0x000000010d80f600 nmethod 4364 0x000000012fc56e90 code [0x000000012fc57040, 0x000000012fc57150]
Event: 247.626 Thread 0x000000010f090800 4366       3       javafx.scene.layout.Region$StyleableProperties$3::getStyleableProperty (9 bytes)
Event: 247.626 Thread 0x000000010f090800 nmethod 4366 0x0000000128903f10 code [0x00000001289040c0, 0x0000000128904430]
Event: 247.626 Thread 0x000000010f090800 4367       3       javafx.scene.layout.Region$StyleableProperties$3::getStyleableProperty (8 bytes)
Event: 247.626 Thread 0x000000010f090800 nmethod 4367 0x0000000128904590 code [0x0000000128904740, 0x0000000128904958]
Event: 247.630 Thread 0x000000010d80f600 4368       4       com.sun.javafx.geom.transform.AffineBase::isIdentity (20 bytes)
Event: 247.631 Thread 0x000000010d80f600 nmethod 4368 0x000000012fc57210 code [0x000000012fc573c0, 0x000000012fc57598]
Event: 247.634 Thread 0x000000010d80f600 4370       4       com.sun.javafx.geom.Path2D$TxIterator::currentSegment (45 bytes)
Event: 247.635 Thread 0x000000010d80f600 nmethod 4370 0x000000012fc57710 code [0x000000012fc578c0, 0x000000012fc57b38]
Event: 247.639 Thread 0x000000010f090800 4371       3       com.sun.prism.es2.ES2Graphics::clear (36 bytes)
Event: 247.640 Thread 0x000000010f090800 nmethod 4371 0x0000000128904a10 code [0x0000000128904c00, 0x00000001289051b8]
Event: 247.640 Thread 0x000000010f090800 4372       3       com.sun.prism.impl.ps.BaseShaderContext::validateClearOp (12 bytes)
Event: 247.640 Thread 0x000000010f090800 nmethod 4372 0x0000000128905390 code [0x0000000128905540, 0x00000001289057a0]

GC Heap History (4 events):
Event: 1.347 GC heap before
{Heap before GC invocations=0 (full 0):
 garbage-first heap   total reserved 2097152K, committed 133120K, used 24593K [0x0000000780000000, 0x0000000800000000)
  region size 1024K, 24 young (24576K), 0 survivors (0K)
 Metaspace       used 7909K, committed 8192K, reserved 1114112K
  class space    used 878K, committed 1024K, reserved 1048576K
}
Event: 1.350 GC heap after
{Heap after GC invocations=1 (full 0):
 garbage-first heap   total reserved 2097152K, committed 133120K, used 4522K [0x0000000780000000, 0x0000000800000000)
  region size 1024K, 3 young (3072K), 3 survivors (3072K)
 Metaspace       used 7909K, committed 8192K, reserved 1114112K
  class space    used 878K, committed 1024K, reserved 1048576K
}
Event: 30.408 GC heap before
{Heap before GC invocations=1 (full 0):
 garbage-first heap   total reserved 2097152K, committed 133120K, used 46506K [0x0000000780000000, 0x0000000800000000)
  region size 1024K, 43 young (44032K), 3 survivors (3072K)
 Metaspace       used 16300K, committed 16576K, reserved 1114112K
  class space    used 2197K, committed 2304K, reserved 1048576K
}
Event: 30.422 GC heap after
{Heap after GC invocations=2 (full 0):
 garbage-first heap   total reserved 2097152K, committed 133120K, used 10276K [0x0000000780000000, 0x0000000800000000)
  region size 1024K, 6 young (6144K), 6 survivors (6144K)
 Metaspace       used 16300K, committed 16576K, reserved 1114112K
  class space    used 2197K, committed 2304K, reserved 1048576K
}

Dll operation events (13 events):
Event: 0.004 Loaded shared library /Library/Java/JavaVirtualMachines/jdk-22.jdk/Contents/Home/lib/libjava.dylib
Event: 0.022 Loaded shared library /Library/Java/JavaVirtualMachines/jdk-22.jdk/Contents/Home/lib/libnio.dylib
Event: 0.043 Loaded shared library /Library/Java/JavaVirtualMachines/jdk-22.jdk/Contents/Home/lib/libzip.dylib
Event: 0.092 Loaded shared library /Library/Java/JavaVirtualMachines/jdk-22.jdk/Contents/Home/lib/libzip.dylib
Event: 0.093 Loaded shared library /Library/Java/JavaVirtualMachines/jdk-22.jdk/Contents/Home/lib/libinstrument.dylib
Event: 0.103 Loaded shared library /Library/Java/JavaVirtualMachines/jdk-22.jdk/Contents/Home/lib/libnet.dylib
Event: 0.112 Loaded shared library /Library/Java/JavaVirtualMachines/jdk-22.jdk/Contents/Home/lib/libextnet.dylib
Event: 0.144 Loaded shared library /Library/Java/JavaVirtualMachines/jdk-22.jdk/Contents/Home/lib/libjimage.dylib
Event: 0.321 Loaded shared library /Library/Java/JavaVirtualMachines/jdk-22.jdk/Contents/Home/lib/libmanagement.dylib
Event: 0.326 Loaded shared library /Library/Java/JavaVirtualMachines/jdk-22.jdk/Contents/Home/lib/libmanagement_ext.dylib
Event: 1.356 Loaded shared library /Users/jatindergill/Desktop/BCIT/Semester2/Comp-2522-OOPs /javafx/javafx-sdk-21.0.6/lib/libprism_es2.dylib
Event: 1.434 Loaded shared library /Users/jatindergill/Desktop/BCIT/Semester2/Comp-2522-OOPs /javafx/javafx-sdk-21.0.6/lib/libglass.dylib
Event: 1.546 Loaded shared library /Users/jatindergill/Desktop/BCIT/Semester2/Comp-2522-OOPs /javafx/javafx-sdk-21.0.6/lib/libjavafx_font.dylib

Deoptimization events (20 events):
Event: 99.490 Thread 0x000000010f176000 Uncommon trap: trap_request=0xffffff45 fr.pc=0x000000012fbfaf08 relative=0x0000000000000208
Event: 99.490 Thread 0x000000010f176000 Uncommon trap: reason=unstable_if action=reinterpret pc=0x000000012fbfaf08 method=com.sun.javafx.event.EventHandlerManager.dispatchBubblingEvent(Ljavafx/event/EventType;Ljavafx/event/Event;)Ljavafx/event/Event; @ 22 c2
Event: 99.490 Thread 0x000000010f176000 DEOPT PACKING pc=0x000000012fbfaf08 sp=0x000000016f00afa0
Event: 99.490 Thread 0x000000010f176000 DEOPT UNPACKING pc=0x000000012f57701c sp=0x000000016f00af40 mode 2
Event: 102.286 Thread 0x000000010f176000 DEOPT PACKING pc=0x00000001285cef78 sp=0x000000016f00b690
Event: 102.286 Thread 0x000000010f176000 DEOPT UNPACKING pc=0x000000012f576e7c sp=0x000000016f00b370 mode 3
Event: 104.194 Thread 0x000000010f176000 Uncommon trap: trap_request=0xffffff45 fr.pc=0x000000012fbf9d00 relative=0x0000000000000080
Event: 104.194 Thread 0x000000010f176000 Uncommon trap: reason=unstable_if action=reinterpret pc=0x000000012fbf9d00 method=java.lang.Math.round(F)I @ 36 c2
Event: 104.194 Thread 0x000000010f176000 DEOPT PACKING pc=0x000000012fbf9d00 sp=0x000000016f00bfe0
Event: 104.194 Thread 0x000000010f176000 DEOPT UNPACKING pc=0x000000012f57701c sp=0x000000016f00bf50 mode 2
Event: 247.568 Thread 0x000000010f176000 Uncommon trap: trap_request=0xffffffc6 fr.pc=0x000000012fc0fbdc relative=0x00000000000005dc
Event: 247.568 Thread 0x000000010f176000 Uncommon trap: reason=bimorphic_or_optimized_type_check action=maybe_recompile pc=0x000000012fc0fbdc method=com.sun.javafx.event.EventHandlerManager.dispatchCapturingEvent(Ljavafx/event/Event;)Ljavafx/event/Event; @ 1 c2
Event: 247.568 Thread 0x000000010f176000 DEOPT PACKING pc=0x000000012fc0fbdc sp=0x000000016f00a640
Event: 247.568 Thread 0x000000010f176000 DEOPT UNPACKING pc=0x000000012f57701c sp=0x000000016f00a5f0 mode 2
Event: 247.576 Thread 0x000000010f176000 Uncommon trap: trap_request=0xffffffc6 fr.pc=0x000000012fc0fbdc relative=0x00000000000005dc
Event: 247.576 Thread 0x000000010f176000 Uncommon trap: reason=bimorphic_or_optimized_type_check action=maybe_recompile pc=0x000000012fc0fbdc method=com.sun.javafx.event.EventHandlerManager.dispatchCapturingEvent(Ljavafx/event/Event;)Ljavafx/event/Event; @ 1 c2
Event: 247.576 Thread 0x000000010f176000 DEOPT PACKING pc=0x000000012fc0fbdc sp=0x000000016f00a640
Event: 247.576 Thread 0x000000010f176000 DEOPT UNPACKING pc=0x000000012f57701c sp=0x000000016f00a5f0 mode 2
Event: 247.655 Thread 0x000000010f093000 DEOPT PACKING pc=0x00000001286c1dd4 sp=0x0000000172562610
Event: 247.655 Thread 0x000000010f093000 DEOPT UNPACKING pc=0x000000012f576e7c sp=0x0000000172562320 mode 3

Classes loaded (20 events):
Event: 29.950 Loading class java/util/EnumMap$Values
Event: 29.950 Loading class java/util/EnumMap$Values done
Event: 29.950 Loading class java/util/EnumMap$ValueIterator
Event: 29.950 Loading class java/util/EnumMap$EnumMapIterator
Event: 29.950 Loading class java/util/EnumMap$EnumMapIterator done
Event: 29.950 Loading class java/util/EnumMap$ValueIterator done
Event: 30.518 Loading class java/io/CharArrayReader
Event: 30.518 Loading class java/io/CharArrayReader done
Event: 98.373 Loading class java/text/BreakIterator
Event: 98.374 Loading class java/text/BreakIterator done
Event: 98.374 Loading class sun/util/locale/provider/BreakIteratorProviderImpl
Event: 98.374 Loading class sun/util/locale/provider/BreakIteratorProviderImpl done
Event: 98.375 Loading class sun/util/locale/provider/BreakIteratorProviderImpl$GraphemeBreakIterator
Event: 98.375 Loading class sun/util/locale/provider/BreakIteratorProviderImpl$GraphemeBreakIterator done
Event: 98.375 Loading class java/text/StringCharacterIterator
Event: 98.375 Loading class java/text/StringCharacterIterator done
Event: 98.375 Loading class sun/util/locale/provider/BreakIteratorProviderImpl$CharacterIteratorCharSequence
Event: 98.375 Loading class sun/util/locale/provider/BreakIteratorProviderImpl$CharacterIteratorCharSequence done
Event: 98.375 Loading class java/text/BreakIterator$BreakIteratorCache
Event: 98.375 Loading class java/text/BreakIterator$BreakIteratorCache done

Classes unloaded (0 events):
No events

Classes redefined (0 events):
No events

Internal exceptions (20 events):
Event: 1.534 Thread 0x000000010f176000 Exception <a 'java/lang/NullPointerException'{0x00000007876d3ff0}> (0x00000007876d3ff0) 
thrown [open/src/hotspot/share/interpreter/linkResolver.cpp, line 1374]
Event: 1.600 Thread 0x000000010f176000 Exception <a 'java/lang/NoSuchMethodError'{0x00000007869fba78}: 'void java.lang.invoke.DirectMethodHandle$Holder.invokeStaticInit(java.lang.Object, java.lang.Object)'> (0x00000007869fba78) 
thrown [open/src/hotspot/share/interpreter/linkResolver.cpp, line 774]
Event: 1.602 Thread 0x000000010f176000 Implicit null exception at 0x000000012faf4e78 to 0x000000012faf4f1c
Event: 1.604 Thread 0x000000010f176000 Implicit null exception at 0x000000012fb489d4 to 0x000000012fb48bec
Event: 1.695 Thread 0x000000010f176000 Exception <a 'java/lang/NoSuchMethodError'{0x0000000785f0e7e8}: 'void java.lang.invoke.DirectMethodHandle$Holder.invokeSpecial(java.lang.Object, java.lang.Object, java.lang.Object, java.lang.Object, java.lang.Object)'> (0x0000000785f0e7e8) 
thrown [open/src/hotspot/share/interpreter/linkResolver.cpp, line 774]
Event: 1.696 Thread 0x000000010f176000 Exception <a 'java/lang/IncompatibleClassChangeError'{0x0000000785f1f200}: Found class java.lang.Object, but interface was expected> (0x0000000785f1f200) 
thrown [open/src/hotspot/share/interpreter/linkResolver.cpp, line 841]
Event: 1.718 Thread 0x000000010f176000 Exception <a 'java/lang/NoSuchMethodError'{0x0000000785e6a0a0}: 'int java.lang.invoke.DirectMethodHandle$Holder.invokeSpecial(java.lang.Object, java.lang.Object, int)'> (0x0000000785e6a0a0) 
thrown [open/src/hotspot/share/interpreter/linkResolver.cpp, line 774]
Event: 1.718 Thread 0x000000010f176000 Exception <a 'java/lang/NoSuchMethodError'{0x0000000785e70f68}: 'int java.lang.invoke.DirectMethodHandle$Holder.invokeSpecial(java.lang.Object, java.lang.Object, java.lang.Object, int)'> (0x0000000785e70f68) 
thrown [open/src/hotspot/share/interpreter/linkResolver.cpp, line 774]
Event: 1.718 Thread 0x000000010f176000 Exception <a 'java/lang/NoSuchMethodError'{0x0000000785e83800}: 'java.lang.Object java.lang.invoke.DirectMethodHandle$Holder.invokeStatic(java.lang.Object, java.lang.Object, java.lang.Object, java.lang.Object, int)'> (0x0000000785e83800) 
thrown [open/src/hotspot/share/interpreter/linkResolver.cpp, line 774]
Event: 1.727 Thread 0x000000010f176000 Exception <a 'java/lang/NoSuchMethodError'{0x0000000785ef32a8}: 'java.lang.Object java.lang.invoke.DirectMethodHandle$Holder.newInvokeSpecial(java.lang.Object, java.lang.Object, int)'> (0x0000000785ef32a8) 
thrown [open/src/hotspot/share/interpreter/linkResolver.cpp, line 774]
Event: 1.763 Thread 0x000000010f093000 Exception <a 'java/lang/NoSuchMethodError'{0x0000000785dd7600}: 'int java.lang.invoke.DirectMethodHandle$Holder.invokeStaticInit(java.lang.Object, java.lang.Object)'> (0x0000000785dd7600) 
thrown [open/src/hotspot/share/interpreter/linkResolver.cpp, line 774]
Event: 1.871 Thread 0x000000010f176000 Exception <a 'java/lang/NoSuchMethodError'{0x000000078573aba8}: 'long java.lang.invoke.DirectMethodHandle$Holder.invokeStatic(java.lang.Object, java.lang.Object)'> (0x000000078573aba8) 
thrown [open/src/hotspot/share/interpreter/linkResolver.cpp, line 774]
Event: 30.405 Thread 0x000000010f176000 Exception <a 'java/lang/NoSuchMethodError'{0x00000007855babe8}: 'java.lang.Object java.lang.invoke.DirectMethodHandle$Holder.newInvokeSpecial(java.lang.Object, java.lang.Object, int, int, int, int, int, java.lang.Object)'> (0x00000007855babe8) 
thrown [open/src/hotspot/share/interpreter/linkResolver.cpp, line 774]
Event: 30.406 Thread 0x000000010f176000 Exception <a 'java/lang/NoSuchMethodError'{0x00000007855cd038}: 'java.lang.Object java.lang.invoke.DirectMethodHandle$Holder.newInvokeSpecial(java.lang.Object, java.lang.Object, java.lang.Object, int, int, int, int, int)'> (0x00000007855cd038) 
thrown [open/src/hotspot/share/interpreter/linkResolver.cpp, line 774]
Event: 30.406 Thread 0x000000010f176000 Exception <a 'java/lang/NoSuchMethodError'{0x00000007855d4468}: 'java.lang.Object java.lang.invoke.Invokers$Holder.linkToTargetMethod(java.lang.Object, java.lang.Object, int, int, int, int, int, java.lang.Object)'> (0x00000007855d4468) 
thrown [open/src/hotspot/share/interpreter/linkResolver.cpp, line 774]
Event: 30.407 Thread 0x000000010f176000 Exception <a 'java/lang/NoSuchMethodError'{0x00000007855f5910}: 'long java.lang.invoke.DirectMethodHandle$Holder.invokeStatic(java.lang.Object, java.lang.Object, java.lang.Object)'> (0x00000007855f5910) 
thrown [open/src/hotspot/share/interpreter/linkResolver.cpp, line 774]
Event: 30.408 Thread 0x000000010f176000 Exception <a 'java/lang/NoSuchMethodError'{0x00000007855f8d10}: 'long java.lang.invoke.DirectMethodHandle$Holder.invokeStaticInit(java.lang.Object, java.lang.Object, java.lang.Object)'> (0x00000007855f8d10) 
thrown [open/src/hotspot/share/interpreter/linkResolver.cpp, line 774]
Event: 30.423 Thread 0x000000010f176000 Exception <a 'java/lang/NoSuchMethodError'{0x0000000787f0de08}: 'java.lang.Object java.lang.invoke.DirectMethodHandle$Holder.newInvokeSpecial(java.lang.Object, java.lang.Object, long)'> (0x0000000787f0de08) 
thrown [open/src/hotspot/share/interpreter/linkResolver.cpp, line 774]
Event: 30.513 Thread 0x000000010f176000 Exception <a 'java/lang/NoSuchMethodError'{0x0000000787e828f0}: 'java.lang.Object java.lang.invoke.DirectMethodHandle$Holder.newInvokeSpecial(java.lang.Object, java.lang.Object, int, int)'> (0x0000000787e828f0) 
thrown [open/src/hotspot/share/interpreter/linkResolver.cpp, line 774]
Event: 30.513 Thread 0x000000010f176000 Exception <a 'java/lang/NoSuchMethodError'{0x0000000787e86be0}: 'java.lang.Object java.lang.invoke.DirectMethodHandle$Holder.invokeSpecial(java.lang.Object, java.lang.Object, java.lang.Object, int, int)'> (0x0000000787e86be0) 
thrown [open/src/hotspot/share/interpreter/linkResolver.cpp, line 774]

ZGC Phase Switch (0 events):
No events

VM Operations (20 events):
Event: 150.379 Executing VM operation: Cleanup
Event: 150.380 Executing VM operation: Cleanup done
Event: 173.467 Executing VM operation: Cleanup
Event: 173.467 Executing VM operation: Cleanup done
Event: 181.499 Executing VM operation: Cleanup
Event: 181.499 Executing VM operation: Cleanup done
Event: 207.601 Executing VM operation: Cleanup
Event: 207.601 Executing VM operation: Cleanup done
Event: 233.694 Executing VM operation: Cleanup
Event: 233.694 Executing VM operation: Cleanup done
Event: 236.699 Executing VM operation: Cleanup
Event: 236.700 Executing VM operation: Cleanup done
Event: 238.709 Executing VM operation: Cleanup
Event: 238.709 Executing VM operation: Cleanup done
Event: 240.563 Executing VM operation: HandshakeAllThreads (HandshakeForDeflation)
Event: 240.563 Executing VM operation: HandshakeAllThreads (HandshakeForDeflation) done
Event: 240.563 Executing VM operation: RendezvousGCThreads
Event: 240.563 Executing VM operation: RendezvousGCThreads done
Event: 247.599 Executing VM operation: Cleanup
Event: 247.599 Executing VM operation: Cleanup done

Memory protections (20 events):
Event: 95.805 Protecting memory [0x00000001700fc000,0x0000000170108000] with protection modes 0
Event: 96.105 Protecting memory [0x00000001700fc000,0x0000000170108000] with protection modes 3
Event: 96.138 Protecting memory [0x00000001700fc000,0x0000000170108000] with protection modes 0
Event: 96.888 Protecting memory [0x00000001700fc000,0x0000000170108000] with protection modes 3
Event: 97.122 Protecting memory [0x00000001700fc000,0x0000000170108000] with protection modes 0
Event: 97.405 Protecting memory [0x00000001700fc000,0x0000000170108000] with protection modes 3
Event: 98.255 Protecting memory [0x00000001700fc000,0x0000000170108000] with protection modes 0
Event: 99.022 Protecting memory [0x00000001700fc000,0x0000000170108000] with protection modes 3
Event: 103.021 Protecting memory [0x00000001700fc000,0x0000000170108000] with protection modes 0
Event: 103.588 Protecting memory [0x00000001700fc000,0x0000000170108000] with protection modes 3
Event: 103.705 Protecting memory [0x00000001700fc000,0x0000000170108000] with protection modes 0
Event: 103.972 Protecting memory [0x00000001700fc000,0x0000000170108000] with protection modes 3
Event: 238.536 Protecting memory [0x00000001700fc000,0x0000000170108000] with protection modes 0
Event: 238.822 Protecting memory [0x00000001700fc000,0x0000000170108000] with protection modes 3
Event: 245.703 Protecting memory [0x00000001700fc000,0x0000000170108000] with protection modes 0
Event: 245.988 Protecting memory [0x00000001700fc000,0x0000000170108000] with protection modes 3
Event: 246.838 Protecting memory [0x00000001700fc000,0x0000000170108000] with protection modes 0
Event: 247.655 Protecting memory [0x0000000172154000,0x0000000172160000] with protection modes 3
Event: 247.656 Protecting memory [0x0000000172360000,0x000000017236c000] with protection modes 3
Event: 247.656 Protecting memory [0x000000016e814000,0x000000016e820000] with protection modes 3

Nmethod flushes (0 events):
No events

Events (20 events):
Event: 95.805 Thread 0x000000011f86d000 Thread added: 0x000000011f86d000
Event: 96.105 Thread 0x000000011f86d000 Thread exited: 0x000000011f86d000
Event: 96.138 Thread 0x000000011f86d000 Thread added: 0x000000011f86d000
Event: 96.888 Thread 0x000000011f86d000 Thread exited: 0x000000011f86d000
Event: 97.122 Thread 0x000000011e01fe00 Thread added: 0x000000011e01fe00
Event: 97.405 Thread 0x000000011e01fe00 Thread exited: 0x000000011e01fe00
Event: 98.255 Thread 0x000000010e143800 Thread added: 0x000000010e143800
Event: 99.022 Thread 0x000000010e143800 Thread exited: 0x000000010e143800
Event: 103.021 Thread 0x000000010f09c800 Thread added: 0x000000010f09c800
Event: 103.588 Thread 0x000000010f09c800 Thread exited: 0x000000010f09c800
Event: 103.705 Thread 0x000000013706c200 Thread added: 0x000000013706c200
Event: 103.972 Thread 0x000000013706c200 Thread exited: 0x000000013706c200
Event: 238.536 Thread 0x000000010e150600 Thread added: 0x000000010e150600
Event: 238.822 Thread 0x000000010e150600 Thread exited: 0x000000010e150600
Event: 245.703 Thread 0x000000011f32a600 Thread added: 0x000000011f32a600
Event: 245.988 Thread 0x000000011f32a600 Thread exited: 0x000000011f32a600
Event: 246.839 Thread 0x000000013707b200 Thread added: 0x000000013707b200
Event: 247.655 Thread 0x000000011f12a200 Thread exited: 0x000000011f12a200
Event: 247.656 Thread 0x000000010f093000 Thread exited: 0x000000010f093000
Event: 247.656 Thread 0x000000010f176000 Thread exited: 0x000000010f176000


Dynamic libraries:
0x0000000100e30000 	/Library/Java/JavaVirtualMachines/jdk-22.jdk/Contents/Home/lib/libjli.dylib
0x00000001ba4f9000 	/System/Library/Frameworks/Cocoa.framework/Versions/A/Cocoa
0x00000001a242f000 	/System/Library/Frameworks/AppKit.framework/Versions/C/AppKit
0x00000001a56e7000 	/System/Library/Frameworks/CoreData.framework/Versions/A/CoreData
0x000000019fa69000 	/System/Library/Frameworks/Foundation.framework/Versions/C/Foundation
0x00000001ac3ed000 	/usr/lib/libSystem.B.dylib
0x00000001a386c000 	/System/Library/PrivateFrameworks/UIFoundation.framework/Versions/A/UIFoundation
0x0000000247567000 	/System/Library/PrivateFrameworks/CollectionViewCore.framework/Versions/A/CollectionViewCore
0x00000001b3679000 	/System/Library/PrivateFrameworks/RemoteViewServices.framework/Versions/A/RemoteViewServices
0x00000001aa073000 	/System/Library/PrivateFrameworks/XCTTargetBootstrap.framework/Versions/A/XCTTargetBootstrap
0x00000001aead3000 	/System/Library/PrivateFrameworks/InternationalSupport.framework/Versions/A/InternationalSupport
0x00000001aeb32000 	/System/Library/PrivateFrameworks/UserActivity.framework/Versions/A/UserActivity
0x0000000272deb000 	/System/Library/PrivateFrameworks/UIIntelligenceSupport.framework/Versions/A/UIIntelligenceSupport
0x000000023d930000 	/System/Library/Frameworks/SwiftUICore.framework/Versions/A/SwiftUICore
0x0000000277d9c000 	/System/Library/PrivateFrameworks/WritingTools.framework/Versions/A/WritingTools
0x0000000276def000 	/System/Library/PrivateFrameworks/WindowManagement.framework/Versions/A/WindowManagement
0x000000019f6c3000 	/System/Library/Frameworks/SystemConfiguration.framework/Versions/A/SystemConfiguration
0x00000001adf1c000 	/usr/lib/libspindump.dylib
0x00000001a3a1e000 	/System/Library/Frameworks/UniformTypeIdentifiers.framework/Versions/A/UniformTypeIdentifiers
0x00000001ab7eb000 	/usr/lib/libbsm.0.dylib
0x00000001a7b35000 	/usr/lib/libapp_launch_measurement.dylib
0x00000001a6f31000 	/System/Library/PrivateFrameworks/CoreAnalytics.framework/Versions/A/CoreAnalytics
0x00000001a7b39000 	/System/Library/PrivateFrameworks/CoreAutoLayout.framework/Versions/A/CoreAutoLayout
0x00000001a96bc000 	/System/Library/Frameworks/Metal.framework/Versions/A/Metal
0x00000001aa8ba000 	/usr/lib/liblangid.dylib
0x00000001aa079000 	/System/Library/PrivateFrameworks/CoreSVG.framework/Versions/A/CoreSVG
0x00000001a443f000 	/System/Library/PrivateFrameworks/SkyLight.framework/Versions/A/SkyLight
0x00000001a496c000 	/System/Library/Frameworks/CoreGraphics.framework/Versions/A/CoreGraphics
0x00000001b3d52000 	/System/Library/Frameworks/Accelerate.framework/Versions/A/Accelerate
0x00000001add4e000 	/System/Library/PrivateFrameworks/IconServices.framework/Versions/A/IconServices
0x00000001a9699000 	/System/Library/Frameworks/IOSurface.framework/Versions/A/IOSurface
0x00000001a6f63000 	/usr/lib/libDiagnosticMessagesClient.dylib
0x00000001ac331000 	/usr/lib/libz.1.dylib
0x00000001b7bde000 	/System/Library/Frameworks/ApplicationServices.framework/Versions/A/ApplicationServices
0x00000001aa05e000 	/System/Library/PrivateFrameworks/DFRFoundation.framework/Versions/A/DFRFoundation
0x00000001a1c99000 	/usr/lib/libicucore.A.dylib
0x00000001afc4c000 	/System/Library/Frameworks/AudioToolbox.framework/Versions/A/AudioToolbox
0x00000001aeae3000 	/System/Library/PrivateFrameworks/DataDetectorsCore.framework/Versions/A/DataDetectorsCore
0x00000001ca179000 	/System/Library/PrivateFrameworks/TextInput.framework/Versions/A/TextInput
0x00000001a438b000 	/usr/lib/libMobileGestalt.dylib
0x00000001a9d56000 	/System/Library/Frameworks/Carbon.framework/Versions/A/Frameworks/HIToolbox.framework/Versions/A/HIToolbox
0x00000001a7434000 	/System/Library/Frameworks/QuartzCore.framework/Versions/A/QuartzCore
0x00000001a18a2000 	/System/Library/Frameworks/Security.framework/Versions/A/Security
0x00000001b36b4000 	/System/Library/Frameworks/Carbon.framework/Versions/A/Frameworks/SpeechRecognition.framework/Versions/A/SpeechRecognition
0x00000001a784e000 	/System/Library/PrivateFrameworks/CoreUI.framework/Versions/A/CoreUI
0x00000001a1156000 	/System/Library/Frameworks/CoreAudio.framework/Versions/A/CoreAudio
0x00000001a704f000 	/System/Library/Frameworks/DiskArbitration.framework/Versions/A/DiskArbitration
0x00000001ae38f000 	/System/Library/PrivateFrameworks/MultitouchSupport.framework/Versions/A/MultitouchSupport
0x00000001a4389000 	/usr/lib/libenergytrace.dylib
0x00000001beb61000 	/System/Library/PrivateFrameworks/RenderBox.framework/Versions/A/RenderBox
0x00000001a22df000 	/System/Library/Frameworks/IOKit.framework/Versions/A/IOKit
0x00000001b3aa8000 	/System/Library/Frameworks/CoreServices.framework/Versions/A/CoreServices
0x00000001a7ac6000 	/System/Library/PrivateFrameworks/PerformanceAnalysis.framework/Versions/A/PerformanceAnalysis
0x00000001fb6e9000 	/System/Library/Frameworks/OpenGL.framework/Versions/A/OpenGL
0x00000001a7b83000 	/usr/lib/libxml2.2.dylib
0x00000001ab6d0000 	/System/Library/PrivateFrameworks/MobileKeyBag.framework/Versions/A/MobileKeyBag
0x000000019e434000 	/usr/lib/libobjc.A.dylib
0x000000019e721000 	/usr/lib/libc++.1.dylib
0x00000001b3a28000 	/System/Library/Frameworks/Accessibility.framework/Versions/A/Accessibility
0x00000001a508b000 	/System/Library/Frameworks/ColorSync.framework/Versions/A/ColorSync
0x000000019e877000 	/System/Library/Frameworks/CoreFoundation.framework/Versions/A/CoreFoundation
0x00000001aa437000 	/System/Library/Frameworks/CoreImage.framework/Versions/A/CoreImage
0x00000001a0f46000 	/System/Library/Frameworks/CoreText.framework/Versions/A/CoreText
0x00000001fcc50000 	/System/Library/Frameworks/CoreTransferable.framework/Versions/A/CoreTransferable
0x00000001fd1ef000 	/System/Library/Frameworks/DeveloperToolsSupport.framework/Versions/A/DeveloperToolsSupport
0x00000001aa0b5000 	/System/Library/Frameworks/ImageIO.framework/Versions/A/ImageIO
0x000000023e54a000 	/System/Library/Frameworks/Symbols.framework/Versions/A/Symbols
0x00000001ac3f2000 	/System/Library/PrivateFrameworks/SoftLinking.framework/Versions/A/SoftLinking
0x00000001dbfee000 	/usr/lib/swift/libswiftAccelerate.dylib
0x00000001af5ad000 	/usr/lib/swift/libswiftCore.dylib
0x00000001c68fa000 	/usr/lib/swift/libswiftCoreFoundation.dylib
0x00000001c6957000 	/usr/lib/swift/libswiftCoreImage.dylib
0x00000001c40a6000 	/usr/lib/swift/libswiftDarwin.dylib
0x00000001b5562000 	/usr/lib/swift/libswiftDispatch.dylib
0x00000001c6958000 	/usr/lib/swift/libswiftIOKit.dylib
0x00000001d3185000 	/usr/lib/swift/libswiftMetal.dylib
0x00000001e1483000 	/usr/lib/swift/libswiftOSLog.dylib
0x00000001b8149000 	/usr/lib/swift/libswiftObjectiveC.dylib
0x000000027ef84000 	/usr/lib/swift/libswiftObservation.dylib
0x00000001d7ab0000 	/usr/lib/swift/libswiftQuartzCore.dylib
0x00000001dbfdf000 	/usr/lib/swift/libswiftUniformTypeIdentifiers.dylib
0x00000001c690c000 	/usr/lib/swift/libswiftXPC.dylib
0x000000027f07a000 	/usr/lib/swift/libswift_Builtin_float.dylib
0x000000027f07f000 	/usr/lib/swift/libswift_Concurrency.dylib
0x000000027f1e7000 	/usr/lib/swift/libswift_StringProcessing.dylib
0x000000027f29a000 	/usr/lib/swift/libswift_errno.dylib
0x000000027f29c000 	/usr/lib/swift/libswift_math.dylib
0x000000027f29f000 	/usr/lib/swift/libswift_signal.dylib
0x000000027f2a0000 	/usr/lib/swift/libswift_stdio.dylib
0x000000027f2a1000 	/usr/lib/swift/libswift_time.dylib
0x00000001b814d000 	/usr/lib/swift/libswiftos.dylib
0x00000001ca0d0000 	/usr/lib/swift/libswiftsimd.dylib
0x000000027f2a2000 	/usr/lib/swift/libswiftsys_time.dylib
0x000000027f2a3000 	/usr/lib/swift/libswiftunistd.dylib
0x00000001ac59e000 	/usr/lib/libcompression.dylib
0x00000001aea2b000 	/System/Library/PrivateFrameworks/TextureIO.framework/Versions/A/TextureIO
0x00000001ad9df000 	/usr/lib/libate.dylib
0x00000001ac3e7000 	/usr/lib/system/libcache.dylib
0x00000001ac3a0000 	/usr/lib/system/libcommonCrypto.dylib
0x00000001ac3cd000 	/usr/lib/system/libcompiler_rt.dylib
0x00000001ac3c2000 	/usr/lib/system/libcopyfile.dylib
0x000000019e573000 	/usr/lib/system/libcorecrypto.dylib
0x000000019e655000 	/usr/lib/system/libdispatch.dylib
0x000000019e812000 	/usr/lib/system/libdyld.dylib
0x00000001ac3dd000 	/usr/lib/system/libkeymgr.dylib
0x00000001ac37f000 	/usr/lib/system/libmacho.dylib
0x00000001ab7c4000 	/usr/lib/system/libquarantine.dylib
0x00000001ac3da000 	/usr/lib/system/libremovefile.dylib
0x00000001a4404000 	/usr/lib/system/libsystem_asl.dylib
0x000000019e508000 	/usr/lib/system/libsystem_blocks.dylib
0x000000019e69f000 	/usr/lib/system/libsystem_c.dylib
0x00000001ac3d1000 	/usr/lib/system/libsystem_collections.dylib
0x00000001aa8a7000 	/usr/lib/system/libsystem_configuration.dylib
0x00000001a966a000 	/usr/lib/system/libsystem_containermanager.dylib
0x00000001abed3000 	/usr/lib/system/libsystem_coreservices.dylib
0x00000001a1f5d000 	/usr/lib/system/libsystem_darwin.dylib
0x000000027f3e6000 	/usr/lib/system/libsystem_darwindirectory.dylib
0x00000001ac3de000 	/usr/lib/system/libsystem_dnssd.dylib
0x000000027f3ea000 	/usr/lib/system/libsystem_eligibility.dylib
0x000000019e69c000 	/usr/lib/system/libsystem_featureflags.dylib
0x000000019e847000 	/usr/lib/system/libsystem_info.dylib
0x00000001ac340000 	/usr/lib/system/libsystem_m.dylib
0x000000019e613000 	/usr/lib/system/libsystem_malloc.dylib
0x00000001a436e000 	/usr/lib/system/libsystem_networkextension.dylib
0x00000001a23c0000 	/usr/lib/system/libsystem_notify.dylib
0x00000001aa8ac000 	/usr/lib/system/libsystem_sandbox.dylib
0x000000027f3f1000 	/usr/lib/system/libsystem_sanitizers.dylib
0x00000001ac3d6000 	/usr/lib/system/libsystem_secinit.dylib
0x000000019e7ca000 	/usr/lib/system/libsystem_kernel.dylib
0x000000019e83f000 	/usr/lib/system/libsystem_platform.dylib
0x000000019e805000 	/usr/lib/system/libsystem_pthread.dylib
0x00000001a5f0d000 	/usr/lib/system/libsystem_symptoms.dylib
0x000000019e557000 	/usr/lib/system/libsystem_trace.dylib
0x00000001ac3ae000 	/usr/lib/system/libunwind.dylib
0x000000019e50c000 	/usr/lib/system/libxpc.dylib
0x000000019e7af000 	/usr/lib/libc++abi.dylib
0x00000001ac3ba000 	/usr/lib/liboah.dylib
0x00000001a225e000 	/System/Library/PrivateFrameworks/CoreServicesInternal.framework/Versions/A/CoreServicesInternal
0x00000001ac3ef000 	/usr/lib/libfakelink.dylib
0x00000001b768f000 	/System/Library/PrivateFrameworks/DiskImages.framework/Versions/A/DiskImages
0x00000001c3bd3000 	/System/Library/Frameworks/NetFS.framework/Versions/A/NetFS
0x00000001a3fa5000 	/System/Library/Frameworks/CFNetwork.framework/Versions/A/CFNetwork
0x00000001a7afd000 	/System/Library/Frameworks/CoreServices.framework/Versions/A/Frameworks/FSEvents.framework/Versions/A/FSEvents
0x00000001a1f68000 	/System/Library/Frameworks/CoreServices.framework/Versions/A/Frameworks/CarbonCore.framework/Versions/A/CarbonCore
0x00000001a6fc5000 	/System/Library/Frameworks/CoreServices.framework/Versions/A/Frameworks/Metadata.framework/Versions/A/Metadata
0x00000001abeda000 	/System/Library/Frameworks/CoreServices.framework/Versions/A/Frameworks/OSServices.framework/Versions/A/OSServices
0x00000001ac4cd000 	/System/Library/Frameworks/CoreServices.framework/Versions/A/Frameworks/SearchKit.framework/Versions/A/SearchKit
0x00000001a5e87000 	/System/Library/Frameworks/CoreServices.framework/Versions/A/Frameworks/AE.framework/Versions/A/AE
0x000000019ed6c000 	/System/Library/Frameworks/CoreServices.framework/Versions/A/Frameworks/LaunchServices.framework/Versions/A/LaunchServices
0x00000001ad831000 	/System/Library/Frameworks/CoreServices.framework/Versions/A/Frameworks/DictionaryServices.framework/Versions/A/DictionaryServices
0x00000001a7b0b000 	/System/Library/Frameworks/CoreServices.framework/Versions/A/Frameworks/SharedFileList.framework/Versions/A/SharedFileList
0x00000001ac568000 	/usr/lib/libapple_nghttp2.dylib
0x00000001a5aef000 	/usr/lib/libsqlite3.dylib
0x00000001b02b8000 	/System/Library/Frameworks/GSS.framework/Versions/A/GSS
0x00000001a5e20000 	/System/Library/PrivateFrameworks/RunningBoardServices.framework/Versions/A/RunningBoardServices
0x00000001a5f16000 	/System/Library/Frameworks/Network.framework/Versions/A/Network
0x00000001ac383000 	/usr/lib/system/libkxld.dylib
0x000000027e3b8000 	/usr/lib/libCoreEntitlements.dylib
0x000000025cbac000 	/System/Library/PrivateFrameworks/MessageSecurity.framework/Versions/A/MessageSecurity
0x00000001a5ad5000 	/System/Library/PrivateFrameworks/ProtocolBuffer.framework/Versions/A/ProtocolBuffer
0x00000001abebb000 	/System/Library/PrivateFrameworks/AppleFSCompression.framework/Versions/A/AppleFSCompression
0x00000001ab7d3000 	/usr/lib/libcoretls.dylib
0x00000001ad8a8000 	/usr/lib/libcoretls_cfhelpers.dylib
0x00000001ac598000 	/usr/lib/libpam.2.dylib
0x00000001ad91b000 	/usr/lib/libxar.1.dylib
0x00000001ac444000 	/usr/lib/libarchive.2.dylib
0x00000001b19a9000 	/System/Library/Frameworks/Combine.framework/Versions/A/Combine
0x000000024758b000 	/System/Library/PrivateFrameworks/CollectionsInternal.framework/Versions/A/CollectionsInternal
0x0000000264aaf000 	/System/Library/PrivateFrameworks/ReflectionInternal.framework/Versions/A/ReflectionInternal
0x0000000265747000 	/System/Library/PrivateFrameworks/RuntimeInternal.framework/Versions/A/RuntimeInternal
0x000000027f001000 	/usr/lib/swift/libswiftSystem.dylib
0x00000001aa8b5000 	/System/Library/PrivateFrameworks/AppleSystemInfo.framework/Versions/A/AppleSystemInfo
0x00000001c67ed000 	/System/Library/PrivateFrameworks/LoggingSupport.framework/Versions/A/LoggingSupport
0x00000001a7d0d000 	/System/Library/PrivateFrameworks/UserManagement.framework/Versions/A/UserManagement
0x00000001a3eda000 	/usr/lib/libboringssl.dylib
0x00000001a5efc000 	/usr/lib/libdns_services.dylib
0x00000001c59dc000 	/usr/lib/libquic.dylib
0x00000001af53d000 	/usr/lib/libusrtcp.dylib
0x00000001e8b0c000 	/System/Library/PrivateFrameworks/InternalSwiftProtobuf.framework/Versions/A/InternalSwiftProtobuf
0x000000027ef4c000 	/usr/lib/swift/libswiftDistributed.dylib
0x00000001a3fa4000 	/usr/lib/libnetwork.dylib
0x00000001ac542000 	/System/Library/PrivateFrameworks/AppleSauce.framework/Versions/A/AppleSauce
0x000000019f560000 	/System/Library/PrivateFrameworks/Lexicon.framework/Versions/A/Lexicon
0x00000002569cd000 	/System/Library/PrivateFrameworks/IO80211.framework/Versions/A/IO80211
0x00000001b5801000 	/System/Library/PrivateFrameworks/FrontBoardServices.framework/Versions/A/FrontBoardServices
0x00000001ab6fb000 	/System/Library/Frameworks/SecurityFoundation.framework/Versions/A/SecurityFoundation
0x00000001aa9dc000 	/System/Library/PrivateFrameworks/LinguisticData.framework/Versions/A/LinguisticData
0x00000001ab4cf000 	/System/Library/PrivateFrameworks/IOMobileFramebuffer.framework/Versions/A/IOMobileFramebuffer
0x00000001a5d3b000 	/System/Library/PrivateFrameworks/BaseBoard.framework/Versions/A/BaseBoard
0x00000001b58cd000 	/System/Library/PrivateFrameworks/BoardServices.framework/Versions/A/BoardServices
0x00000001ab6ed000 	/System/Library/PrivateFrameworks/AssertionServices.framework/Versions/A/AssertionServices
0x00000001b74cb000 	/System/Library/PrivateFrameworks/BackBoardServices.framework/Versions/A/BackBoardServices
0x00000001a9ac9000 	/System/Library/PrivateFrameworks/FontServices.framework/libFontParser.dylib
0x00000001a441d000 	/System/Library/PrivateFrameworks/TCC.framework/Versions/A/TCC
0x00000001baf70000 	/System/Library/PrivateFrameworks/IOSurfaceAccelerator.framework/Versions/A/IOSurfaceAccelerator
0x00000001ae38d000 	/System/Library/PrivateFrameworks/WatchdogClient.framework/Versions/A/WatchdogClient
0x00000001a0a73000 	/System/Library/Frameworks/CoreDisplay.framework/Versions/A/CoreDisplay
0x00000001a995e000 	/System/Library/Frameworks/CoreMedia.framework/Versions/A/CoreMedia
0x00000001a96b2000 	/System/Library/PrivateFrameworks/IOAccelerator.framework/Versions/A/IOAccelerator
0x00000001a7c6d000 	/System/Library/Frameworks/CoreVideo.framework/Versions/A/CoreVideo
0x00000001ac596000 	/System/Library/Frameworks/MetalPerformanceShaders.framework/Versions/A/MetalPerformanceShaders
0x0000000263fd7000 	/System/Library/PrivateFrameworks/ProDisplayLibrary.framework/Versions/A/ProDisplayLibrary
0x00000001ae3d4000 	/System/Library/Frameworks/VideoToolbox.framework/Versions/A/VideoToolbox
0x00000001aa8b3000 	/System/Library/PrivateFrameworks/AggregateDictionary.framework/Versions/A/AggregateDictionary
0x00000001ad8aa000 	/System/Library/PrivateFrameworks/APFS.framework/Versions/A/APFS
0x0000000243d14000 	/System/Library/PrivateFrameworks/AppleKeyStore.framework/Versions/A/AppleKeyStore
0x00000001ad92a000 	/usr/lib/libutil.dylib
0x00000001ad889000 	/usr/lib/liblzma.5.dylib
0x00000001a7058000 	/System/Library/Frameworks/Accelerate.framework/Versions/A/Frameworks/vImage.framework/Versions/A/vImage
0x00000001b3a83000 	/System/Library/Frameworks/Accelerate.framework/Versions/A/Frameworks/vecLib.framework/Versions/A/vecLib
0x00000001ad962000 	/System/Library/Frameworks/Accelerate.framework/Versions/A/Frameworks/vecLib.framework/Versions/A/libvMisc.dylib
0x000000019f1d0000 	/System/Library/Frameworks/Accelerate.framework/Versions/A/Frameworks/vecLib.framework/Versions/A/libBLAS.dylib
0x00000001afe94000 	/System/Library/Frameworks/ApplicationServices.framework/Versions/A/Frameworks/ATS.framework/Versions/A/ATS
0x00000001a5243000 	/System/Library/Frameworks/ApplicationServices.framework/Versions/A/Frameworks/HIServices.framework/Versions/A/HIServices
0x00000001ae9b3000 	/System/Library/Frameworks/ApplicationServices.framework/Versions/A/Frameworks/PrintCore.framework/Versions/A/PrintCore
0x00000001b0280000 	/System/Library/Frameworks/ApplicationServices.framework/Versions/A/Frameworks/QD.framework/Versions/A/QD
0x00000001b0277000 	/System/Library/Frameworks/ApplicationServices.framework/Versions/A/Frameworks/ColorSyncLegacy.framework/Versions/A/ColorSyncLegacy
0x00000001afe66000 	/System/Library/Frameworks/ApplicationServices.framework/Versions/A/Frameworks/SpeechSynthesis.framework/Versions/A/SpeechSynthesis
0x00000001ab49c000 	/System/Library/PrivateFrameworks/CoreEmoji.framework/Versions/A/CoreEmoji
0x000000024e02a000 	/System/Library/PrivateFrameworks/FontServices.framework/Versions/A/FontServices
0x00000001adec6000 	/System/Library/PrivateFrameworks/OTSVG.framework/Versions/A/OTSVG
0x00000001a77fc000 	/System/Library/Frameworks/ApplicationServices.framework/Versions/A/Frameworks/ATS.framework/Versions/A/Resources/libFontRegistry.dylib
0x00000001adf10000 	/System/Library/PrivateFrameworks/FontServices.framework/libhvf.dylib
0x000000026003a000 	/System/Library/PrivateFrameworks/ParsingInternal.framework/Versions/A/ParsingInternal
0x000000027efa3000 	/usr/lib/swift/libswiftRegexBuilder.dylib
0x000000027f140000 	/usr/lib/swift/libswift_RegexParser.dylib
0x00000001ae254000 	/System/Library/PrivateFrameworks/AppleJPEG.framework/Versions/A/AppleJPEG
0x00000001adcdb000 	/usr/lib/libexpat.1.dylib
0x00000001ae888000 	/System/Library/Frameworks/ImageIO.framework/Versions/A/Resources/libPng.dylib
0x00000001ae8b3000 	/System/Library/Frameworks/ImageIO.framework/Versions/A/Resources/libTIFF.dylib
0x00000001ae99e000 	/System/Library/Frameworks/ImageIO.framework/Versions/A/Resources/libGIF.dylib
0x00000001ae29a000 	/System/Library/Frameworks/ImageIO.framework/Versions/A/Resources/libJP2.dylib
0x00000001ae944000 	/System/Library/Frameworks/ImageIO.framework/Versions/A/Resources/libJPEG.dylib
0x00000001ae93b000 	/System/Library/Frameworks/ImageIO.framework/Versions/A/Resources/libRadiance.dylib
0x0000000252df2000 	/System/Library/PrivateFrameworks/GPUCompiler.framework/Versions/32023/Libraries/libllvm-flatbuffers.dylib
0x000000024e0f0000 	/System/Library/PrivateFrameworks/FramePacing.framework/Versions/A/FramePacing
0x00000001fb6db000 	/System/Library/Frameworks/OpenGL.framework/Versions/A/Libraries/libCoreFSCache.dylib
0x000000024ec9b000 	/System/Library/PrivateFrameworks/GPUCompiler.framework/Versions/32023/Libraries/libGPUCompilerUtils.dylib
0x000000024e02b000 	/System/Library/PrivateFrameworks/FontServices.framework/libXTFontStaticRegistryData.dylib
0x00000001b9286000 	/System/Library/PrivateFrameworks/ASEProcessing.framework/Versions/A/ASEProcessing
0x00000001e4c19000 	/System/Library/PrivateFrameworks/Symbolication.framework/Versions/A/Symbolication
0x00000002631ed000 	/System/Library/PrivateFrameworks/PhotosensitivityProcessing.framework/Versions/A/PhotosensitivityProcessing
0x00000001adeba000 	/System/Library/PrivateFrameworks/GraphVisualizer.framework/Versions/A/GraphVisualizer
0x00000001fb73b000 	/System/Library/Frameworks/OpenGL.framework/Versions/A/Libraries/libGLU.dylib
0x00000001fb6fd000 	/System/Library/Frameworks/OpenGL.framework/Versions/A/Libraries/libGFXShared.dylib
0x00000001fb8ce000 	/System/Library/Frameworks/OpenGL.framework/Versions/A/Libraries/libGL.dylib
0x00000001fb706000 	/System/Library/Frameworks/OpenGL.framework/Versions/A/Libraries/libGLImage.dylib
0x00000001fb6fa000 	/System/Library/Frameworks/OpenGL.framework/Versions/A/Libraries/libCVMSPluginSupport.dylib
0x000000027e55c000 	/usr/lib/libRosetta.dylib
0x00000001fb6e3000 	/System/Library/Frameworks/OpenGL.framework/Versions/A/Libraries/libCoreVMClient.dylib
0x00000001aa7f5000 	/System/Library/Frameworks/MetalPerformanceShaders.framework/Versions/A/Frameworks/MPSCore.framework/Versions/A/MPSCore
0x00000001abe27000 	/System/Library/Frameworks/MetalPerformanceShaders.framework/Versions/A/Frameworks/MPSImage.framework/Versions/A/MPSImage
0x00000001ab876000 	/System/Library/Frameworks/MetalPerformanceShaders.framework/Versions/A/Frameworks/MPSNeuralNetwork.framework/Versions/A/MPSNeuralNetwork
0x00000001abcac000 	/System/Library/Frameworks/MetalPerformanceShaders.framework/Versions/A/Frameworks/MPSMatrix.framework/Versions/A/MPSMatrix
0x00000001abac4000 	/System/Library/Frameworks/MetalPerformanceShaders.framework/Versions/A/Frameworks/MPSRayIntersector.framework/Versions/A/MPSRayIntersector
0x00000001abcde000 	/System/Library/Frameworks/MetalPerformanceShaders.framework/Versions/A/Frameworks/MPSNDArray.framework/Versions/A/MPSNDArray
0x00000001ff4b3000 	/System/Library/Frameworks/MetalPerformanceShaders.framework/Versions/A/Frameworks/MPSFunctions.framework/Versions/A/MPSFunctions
0x00000001ff497000 	/System/Library/Frameworks/MetalPerformanceShaders.framework/Versions/A/Frameworks/MPSBenchmarkLoop.framework/Versions/A/MPSBenchmarkLoop
0x000000019f054000 	/System/Library/PrivateFrameworks/MetalTools.framework/Versions/A/MetalTools
0x00000001cb43a000 	/System/Library/PrivateFrameworks/IOAccelMemoryInfo.framework/Versions/A/IOAccelMemoryInfo
0x00000001d7eac000 	/System/Library/PrivateFrameworks/kperf.framework/Versions/A/kperf
0x00000001c68d1000 	/System/Library/PrivateFrameworks/GPURawCounter.framework/Versions/A/GPURawCounter
0x00000001b5d14000 	/System/Library/PrivateFrameworks/CoreSymbolication.framework/Versions/A/CoreSymbolication
0x00000001c686b000 	/System/Library/PrivateFrameworks/MallocStackLogging.framework/Versions/A/MallocStackLogging
0x00000001ada79000 	/System/Library/PrivateFrameworks/CrashReporterSupport.framework/Versions/A/CrashReporterSupport
0x00000001b5cce000 	/System/Library/PrivateFrameworks/DebugSymbols.framework/Versions/A/DebugSymbols
0x00000001d7144000 	/System/Library/PrivateFrameworks/OSAnalytics.framework/Versions/A/OSAnalytics
0x00000001ae96f000 	/System/Library/Frameworks/ApplicationServices.framework/Versions/A/Frameworks/ATSUI.framework/Versions/A/ATSUI
0x00000001b020a000 	/usr/lib/libcups.2.dylib
0x00000001b02a6000 	/System/Library/Frameworks/Kerberos.framework/Versions/A/Kerberos
0x00000001aff13000 	/usr/lib/libresolv.9.dylib
0x00000001ac429000 	/usr/lib/libiconv.2.dylib
0x00000001adf23000 	/System/Library/PrivateFrameworks/Heimdal.framework/Versions/A/Heimdal
0x00000001b80a4000 	/System/Library/Frameworks/Kerberos.framework/Versions/A/Libraries/libHeimdalProxy.dylib
0x00000001adcf6000 	/usr/lib/libheimdal-asn1.dylib
0x00000001a7ad0000 	/System/Library/Frameworks/OpenDirectory.framework/Versions/A/OpenDirectory
0x00000001b0313000 	/System/Library/PrivateFrameworks/CommonAuth.framework/Versions/A/CommonAuth
0x00000001a7ade000 	/System/Library/Frameworks/OpenDirectory.framework/Versions/A/Frameworks/CFOpenDirectory.framework/Versions/A/CFOpenDirectory
0x00000001ac37e000 	/usr/lib/libcharset.1.dylib
0x00000001fbc6e000 	/System/Library/Frameworks/AVFAudio.framework/Versions/A/AVFAudio
0x00000001c0a27000 	/System/Library/PrivateFrameworks/AXCoreUtilities.framework/Versions/A/AXCoreUtilities
0x00000002597ec000 	/System/Library/PrivateFrameworks/IsolatedCoreAudioClient.framework/Versions/A/IsolatedCoreAudioClient
0x00000001afe4d000 	/usr/lib/libAudioStatistics.dylib
0x00000001a9936000 	/System/Library/PrivateFrameworks/caulk.framework/Versions/A/caulk
0x00000001a0b94000 	/System/Library/PrivateFrameworks/AudioToolboxCore.framework/Versions/A/AudioToolboxCore
0x00000001ba330000 	/System/Library/Frameworks/CoreMIDI.framework/Versions/A/CoreMIDI
0x00000001afdf0000 	/System/Library/PrivateFrameworks/AudioSession.framework/Versions/A/AudioSession
0x00000001b1719000 	/System/Library/Frameworks/IOBluetooth.framework/Versions/A/IOBluetooth
0x00000001adde0000 	/System/Library/PrivateFrameworks/MediaExperience.framework/Versions/A/MediaExperience
0x0000000271038000 	/System/Library/PrivateFrameworks/Tightbeam.framework/Versions/A/Tightbeam
0x00000001dc6b2000 	/System/Library/PrivateFrameworks/AFKUser.framework/Versions/A/AFKUser
0x00000001adf06000 	/System/Library/PrivateFrameworks/AppServerSupport.framework/Versions/A/AppServerSupport
0x00000001b028a000 	/System/Library/PrivateFrameworks/perfdata.framework/Versions/A/perfdata
0x00000001c5ad3000 	/System/Library/PrivateFrameworks/SystemPolicy.framework/Versions/A/SystemPolicy
0x00000001b0129000 	/usr/lib/libSMC.dylib
0x00000001ae852000 	/usr/lib/libAudioToolboxUtility.dylib
0x00000001b0298000 	/usr/lib/libperfcheck.dylib
0x00000002442f9000 	/System/Library/PrivateFrameworks/AudioAnalytics.framework/Versions/A/AudioAnalytics
0x00000001efc3e000 	/System/Library/PrivateFrameworks/FeatureFlags.framework/Versions/A/FeatureFlags
0x00000001e88d8000 	/System/Library/Frameworks/OSLog.framework/Versions/A/OSLog
0x00000001abec7000 	/usr/lib/libbz2.1.0.dylib
0x00000001c689d000 	/usr/lib/libmis.dylib
0x00000001afc03000 	/System/Library/PrivateFrameworks/AudioSession.framework/libSessionUtility.dylib
0x00000001ae9a4000 	/System/Library/PrivateFrameworks/CMCaptureCore.framework/Versions/A/CMCaptureCore
0x00000001fd33e000 	/System/Library/Frameworks/ExtensionFoundation.framework/Versions/A/ExtensionFoundation
0x00000001b5e28000 	/System/Library/PrivateFrameworks/CoreTime.framework/Versions/A/CoreTime
0x00000001adbd8000 	/System/Library/PrivateFrameworks/PlugInKit.framework/Versions/A/PlugInKit
0x00000001b4a5d000 	/System/Library/PrivateFrameworks/PowerLog.framework/Versions/A/PowerLog
0x00000001b496c000 	/System/Library/Frameworks/CoreBluetooth.framework/Versions/A/CoreBluetooth
0x00000001b80a5000 	/System/Library/Frameworks/AudioUnit.framework/Versions/A/AudioUnit
0x00000001ab55f000 	/System/Library/PrivateFrameworks/CoreUtils.framework/Versions/A/CoreUtils
0x000000024aef2000 	/System/Library/PrivateFrameworks/CoreUtilsExtras.framework/Versions/A/CoreUtilsExtras
0x00000001b3da1000 	/System/Library/Frameworks/MediaAccessibility.framework/Versions/A/MediaAccessibility
0x00000001cecf1000 	/System/Library/PrivateFrameworks/AttributeGraph.framework/Versions/A/AttributeGraph
0x000000027e1fc000 	/usr/lib/libAXSafeCategoryBundle.dylib
0x00000001c0ae4000 	/usr/lib/libAccessibility.dylib
0x00000001ab3a9000 	/System/Library/Frameworks/Accelerate.framework/Versions/A/Frameworks/vecLib.framework/Versions/A/libvDSP.dylib
0x00000001ac674000 	/System/Library/Frameworks/Accelerate.framework/Versions/A/Frameworks/vecLib.framework/Versions/A/libLAPACK.dylib
0x00000001ab861000 	/System/Library/Frameworks/Accelerate.framework/Versions/A/Frameworks/vecLib.framework/Versions/A/libLinearAlgebra.dylib
0x00000001ac583000 	/System/Library/Frameworks/Accelerate.framework/Versions/A/Frameworks/vecLib.framework/Versions/A/libSparseBLAS.dylib
0x00000001ac66f000 	/System/Library/Frameworks/Accelerate.framework/Versions/A/Frameworks/vecLib.framework/Versions/A/libQuadrature.dylib
0x00000001aa9e3000 	/System/Library/Frameworks/Accelerate.framework/Versions/A/Frameworks/vecLib.framework/Versions/A/libBNNS.dylib
0x000000019f662000 	/System/Library/Frameworks/Accelerate.framework/Versions/A/Frameworks/vecLib.framework/Versions/A/libSparse.dylib
0x000000025ad4f000 	/System/Library/PrivateFrameworks/MIL.framework/Versions/A/MIL
0x00000001ae936000 	/System/Library/PrivateFrameworks/GPUWrangler.framework/Versions/A/GPUWrangler
0x00000001ae916000 	/System/Library/PrivateFrameworks/IOPresentment.framework/Versions/A/IOPresentment
0x00000001ae93e000 	/System/Library/PrivateFrameworks/DSExternalDisplay.framework/Versions/A/DSExternalDisplay
0x00000001e8ce5000 	/System/Library/PrivateFrameworks/HIDDisplay.framework/Versions/A/HIDDisplay
0x00000001bf7f8000 	/System/Library/PrivateFrameworks/HID.framework/Versions/A/HID
0x000000027485a000 	/System/Library/PrivateFrameworks/VideoToolboxParavirtualizationSupport.framework/Versions/A/VideoToolboxParavirtualizationSupport
0x00000001adc91000 	/System/Library/PrivateFrameworks/AppleVA.framework/Versions/A/AppleVA
0x00000001b5977000 	/System/Library/PrivateFrameworks/GraphicsServices.framework/Versions/A/GraphicsServices
0x00000001b0480000 	/System/Library/PrivateFrameworks/CorePhoneNumbers.framework/Versions/A/CorePhoneNumbers
0x00000001b4b4d000 	/System/Library/PrivateFrameworks/MediaKit.framework/Versions/A/MediaKit
0x00000001b4a98000 	/System/Library/Frameworks/DiscRecording.framework/Versions/A/DiscRecording
0x00000001b026a000 	/System/Library/PrivateFrameworks/NetAuth.framework/Versions/A/NetAuth
0x00000001a7cce000 	/System/Library/PrivateFrameworks/login.framework/Versions/A/Frameworks/loginsupport.framework/Versions/A/loginsupport
0x00000001add01000 	/System/Library/PrivateFrameworks/IconFoundation.framework/Versions/A/IconFoundation
0x00000001ada70000 	/usr/lib/libIOReport.dylib
0x0000000243f14000 	/System/Library/PrivateFrameworks/AppleMobileFileIntegrity.framework/Versions/A/AppleMobileFileIntegrity
0x000000027e5a2000 	/usr/lib/libTLE.dylib
0x00000001f8649000 	/System/Library/PrivateFrameworks/ConfigProfileHelper.framework/Versions/A/ConfigProfileHelper
0x00000001ab7fd000 	/usr/lib/libmecab.dylib
0x000000019f757000 	/usr/lib/libCRFSuite.dylib
0x00000001aa8bc000 	/System/Library/PrivateFrameworks/CoreNLP.framework/Versions/A/CoreNLP
0x00000001ab85e000 	/usr/lib/libgermantok.dylib
0x00000001ac539000 	/usr/lib/libThaiTokenizer.dylib
0x00000001ab7c7000 	/usr/lib/libCheckFix.dylib
0x00000001a6f65000 	/System/Library/PrivateFrameworks/MetadataUtilities.framework/Versions/A/MetadataUtilities
0x0000000256c16000 	/System/Library/PrivateFrameworks/InstalledContentLibrary.framework/Versions/A/InstalledContentLibrary
0x00000001a229e000 	/System/Library/PrivateFrameworks/CoreServicesStore.framework/Versions/A/CoreServicesStore
0x00000001d7fb8000 	/System/Library/PrivateFrameworks/MobileSystemServices.framework/Versions/A/MobileSystemServices
0x00000001ad92e000 	/usr/lib/libxslt.1.dylib
0x00000001ab789000 	/System/Library/PrivateFrameworks/BackgroundTaskManagement.framework/Versions/A/BackgroundTaskManagement
0x00000001b7851000 	/usr/lib/libcurl.4.dylib
0x000000027e7db000 	/usr/lib/libcrypto.46.dylib
0x000000027ed28000 	/usr/lib/libssl.48.dylib
0x00000001b7525000 	/System/Library/Frameworks/LDAP.framework/Versions/A/LDAP
0x00000001b7561000 	/System/Library/PrivateFrameworks/TrustEvaluationAgent.framework/Versions/A/TrustEvaluationAgent
0x00000001aff2c000 	/usr/lib/libsasl2.2.dylib
0x00000001c40a5000 	/usr/lib/swift/libswiftCoreGraphics.dylib
0x00000001b43db000 	/usr/lib/swift/libswiftFoundation.dylib
0x00000001f8100000 	/usr/lib/swift/libswiftSwiftOnoneSupport.dylib
0x00000001e53ae000 	/System/Library/PrivateFrameworks/CoreMaterial.framework/Versions/A/CoreMaterial
0x000000026583a000 	/System/Library/PrivateFrameworks/SFSymbols.framework/Versions/A/SFSymbols
0x00000001b36a1000 	/System/Library/PrivateFrameworks/SpeechRecognitionCore.framework/Versions/A/SpeechRecognitionCore
0x0000000102204000 	/Library/Java/JavaVirtualMachines/jdk-22.jdk/Contents/Home/lib/server/libjvm.dylib
0x0000000100e98000 	/Library/Java/JavaVirtualMachines/jdk-22.jdk/Contents/Home/lib/libjimage.dylib
0x0000000100ec4000 	/Library/Java/JavaVirtualMachines/jdk-22.jdk/Contents/Home/lib/libinstrument.dylib
0x0000000100f0c000 	/Library/Java/JavaVirtualMachines/jdk-22.jdk/Contents/Home/lib/libjava.dylib
0x00000001010d0000 	/Library/Java/JavaVirtualMachines/jdk-22.jdk/Contents/Home/lib/libnio.dylib
0x00000001010f0000 	/Library/Java/JavaVirtualMachines/jdk-22.jdk/Contents/Home/lib/libnet.dylib
0x0000000101a78000 	/Library/Java/JavaVirtualMachines/jdk-22.jdk/Contents/Home/lib/libzip.dylib
0x0000000101108000 	/Library/Java/JavaVirtualMachines/jdk-22.jdk/Contents/Home/lib/libextnet.dylib
0x000000010111c000 	/Library/Java/JavaVirtualMachines/jdk-22.jdk/Contents/Home/lib/libmanagement.dylib
0x0000000101aa0000 	/Library/Java/JavaVirtualMachines/jdk-22.jdk/Contents/Home/lib/libmanagement_ext.dylib
0x0000000101ab4000 	/Users/jatindergill/Desktop/BCIT/Semester2/Comp-2522-OOPs /javafx/javafx-sdk-21.0.6/lib/libprism_es2.dylib
0x00000001c5510000 	/System/Library/Frameworks/Carbon.framework/Versions/A/Carbon
0x00000001bc936000 	/System/Library/Frameworks/Carbon.framework/Versions/A/Frameworks/CommonPanels.framework/Versions/A/CommonPanels
0x00000001b783c000 	/System/Library/Frameworks/Carbon.framework/Versions/A/Frameworks/Help.framework/Versions/A/Help
0x00000001bc93a000 	/System/Library/Frameworks/Carbon.framework/Versions/A/Frameworks/ImageCapture.framework/Versions/A/ImageCapture
0x00000001bc915000 	/System/Library/Frameworks/Carbon.framework/Versions/A/Frameworks/OpenScripting.framework/Versions/A/OpenScripting
0x00000001bc935000 	/System/Library/Frameworks/Carbon.framework/Versions/A/Frameworks/Ink.framework/Versions/A/Ink
0x00000001bc932000 	/System/Library/Frameworks/Carbon.framework/Versions/A/Frameworks/SecurityHI.framework/Versions/A/SecurityHI
0x00000001fb8d8000 	/System/Library/Frameworks/OpenGL.framework/Versions/A/Resources/GLEngine.bundle/GLEngine
0x00000001fb775000 	/System/Library/Frameworks/OpenGL.framework/Versions/A/Libraries/libGLProgrammability.dylib
0x000000010d658000 	/System/Library/Extensions/AppleMetalOpenGLRenderer.bundle/Contents/MacOS/AppleMetalOpenGLRenderer
0x00000001fba37000 	/System/Library/Frameworks/OpenGL.framework/Versions/A/Resources/GLRendererFloat.bundle/GLRendererFloat
0x0000000143274000 	/System/Library/Extensions/AGXMetalG14G.bundle/Contents/MacOS/AGXMetalG14G
0x00000001bf809000 	/System/Library/PrivateFrameworks/IOGPU.framework/Versions/A/IOGPU
0x000000010d5d4000 	/Users/jatindergill/Desktop/BCIT/Semester2/Comp-2522-OOPs /javafx/javafx-sdk-21.0.6/lib/libglass.dylib
0x00000001a79a7000 	/System/Library/PrivateFrameworks/ViewBridge.framework/Versions/A/ViewBridge
0x00000001cc712000 	/System/Library/Frameworks/Accelerate.framework/Versions/A/Frameworks/vImage.framework/Versions/A/Libraries/libCGInterfaces.dylib
0x000000010edd4000 	/usr/lib/libobjc-trampolines.dylib
0x000000027e200000 	/usr/lib/libAccessibilityBaseImplementations.dylib
0x0000000277da1000 	/System/Library/PrivateFrameworks/WritingToolsUI.framework/Versions/A/WritingToolsUI
0x0000000253b6f000 	/System/Library/PrivateFrameworks/GenerativeAssistantSettings.framework/Versions/A/GenerativeAssistantSettings
0x000000026f2ca000 	/System/Library/PrivateFrameworks/TextComposer.framework/Versions/A/TextComposer
0x00000001c6901000 	/usr/lib/swift/libswiftIntents.dylib
0x000000027efb2000 	/usr/lib/swift/libswiftSafariServices.dylib
0x000000027efb7000 	/usr/lib/swift/libswiftSpatial.dylib
0x00000001efb29000 	/usr/lib/swift/libswiftWebKit.dylib
0x00000001fbdc3000 	/System/Library/Frameworks/AppIntents.framework/Versions/A/AppIntents
0x00000001cd547000 	/System/Library/Frameworks/SwiftUI.framework/Versions/A/SwiftUI
0x000000023f29f000 	/System/Library/Frameworks/_AuthenticationServices_SwiftUI.framework/Versions/A/_AuthenticationServices_SwiftUI
0x0000000241e34000 	/System/Library/PrivateFrameworks/Anvil.framework/Versions/A/Anvil
0x00000001ccbe1000 	/System/Library/PrivateFrameworks/AppStoreDaemon.framework/Versions/A/AppStoreDaemon
0x00000001ba53f000 	/System/Library/PrivateFrameworks/AppleMediaServices.framework/Versions/A/AppleMediaServices
0x00000001c9804000 	/System/Library/PrivateFrameworks/AppleMediaServicesUI.framework/Versions/A/AppleMediaServicesUI
0x0000000253b4d000 	/System/Library/PrivateFrameworks/GenerativeAssistantCommon.framework/Versions/A/GenerativeAssistantCommon
0x00000001f7733000 	/System/Library/PrivateFrameworks/JetEngine.framework/Versions/A/JetEngine
0x000000025a69f000 	/System/Library/PrivateFrameworks/LinkMetadata.framework/Versions/A/LinkMetadata
0x00000001c7170000 	/System/Library/PrivateFrameworks/OnBoardingKit.framework/Versions/A/OnBoardingKit
0x0000000266670000 	/System/Library/PrivateFrameworks/Settings.framework/Versions/A/Settings
0x00000001ac1f2000 	/System/Library/Frameworks/CoreSpotlight.framework/Versions/A/CoreSpotlight
0x000000025a95c000 	/System/Library/PrivateFrameworks/LinkServices.framework/Versions/A/LinkServices
0x000000024ba77000 	/System/Library/PrivateFrameworks/DoNotDisturb.framework/Versions/A/DoNotDisturb
0x00000001cb4de000 	/System/Library/PrivateFrameworks/IntentsCore.framework/Versions/A/IntentsCore
0x00000002446d1000 	/System/Library/PrivateFrameworks/AvailabilityKit.framework/Versions/A/AvailabilityKit
0x000000026df16000 	/System/Library/PrivateFrameworks/StatusKit.framework/Versions/A/StatusKit
0x0000000264a45000 	/System/Library/PrivateFrameworks/RecapPerformanceTesting.framework/Versions/A/RecapPerformanceTesting
0x000000027e5a1000 	/usr/lib/libSpatial.dylib
0x00000002445a7000 	/System/Library/PrivateFrameworks/AuthenticationServicesCore.framework/Versions/A/AuthenticationServicesCore
0x00000001cfe88000 	/System/Library/Frameworks/AuthenticationServices.framework/Versions/A/AuthenticationServices
0x00000001adbb4000 	/System/Library/PrivateFrameworks/SharedWebCredentials.framework/Versions/A/SharedWebCredentials
0x00000001c7f2c000 	/System/Library/PrivateFrameworks/SafariCore.framework/Versions/A/SafariCore
0x00000001cf9ea000 	/System/Library/PrivateFrameworks/SafariFoundation.framework/Versions/A/SafariFoundation
0x0000000245684000 	/System/Library/PrivateFrameworks/CBORLibrary.framework/Versions/A/CBORLibrary
0x000000024633d000 	/System/Library/PrivateFrameworks/Chirp.framework/Versions/A/Chirp
0x00000001f8979000 	/System/Library/PrivateFrameworks/RemoteManagement.framework/Versions/A/RemoteManagement
0x0000000264d5f000 	/System/Library/PrivateFrameworks/RemoteManagementModel.framework/Versions/A/RemoteManagementModel
0x0000000264de7000 	/System/Library/PrivateFrameworks/RemoteManagementStore.framework/Versions/A/RemoteManagementStore
0x00000001b1904000 	/usr/lib/libxcselect.dylib
0x00000001cf95b000 	/System/Library/PrivateFrameworks/DifferentialPrivacy.framework/Versions/A/DifferentialPrivacy
0x00000001b468b000 	/System/Library/Frameworks/Contacts.framework/Versions/A/Contacts
0x000000027385a000 	/System/Library/PrivateFrameworks/VDAF.framework/Versions/A/VDAF
0x00000001b44a9000 	/System/Library/PrivateFrameworks/ContactsPersistence.framework/Versions/A/ContactsPersistence
0x00000001b36bb000 	/System/Library/PrivateFrameworks/AppleLDAP.framework/Versions/A/AppleLDAP
0x00000001b7be3000 	/System/Library/Frameworks/ClassKit.framework/Versions/A/ClassKit
0x00000001b9caa000 	/System/Library/PrivateFrameworks/CoreSuggestions.framework/Versions/A/CoreSuggestions
0x00000001b43dc000 	/System/Library/PrivateFrameworks/ContactsFoundation.framework/Versions/A/ContactsFoundation
0x00000001b5939000 	/System/Library/PrivateFrameworks/vCard.framework/Versions/A/vCard
0x000000024787f000 	/System/Library/PrivateFrameworks/ContactsMetrics.framework/Versions/A/ContactsMetrics
0x00000001adff5000 	/System/Library/PrivateFrameworks/login.framework/Versions/A/login
0x00000001a80ec000 	/System/Library/PrivateFrameworks/CloudDocs.framework/Versions/A/CloudDocs
0x00000001b92d8000 	/System/Library/PrivateFrameworks/ConfigurationProfiles.framework/Versions/A/ConfigurationProfiles
0x000000024b0be000 	/System/Library/PrivateFrameworks/DMCUtilities.framework/Versions/A/DMCUtilities
0x000000025accd000 	/System/Library/PrivateFrameworks/MDMClientLibrary.framework/Versions/A/MDMClientLibrary
0x0000000264ddb000 	/System/Library/PrivateFrameworks/RemoteManagementProtocol.framework/Versions/A/RemoteManagementProtocol
0x000000027e3cc000 	/usr/lib/libEndpointSecuritySystem.dylib
0x00000001b3ddc000 	/System/Library/PrivateFrameworks/SystemAdministration.framework/Versions/A/SystemAdministration
0x00000001be16b000 	/System/Library/PrivateFrameworks/PowerlogControl.framework/Versions/A/PowerlogControl
0x00000001ab7b9000 	/System/Library/Frameworks/ServiceManagement.framework/Versions/A/ServiceManagement
0x00000001be16d000 	/usr/lib/libUniversalAccess.dylib
0x00000001baf7b000 	/System/Library/PrivateFrameworks/FamilyControls.framework/Versions/A/FamilyControls
0x00000001b366d000 	/System/Library/Frameworks/DirectoryService.framework/Versions/A/DirectoryService
0x00000001b78d4000 	/System/Library/PrivateFrameworks/LoginUIKit.framework/Versions/A/Frameworks/LoginUICore.framework/Versions/A/LoginUICore
0x00000001ae1dc000 	/usr/lib/libodfde.dylib
0x00000001baf75000 	/System/Library/PrivateFrameworks/UniversalAccess.framework/Versions/A/Libraries/libUAPreferences.dylib
0x00000001baf9f000 	/System/Library/PrivateFrameworks/CommerceKit.framework/Versions/A/Frameworks/CommerceCore.framework/Versions/A/CommerceCore
0x000000024b07d000 	/System/Library/PrivateFrameworks/DEPClientLibrary.framework/Versions/A/DEPClientLibrary
0x00000001be251000 	/System/Library/PrivateFrameworks/SetupAssistantFramework.framework/Versions/A/SetupAssistantFramework
0x00000001b7f85000 	/System/Library/PrivateFrameworks/AuthKitUI.framework/Versions/A/AuthKitUI
0x00000001b791e000 	/System/Library/PrivateFrameworks/AppSSO.framework/Versions/A/AppSSO
0x00000001cc94e000 	/System/Library/PrivateFrameworks/LocalAuthenticationUI.framework/Versions/A/LocalAuthenticationUI
0x000000026324c000 	/System/Library/PrivateFrameworks/PlatformSSO.framework/Versions/A/PlatformSSO
0x00000001cd31f000 	/System/Library/PrivateFrameworks/AOSUI.framework/Versions/A/AOSUI
0x00000001c01cf000 	/System/Library/Frameworks/ContactsUI.framework/Versions/A/ContactsUI
0x00000001b48c0000 	/System/Library/PrivateFrameworks/FamilyCircle.framework/Versions/A/FamilyCircle
0x00000001d9df2000 	/System/Library/Frameworks/LinkPresentation.framework/Versions/A/LinkPresentation
0x000000026330c000 	/System/Library/PrivateFrameworks/PlatformSSOCore.framework/Versions/A/PlatformSSOCore
0x00000001bfed9000 	/System/Library/PrivateFrameworks/IASUtilities.framework/Versions/A/IASUtilities
0x0000000256901000 	/System/Library/PrivateFrameworks/IASUtilitiesCore.framework/Versions/A/IASUtilitiesCore
0x00000001c416e000 	/System/Library/Frameworks/WebKit.framework/Versions/A/WebKit
0x00000001bc93d000 	/System/Library/Frameworks/JavaScriptCore.framework/Versions/A/JavaScriptCore
0x000000025abec000 	/System/Library/PrivateFrameworks/LocalAuthenticationCoreUI.framework/Versions/A/LocalAuthenticationCoreUI
0x00000001c6638000 	/System/Library/Frameworks/LocalAuthentication.framework/Support/DaemonUtils.framework/Versions/A/DaemonUtils
0x00000001c97cc000 	/System/Library/PrivateFrameworks/BridgeXPC.framework/Versions/A/BridgeXPC
0x00000001ae018000 	/System/Library/PrivateFrameworks/CoreBrightness.framework/Versions/A/CoreBrightness
0x00000001c724a000 	/System/Library/PrivateFrameworks/CoreKDL.framework/Versions/A/CoreKDL
0x00000001c5acc000 	/System/Library/PrivateFrameworks/EmbeddedOSSupportHost.framework/Versions/A/EmbeddedOSSupportHost
0x000000026eb51000 	/System/Library/PrivateFrameworks/SystemStatus.framework/Versions/A/SystemStatus
0x00000001b9f73000 	/System/Library/Frameworks/WebKit.framework/Versions/A/Frameworks/WebKitLegacy.framework/Versions/A/WebKitLegacy
0x00000001b7f2b000 	/System/Library/PrivateFrameworks/CorePrediction.framework/Versions/A/CorePrediction
0x00000001a89b7000 	/System/Library/Frameworks/WebKit.framework/Versions/A/Frameworks/WebCore.framework/Versions/A/Frameworks/libwebrtc.dylib
0x00000001c410c000 	/System/Library/PrivateFrameworks/SafariSafeBrowsing.framework/Versions/A/SafariSafeBrowsing
0x00000001affb5000 	/System/Library/Frameworks/SecurityInterface.framework/Versions/A/SecurityInterface
0x00000001c716f000 	/System/Library/PrivateFrameworks/WebInspectorUI.framework/Versions/A/WebInspectorUI
0x00000001c0b15000 	/System/Library/Frameworks/WebKit.framework/Versions/A/Frameworks/WebCore.framework/Versions/A/WebCore
0x000000023edf9000 	/System/Library/Frameworks/WebKit.framework/Versions/A/Frameworks/WebCore.framework/Versions/A/Frameworks/libANGLE-shared.dylib
0x00000002769e5000 	/System/Library/PrivateFrameworks/WebGPU.framework/Versions/A/WebGPU
0x00000001c8e9d000 	/System/Library/Frameworks/SceneKit.framework/Versions/A/SceneKit
0x00000001d87bb000 	/System/Library/Frameworks/ModelIO.framework/Versions/A/ModelIO
0x00000001b18e6000 	/System/Library/Frameworks/MetalKit.framework/Versions/A/MetalKit
0x00000001b39b4000 	/System/Library/Frameworks/GLKit.framework/Versions/A/GLKit
0x000000027f529000 	/usr/lib/usd/libusd_ms.dylib
0x0000000273060000 	/System/Library/PrivateFrameworks/USDLib_FormatLoaderProxy.framework/Versions/A/USDLib_FormatLoaderProxy
0x00000001c63b0000 	/System/Library/PrivateFrameworks/CoreOptimization.framework/Versions/A/CoreOptimization
0x00000001d49f6000 	/System/Library/PrivateFrameworks/StorageKit.framework/Versions/A/StorageKit
0x00000001fd446000 	/System/Library/Frameworks/FSKit.framework/Versions/A/FSKit
0x000000024b7b0000 	/System/Library/PrivateFrameworks/DiskImages2.framework/Versions/A/DiskImages2
0x000000025aaaa000 	/System/Library/PrivateFrameworks/LiveFS.framework/Versions/A/LiveFS
0x000000027bd3e000 	/System/Library/PrivateFrameworks/icloudMCCKit.framework/Versions/A/icloudMCCKit
0x0000000243545000 	/System/Library/PrivateFrameworks/AppleAccountUI.framework/Versions/A/AppleAccountUI
0x0000000246de2000 	/System/Library/PrivateFrameworks/CloudSubscriptionFeatures.framework/Versions/A/CloudSubscriptionFeatures
0x00000001e537a000 	/System/Library/PrivateFrameworks/PreferencePanesSupport.framework/Versions/A/PreferencePanesSupport
0x00000001cd4cc000 	/System/Library/PrivateFrameworks/FindMyDeviceUI.framework/Versions/A/FindMyDeviceUI
0x000000027998a000 	/System/Library/PrivateFrameworks/iCloudQuotaUI.framework/Versions/A/iCloudQuotaUI
0x00000001e552a000 	/System/Library/PrivateFrameworks/CoreCDPUI.framework/Versions/A/CoreCDPUI
0x00000001c7cbc000 	/System/Library/PrivateFrameworks/CoreFollowUpUI.framework/Versions/A/CoreFollowUpUI
0x00000001affec000 	/System/Library/PrivateFrameworks/CoreFollowUp.framework/Versions/A/CoreFollowUp
0x00000001d3763000 	/System/Library/PrivateFrameworks/IMCore.framework/Versions/A/IMCore
0x00000001be1d3000 	/System/Library/PrivateFrameworks/CoreCDP.framework/Versions/A/CoreCDP
0x00000001ba532000 	/System/Library/PrivateFrameworks/AskPermission.framework/Versions/A/AskPermission
0x00000001cb4c5000 	/System/Library/Frameworks/Quartz.framework/Versions/A/Quartz
0x00000001d72dc000 	/System/Library/PrivateFrameworks/CloudPhotoServicesConfiguration.framework/Versions/A/CloudPhotoServicesConfiguration
0x00000001c9f13000 	/System/Library/PrivateFrameworks/CommerceKit.framework/Versions/A/CommerceKit
0x00000001d8153000 	/System/Library/PrivateFrameworks/FindMyMac.framework/Versions/A/FindMyMac
0x00000001d8022000 	/System/Library/Frameworks/PreferencePanes.framework/Versions/A/PreferencePanes
0x00000001cca43000 	/System/Library/Frameworks/AddressBook.framework/Versions/A/AddressBook
0x00000001b9595000 	/System/Library/PrivateFrameworks/AOSAccounts.framework/Versions/A/AOSAccounts
0x00000001b3dd6000 	/System/Library/PrivateFrameworks/AppleSRP.framework/Versions/A/AppleSRP
0x00000001c655a000 	/System/Library/Frameworks/SafariServices.framework/Versions/A/SafariServices
0x00000001b80ad000 	/System/Library/PrivateFrameworks/NetFSServer.framework/Versions/A/NetFSServer
0x00000001c8d77000 	/System/Library/Frameworks/PDFKit.framework/Versions/A/PDFKit
0x00000001d900a000 	/System/Library/PrivateFrameworks/EmailFoundation.framework/Versions/A/EmailFoundation
0x00000001d807e000 	/System/Library/PrivateFrameworks/EmailCore.framework/Versions/A/EmailCore
0x00000001dbd56000 	/System/Library/PrivateFrameworks/EmailAddressing.framework/Versions/A/EmailAddressing
0x00000001dbd62000 	/System/Library/PrivateFrameworks/Email.framework/Versions/A/Email
0x0000000244811000 	/System/Library/PrivateFrameworks/BackgroundSystemTasks.framework/Versions/A/BackgroundSystemTasks
0x00000001c7c3f000 	/System/Library/PrivateFrameworks/IntlPreferences.framework/Versions/A/IntlPreferences
0x000000025ac77000 	/System/Library/PrivateFrameworks/LockdownMode.framework/Versions/A/LockdownMode
0x00000001b48ba000 	/System/Library/PrivateFrameworks/CommunicationsFilter.framework/Versions/A/CommunicationsFilter
0x00000002446d4000 	/System/Library/PrivateFrameworks/AvatarKit.framework/Versions/A/AvatarKit
0x000000024478c000 	/System/Library/PrivateFrameworks/AvatarPersistence.framework/Versions/A/AvatarPersistence
0x0000000264e3a000 	/System/Library/PrivateFrameworks/RemoteUI.framework/Versions/A/RemoteUI
0x00000001b3a81000 	/usr/lib/libCTGreenTeaLogger.dylib
0x000000023e796000 	/System/Library/Frameworks/TipKit.framework/Versions/A/TipKit
0x00000001e6f4d000 	/System/Library/PrivateFrameworks/AppleCVA.framework/Versions/A/AppleCVA
0x000000024478b000 	/System/Library/PrivateFrameworks/AvatarKitContent.framework/Versions/A/AvatarKitContent
0x00000001b3aa9000 	/System/Library/PrivateFrameworks/CoreAppleCVA.framework/Versions/A/CoreAppleCVA
0x0000000259b16000 	/System/Library/PrivateFrameworks/LiftUI.framework/Versions/A/LiftUI
0x00000001fd409000 	/System/Library/Frameworks/ExtensionKit.framework/Versions/A/ExtensionKit
0x0000000246d52000 	/System/Library/PrivateFrameworks/CloudSettings.framework/Versions/A/CloudSettings
0x00000001b9d6e000 	/System/Library/Frameworks/EventKit.framework/Versions/A/EventKit
0x00000001c739a000 	/System/Library/PrivateFrameworks/SearchFoundation.framework/Versions/A/SearchFoundation
0x00000001c600d000 	/System/Library/PrivateFrameworks/CoreRoutine.framework/Versions/A/CoreRoutine
0x0000000245f43000 	/System/Library/PrivateFrameworks/CalendarDatabase.framework/Versions/A/CalendarDatabase
0x0000000245e98000 	/System/Library/PrivateFrameworks/CalendarDaemon.framework/Versions/A/CalendarDaemon
0x00000001b91f1000 	/System/Library/PrivateFrameworks/CalendarFoundation.framework/Versions/A/CalendarFoundation
0x00000001b91ad000 	/System/Library/PrivateFrameworks/iCalendar.framework/Versions/A/iCalendar
0x000000024b2b7000 	/System/Library/PrivateFrameworks/DataAccessExpress.framework/Versions/A/DataAccessExpress
0x00000001cd153000 	/System/Library/PrivateFrameworks/FTClientServices.framework/Versions/A/FTClientServices
0x00000001bfd6c000 	/System/Library/PrivateFrameworks/CoreDAV.framework/Versions/A/CoreDAV
0x00000001b9c4c000 	/System/Library/PrivateFrameworks/CalDAV.framework/Versions/A/CalDAV
0x00000001c3e6f000 	/System/Library/PrivateFrameworks/TelephonyUtilities.framework/Versions/A/TelephonyUtilities
0x00000001c7d83000 	/System/Library/Frameworks/CallKit.framework/Versions/A/CallKit
0x00000001ee0f5000 	/System/Library/PrivateFrameworks/IMTransferServices.framework/Versions/A/IMTransferServices
0x00000001c63c9000 	/System/Library/PrivateFrameworks/IncomingCallFilter.framework/Versions/A/IncomingCallFilter
0x000000025e83b000 	/System/Library/PrivateFrameworks/NeighborhoodActivityConduit.framework/Versions/A/NeighborhoodActivityConduit
0x000000027e3a4000 	/usr/lib/libBASupport.dylib
0x00000001d3505000 	/System/Library/PrivateFrameworks/SpotlightReceiver.framework/Versions/A/SpotlightReceiver
0x0000000246fbe000 	/System/Library/PrivateFrameworks/Coherence.framework/Versions/A/Coherence
0x00000001c3d71000 	/System/Library/PrivateFrameworks/CoreParsec.framework/Versions/A/CoreParsec
0x0000000260faa000 	/System/Library/PrivateFrameworks/PegasusAPI.framework/Versions/A/PegasusAPI
0x0000000261c88000 	/System/Library/PrivateFrameworks/PegasusConfiguration.framework/Versions/A/PegasusConfiguration
0x000000025ac50000 	/System/Library/PrivateFrameworks/LocalStatusKit.framework/Versions/A/LocalStatusKit
0x00000001cd157000 	/System/Library/PrivateFrameworks/CharacterPicker.framework/Versions/A/CharacterPicker
0x00000001c64cf000 	/System/Library/PrivateFrameworks/ContactsDonation.framework/Versions/A/ContactsDonation
0x00000001c00cb000 	/System/Library/PrivateFrameworks/ContactsUICore.framework/Versions/A/ContactsUICore
0x00000001c5df1000 	/System/Library/PrivateFrameworks/DataDetectors.framework/Versions/A/DataDetectors
0x00000001b9c38000 	/System/Library/Frameworks/MediaLibrary.framework/Versions/A/MediaLibrary
0x00000001b48a9000 	/System/Library/PrivateFrameworks/PersonaKit.framework/Versions/A/PersonaKit
0x00000001c00b9000 	/System/Library/PrivateFrameworks/PersonaUI.framework/Versions/A/PersonaUI
0x000000026e045000 	/System/Library/PrivateFrameworks/Stickers.framework/Versions/A/Stickers
0x0000000256a8f000 	/System/Library/PrivateFrameworks/InputAnalytics.framework/Versions/A/InputAnalytics
0x00000001ced35000 	/System/Library/PrivateFrameworks/EmojiFoundation.framework/Versions/A/EmojiFoundation
0x000000024d72b000 	/System/Library/PrivateFrameworks/FeedbackService.framework/Versions/A/FeedbackService
0x00000001b4528000 	/System/Library/PrivateFrameworks/AddressBookCore.framework/Versions/A/AddressBookCore
0x00000001ccbc3000 	/System/Library/PrivateFrameworks/ToneKit.framework/Versions/A/ToneKit
0x00000001c7c83000 	/System/Library/PrivateFrameworks/ToneLibrary.framework/Versions/A/ToneLibrary
0x0000000247843000 	/System/Library/PrivateFrameworks/ContactsAccounts.framework/Versions/A/ContactsAccounts
0x0000000201fd6000 	/System/Library/Frameworks/SwiftData.framework/Versions/A/SwiftData
0x00000001d7a39000 	/System/Library/PrivateFrameworks/Transparency.framework/Versions/A/Transparency
0x00000001b919d000 	/System/Library/PrivateFrameworks/CoreRecents.framework/Versions/A/CoreRecents
0x00000002420a6000 	/System/Library/PrivateFrameworks/AppIntentsServices.framework/Versions/A/AppIntentsServices
0x00000001e4daf000 	/System/Library/PrivateFrameworks/DiagnosticRequest.framework/Versions/A/DiagnosticRequest
0x00000001cb3e3000 	/System/Library/PrivateFrameworks/Lookup.framework/Versions/A/Lookup
0x0000000201119000 	/System/Library/Frameworks/QuickLookUI.framework/Versions/A/QuickLookUI
0x000000026e978000 	/System/Library/PrivateFrameworks/Symptoms.framework/Versions/A/Frameworks/SymptomPresentationFeed.framework/Versions/A/SymptomPresentationFeed
0x0000000201b23000 	/System/Library/Frameworks/ScreenCaptureKit.framework/Versions/A/ScreenCaptureKit
0x00000001c8881000 	/System/Library/Frameworks/Quartz.framework/Versions/A/Frameworks/QuartzComposer.framework/Versions/A/QuartzComposer
0x00000001c7c16000 	/System/Library/Frameworks/Quartz.framework/Versions/A/Frameworks/QuartzFilters.framework/Versions/A/QuartzFilters
0x00000001c6d4a000 	/System/Library/Frameworks/Quartz.framework/Versions/A/Frameworks/ImageKit.framework/Versions/A/ImageKit
0x00000001fba5c000 	/System/Library/Frameworks/OpenCL.framework/Versions/A/OpenCL
0x00000001c550f000 	/System/Library/PrivateFrameworks/CorePDF.framework/Versions/A/CorePDF
0x00000001b187e000 	/System/Library/Frameworks/QuickLook.framework/Versions/A/QuickLook
0x00000001bb96b000 	/System/Library/PrivateFrameworks/DisplayServices.framework/Versions/A/DisplayServices
0x00000001c7b86000 	/System/Library/Frameworks/ImageCaptureCore.framework/Versions/A/ImageCaptureCore
0x0000000275336000 	/System/Library/PrivateFrameworks/VisionKitCore.framework/Versions/A/VisionKitCore
0x00000001c3d41000 	/System/Library/PrivateFrameworks/QuickLookSupport.framework/Versions/A/QuickLookSupport
0x00000001c5deb000 	/System/Library/PrivateFrameworks/QuickLookNonBaseSystem.framework/Versions/A/QuickLookNonBaseSystem
0x00000001e8cf1000 	/System/Library/Frameworks/ReplayKit.framework/Versions/A/ReplayKit
0x000000026e6f8000 	/System/Library/PrivateFrameworks/SymptomShared.framework/Versions/A/SymptomShared
0x00000001bc8d1000 	/System/Library/PrivateFrameworks/MarkupUI.framework/Versions/A/MarkupUI
0x00000001c5dc3000 	/System/Library/PrivateFrameworks/SidecarCore.framework/Versions/A/SidecarCore
0x00000001c8741000 	/System/Library/PrivateFrameworks/AnnotationKit.framework/Versions/A/AnnotationKit
0x000000023e8f3000 	/System/Library/Frameworks/Translation.framework/Versions/A/Translation
0x000000025c568000 	/System/Library/PrivateFrameworks/MediaAnalysisServices.framework/Versions/A/MediaAnalysisServices
0x00000001e104d000 	/System/Library/PrivateFrameworks/RevealCore.framework/Versions/A/RevealCore
0x00000001e1041000 	/System/Library/PrivateFrameworks/Reveal.framework/Versions/A/Reveal
0x000000027214f000 	/System/Library/PrivateFrameworks/TranslationUIServices.framework/Versions/A/TranslationUIServices
0x00000001c6f93000 	/System/Library/Frameworks/PencilKit.framework/Versions/A/PencilKit
0x00000001c714c000 	/System/Library/PrivateFrameworks/SidecarUI.framework/Versions/A/SidecarUI
0x00000001c6959000 	/System/Library/PrivateFrameworks/CoreHandwriting.framework/Versions/A/CoreHandwriting
0x000000019f78d000 	/usr/lib/libmecabra.dylib
0x00000001c0540000 	/System/Library/PrivateFrameworks/Calculate.framework/Versions/A/Calculate
0x00000001ad95a000 	/usr/lib/libChineseTokenizer.dylib
0x00000001f88a3000 	/System/Library/PrivateFrameworks/ScreenReaderCore.framework/Versions/A/ScreenReaderCore
0x000000026e41c000 	/System/Library/PrivateFrameworks/StocksKit.framework/Versions/A/StocksKit
0x00000001bf1ad000 	/System/Library/PrivateFrameworks/OAuth.framework/Versions/A/OAuth
0x000000026e0c3000 	/System/Library/PrivateFrameworks/StocksCore.framework/Versions/A/StocksCore
0x000000026f00e000 	/System/Library/PrivateFrameworks/TeaFoundation.framework/Versions/A/TeaFoundation
0x000000026f1e9000 	/System/Library/PrivateFrameworks/TeaSettings.framework/Versions/A/TeaSettings
0x00000001ef3a7000 	/System/Library/PrivateFrameworks/NewsCore.framework/Versions/A/NewsCore
0x000000026efb9000 	/System/Library/PrivateFrameworks/TeaDB.framework/Versions/A/TeaDB
0x00000001ec035000 	/System/Library/PrivateFrameworks/RemoteConfiguration.framework/Versions/A/RemoteConfiguration
0x00000001ef008000 	/System/Library/PrivateFrameworks/NewsTransport.framework/Versions/A/NewsTransport
0x00000001ef397000 	/System/Library/PrivateFrameworks/NewsFoundation.framework/Versions/A/NewsFoundation
0x000000025eca7000 	/System/Library/PrivateFrameworks/NewsURLBucket.framework/Versions/A/NewsURLBucket
0x00000001ca144000 	/System/Library/PrivateFrameworks/MobileInstallation.framework/Versions/A/MobileInstallation
0x00000001d2ea7000 	/System/Library/PrivateFrameworks/MMCS.framework/Versions/A/MMCS
0x00000001b9ab8000 	/System/Library/PrivateFrameworks/ChunkingLibrary.framework/Versions/A/ChunkingLibrary
0x00000001b3d81000 	/System/Library/PrivateFrameworks/AssetCacheServices.framework/Versions/A/AssetCacheServices
0x00000001ca401000 	/System/Library/PrivateFrameworks/PhotoLibraryServices.framework/Versions/A/PhotoLibraryServices
0x00000001c77de000 	/System/Library/Frameworks/Photos.framework/Versions/A/Photos
0x00000001da1cb000 	/System/Library/PrivateFrameworks/PhotosFormats.framework/Versions/A/PhotosFormats
0x00000001d730e000 	/System/Library/PrivateFrameworks/CloudPhotoLibrary.framework/Versions/A/CloudPhotoLibrary
0x00000001df6c5000 	/System/Library/PrivateFrameworks/CloudPhotoServices.framework/Versions/A/CloudPhotoServices
0x00000001dbec3000 	/System/Library/PrivateFrameworks/CoreMediaStream.framework/Versions/A/CoreMediaStream
0x00000001b4ec2000 	/System/Library/PrivateFrameworks/CPAnalytics.framework/Versions/A/CPAnalytics
0x00000001d86ca000 	/System/Library/PrivateFrameworks/MediaConversionService.framework/Versions/A/MediaConversionService
0x00000001bb5fa000 	/System/Library/PrivateFrameworks/PhotoFoundation.framework/Versions/A/PhotoFoundation
0x0000000262173000 	/System/Library/PrivateFrameworks/PhotoLibraryServicesCore.framework/Versions/A/PhotoLibraryServicesCore
0x00000001b5a76000 	/System/Library/PrivateFrameworks/AVFoundationCF.framework/Versions/A/AVFoundationCF
0x00000001edff2000 	/usr/lib/swift/libswiftDemangle.dylib
0x00000001c606b000 	/System/Library/PrivateFrameworks/MediaStream.framework/Versions/A/MediaStream
0x00000001d8bcd000 	/System/Library/PrivateFrameworks/NeutrinoCore.framework/Versions/A/NeutrinoCore
0x00000001a55ea000 	/System/Library/PrivateFrameworks/NLP.framework/Versions/A/NLP
0x00000001de46e000 	/System/Library/PrivateFrameworks/PhotoImaging.framework/Versions/A/PhotoImaging
0x00000001df686000 	/System/Library/PrivateFrameworks/PhotosImagingFoundation.framework/Versions/A/PhotosImagingFoundation
0x0000000262c04000 	/System/Library/PrivateFrameworks/PhotosIntelligenceCore.framework/Versions/A/PhotosIntelligenceCore
0x00000001b5ef5000 	/System/Library/PrivateFrameworks/EmbeddedAcousticRecognition.framework/Versions/A/EmbeddedAcousticRecognition
0x00000001d756e000 	/System/Library/PrivateFrameworks/SDAPI.framework/Versions/A/SDAPI
0x00000001df6d3000 	/System/Library/PrivateFrameworks/AutoLoop.framework/Versions/A/AutoLoop
0x00000002635af000 	/System/Library/PrivateFrameworks/Portrait.framework/Versions/A/Portrait
0x00000002435e7000 	/System/Library/PrivateFrameworks/AppleDepth.framework/Versions/A/AppleDepth
0x000000024e1b9000 	/System/Library/PrivateFrameworks/FusionTracker.framework/Versions/A/FusionTracker
0x00000002436de000 	/System/Library/PrivateFrameworks/AppleDepthCore.framework/Versions/A/AppleDepthCore
0x00000001c8354000 	/System/Library/PrivateFrameworks/iTunesCloud.framework/Versions/A/iTunesCloud
0x00000001d09f1000 	/System/Library/PrivateFrameworks/DAAPKit.framework/Versions/A/DAAPKit
0x000000027f01d000 	/usr/lib/swift/libswiftVideoToolbox.dylib
0x00000002711ba000 	/System/Library/PrivateFrameworks/TipKitCore.framework/Versions/A/TipKitCore
0x00000001cedc0000 	/System/Library/PrivateFrameworks/CoreCDPInternal.framework/Versions/A/CoreCDPInternal
0x00000001bf101000 	/System/Library/PrivateFrameworks/AccountsDaemon.framework/Versions/A/AccountsDaemon
0x0000000264ab9000 	/System/Library/PrivateFrameworks/RegulatoryDomain.framework/Versions/A/RegulatoryDomain
0x00000001e5527000 	/System/Library/PrivateFrameworks/MachineSettings.framework/Versions/A/MachineSettings
0x00000001d7fa5000 	/System/Library/PrivateFrameworks/BezelServices.framework/Versions/A/BezelServices
0x00000001d0a76000 	/System/Library/PrivateFrameworks/SPOwner.framework/Versions/A/SPOwner
0x00000001c9f7b000 	/System/Library/PrivateFrameworks/FMCore.framework/Versions/A/FMCore
0x00000002798e5000 	/System/Library/PrivateFrameworks/iCloudQuota.framework/Versions/A/iCloudQuota
0x00000001c003e000 	/System/Library/PrivateFrameworks/CoreRecognition.framework/Versions/A/CoreRecognition
0x000000026096a000 	/System/Library/PrivateFrameworks/PassKitMacHelperTemp.framework/Versions/A/PassKitMacHelperTemp
0x00000001d805a000 	/System/Library/PrivateFrameworks/InAppMessages.framework/Versions/A/InAppMessages
0x00000001f762e000 	/System/Library/PrivateFrameworks/JetUI.framework/Versions/A/JetUI
0x0000000259895000 	/System/Library/PrivateFrameworks/JetPack.framework/Versions/A/JetPack
0x00000001eb2f6000 	/System/Library/PrivateFrameworks/PassKitUIFoundation.framework/Versions/A/PassKitUIFoundation
0x00000001bba66000 	/System/Library/PrivateFrameworks/PassKitCore.framework/Versions/A/PassKitCore
0x00000001c6685000 	/System/Library/PrivateFrameworks/BiometricKit.framework/Versions/A/BiometricKit
0x0000000265780000 	/System/Library/PrivateFrameworks/SEService.framework/Versions/A/SEService
0x00000001cb4fd000 	/System/Library/PrivateFrameworks/NearField.framework/Versions/A/NearField
0x000000027e578000 	/usr/lib/libSESShared.dylib
0x0000000265919000 	/System/Library/PrivateFrameworks/STSXPCHelperClient.framework/Versions/A/STSXPCHelperClient
0x00000001ccdfc000 	/usr/lib/libnfshared.dylib
0x00000001d8051000 	/System/Library/PrivateFrameworks/InAppMessagesCore.framework/Versions/A/InAppMessagesCore
0x0000000278ffc000 	/System/Library/PrivateFrameworks/_JetEngine_SwiftUI.framework/Versions/A/_JetEngine_SwiftUI
0x000000026e9a0000 	/System/Library/PrivateFrameworks/Synapse.framework/Versions/A/Synapse
0x0000000245d37000 	/System/Library/PrivateFrameworks/CSExattrCrypto.framework/Versions/A/CSExattrCrypto
0x00000001bb609000 	/System/Library/PrivateFrameworks/IMSharedUtilities.framework/Versions/A/IMSharedUtilities
0x00000001d3dda000 	/System/Library/Frameworks/InstantMessage.framework/Versions/A/InstantMessage
0x00000001cc947000 	/System/Library/PrivateFrameworks/IDSKVStore.framework/Versions/A/IDSKVStore
0x00000001cc78b000 	/System/Library/PrivateFrameworks/IMDPersistence.framework/Versions/A/IMDPersistence
0x000000027ef26000 	/usr/lib/swift/libswiftAppleArchive.dylib
0x000000027384c000 	/System/Library/PrivateFrameworks/UserSafety.framework/Versions/A/UserSafety
0x00000001b36cd000 	/System/Library/Frameworks/MapKit.framework/Versions/A/MapKit
0x00000001ea604000 	/System/Library/PrivateFrameworks/BlastDoor.framework/Versions/A/BlastDoor
0x000000025bd2a000 	/System/Library/PrivateFrameworks/ManagedSettingsObjC.framework/Versions/A/ManagedSettingsObjC
0x0000000201b7b000 	/System/Library/Frameworks/SensitiveContentAnalysis.framework/Versions/A/SensitiveContentAnalysis
0x0000000253f41000 	/System/Library/PrivateFrameworks/GeoAnalytics.framework/Versions/A/GeoAnalytics
0x00000001cce30000 	/System/Library/PrivateFrameworks/Navigation.framework/Versions/A/Navigation
0x00000001d5da3000 	/System/Library/PrivateFrameworks/VectorKit.framework/Versions/A/VectorKit
0x00000001bffaa000 	/System/Library/PrivateFrameworks/VirtualGarage.framework/Versions/A/VirtualGarage
0x00000001ccfa6000 	/System/Library/Frameworks/ExternalAccessory.framework/ExternalAccessory
0x00000001ccfc0000 	/System/Library/PrivateFrameworks/IAP.framework/Versions/A/IAP
0x00000001b397c000 	/System/Library/PrivateFrameworks/IOPlatformPluginFamily.framework/Versions/A/IOPlatformPluginFamily
0x000000025a92a000 	/System/Library/PrivateFrameworks/LinkPresentationStyleSheetParsing.framework/Versions/A/LinkPresentationStyleSheetParsing
0x00000001c6427000 	/System/Library/PrivateFrameworks/CoreSDB.framework/Versions/A/CoreSDB
0x0000000244153000 	/System/Library/PrivateFrameworks/AskToCore.framework/Versions/A/AskToCore
0x00000001cb0d5000 	/System/Library/PrivateFrameworks/StoreFoundation.framework/Versions/A/StoreFoundation
0x00000001c9f75000 	/System/Library/PrivateFrameworks/ServerInformation.framework/Versions/A/ServerInformation
0x00000001c99f5000 	/System/Library/PrivateFrameworks/Install.framework/Frameworks/DistributionKit.framework/Versions/A/DistributionKit
0x00000001c3b08000 	/System/Library/PrivateFrameworks/PackageKit.framework/Versions/A/PackageKit
0x00000001c9a17000 	/System/Library/PrivateFrameworks/OSPersonalization.framework/Versions/A/OSPersonalization
0x00000001cb5c4000 	/System/Library/PrivateFrameworks/BridgeOSSoftwareUpdate.framework/Versions/A/BridgeOSSoftwareUpdate
0x00000001c687b000 	/System/Library/PrivateFrameworks/StorageManagement.framework/Versions/A/StorageManagement
0x00000001d931d000 	/usr/lib/libauthinstall.dylib
0x00000001cb5cd000 	/System/Library/PrivateFrameworks/InstallerDiagnostics.framework/Versions/A/InstallerDiagnostics
0x00000001d98fc000 	/usr/lib/libcrypto.42.dylib
0x00000001cb5b2000 	/System/Library/PrivateFrameworks/GPUInfo.framework/Versions/A/GPUInfo
0x00000001d8159000 	/System/Library/PrivateFrameworks/MobileActivationMacOS.framework/Versions/A/MobileActivationMacOS
0x00000001fd1ec000 	/System/Library/Frameworks/DataDetection.framework/Versions/A/DataDetection
0x000000027ef4b000 	/usr/lib/swift/libswiftDataDetection.dylib
0x00000001b4e6b000 	/System/Library/PrivateFrameworks/GenerationalStorage.framework/Versions/A/GenerationalStorage
0x00000001b03f7000 	/System/Library/PrivateFrameworks/CacheDelete.framework/Versions/A/CacheDelete
0x00000001b81d9000 	/System/Library/Frameworks/QuickLookThumbnailing.framework/Versions/A/QuickLookThumbnailing
0x00000001b4ca6000 	/System/Library/Frameworks/FileProvider.framework/Versions/A/FileProvider
0x00000001a3a34000 	/System/Library/PrivateFrameworks/DesktopServicesPriv.framework/Versions/A/DesktopServicesPriv
0x00000001a5ca2000 	/System/Library/Frameworks/Accounts.framework/Versions/A/Accounts
0x00000001cb611000 	/System/Library/PrivateFrameworks/AOSKit.framework/Versions/A/AOSKit
0x00000001ada8d000 	/System/Library/PrivateFrameworks/AppSSOCore.framework/Versions/A/AppSSOCore
0x00000001b78da000 	/System/Library/PrivateFrameworks/AppSupport.framework/Versions/A/AppSupport
0x00000001c58d1000 	/System/Library/Frameworks/AVFoundation.framework/Versions/A/AVFoundation
0x00000001b8102000 	/System/Library/PrivateFrameworks/DuetActivityScheduler.framework/Versions/A/DuetActivityScheduler
0x00000001c63cf000 	/System/Library/PrivateFrameworks/FTServices.framework/Versions/A/FTServices
0x00000001d71ca000 	/System/Library/PrivateFrameworks/NetworkServiceProxy.framework/Versions/A/NetworkServiceProxy
0x00000001b80c8000 	/System/Library/PrivateFrameworks/StreamingZip.framework/Versions/A/StreamingZip
0x00000001b723f000 	/System/Library/PrivateFrameworks/CoreWiFi.framework/Versions/A/CoreWiFi
0x00000001b0326000 	/System/Library/PrivateFrameworks/MobileAsset.framework/Versions/A/MobileAsset
0x00000001b5e33000 	/System/Library/PrivateFrameworks/Rapport.framework/Versions/A/Rapport
0x000000026e708000 	/System/Library/PrivateFrameworks/Symptoms.framework/Versions/A/Frameworks/SymptomAnalytics.framework/Versions/A/SymptomAnalytics
0x00000001b39ee000 	/usr/lib/libnetworkextension.dylib
0x000000027ea07000 	/usr/lib/libmrc.dylib
0x0000000256a29000 	/System/Library/PrivateFrameworks/IPConfiguration.framework/Versions/A/IPConfiguration
0x00000001e5372000 	/System/Library/PrivateFrameworks/Netrb.framework/Versions/A/Netrb
0x00000001efcc5000 	/System/Library/PrivateFrameworks/WiFiPeerToPeer.framework/Versions/A/WiFiPeerToPeer
0x00000001cd0d8000 	/System/Library/PrivateFrameworks/SoftwareUpdateCoreSupport.framework/Versions/A/SoftwareUpdateCoreSupport
0x00000001d49c9000 	/System/Library/PrivateFrameworks/SoftwareUpdateCoreConnect.framework/Versions/A/SoftwareUpdateCoreConnect
0x00000001b7790000 	/System/Library/PrivateFrameworks/RemoteServiceDiscovery.framework/Versions/A/RemoteServiceDiscovery
0x00000001ccd65000 	/System/Library/PrivateFrameworks/MSUDataAccessor.framework/Versions/A/MSUDataAccessor
0x00000001c8706000 	/usr/lib/libbootpolicy.dylib
0x00000001b77a6000 	/System/Library/PrivateFrameworks/RemoteXPC.framework/Versions/A/RemoteXPC
0x00000001d3dea000 	/usr/lib/libFDR.dylib
0x00000001d93f3000 	/usr/lib/libamsupport.dylib
0x000000027e554000 	/usr/lib/libReverseProxyDevice.dylib
0x000000024375a000 	/System/Library/PrivateFrameworks/AppleDeviceQuerySupport.framework/Versions/A/AppleDeviceQuerySupport
0x00000001dc1e9000 	/usr/lib/libpartition2_dynamic.dylib
0x00000001ac1a5000 	/System/Library/Frameworks/UserNotifications.framework/Versions/A/UserNotifications
0x00000001b048a000 	/usr/lib/libTelephonyUtilDynamic.dylib
0x00000001b4a4d000 	/System/Library/PrivateFrameworks/SymptomDiagnosticReporter.framework/Versions/A/SymptomDiagnosticReporter
0x00000001eb0b5000 	/System/Library/Frameworks/CryptoKit.framework/Versions/A/CryptoKit
0x00000001b80a0000 	/System/Library/PrivateFrameworks/CryptoKitCBridging.framework/Versions/A/CryptoKitCBridging
0x00000001b598a000 	/System/Library/Frameworks/CryptoTokenKit.framework/Versions/A/CryptoTokenKit
0x00000001dfcd5000 	/usr/lib/swift/libswiftCryptoTokenKit.dylib
0x00000001b59ed000 	/System/Library/Frameworks/LocalAuthentication.framework/Versions/A/LocalAuthentication
0x000000025aaff000 	/System/Library/PrivateFrameworks/LocalAuthenticationCore.framework/Versions/A/LocalAuthenticationCore
0x00000001b5a42000 	/System/Library/Frameworks/LocalAuthentication.framework/Support/SharedUtils.framework/Versions/A/SharedUtils
0x00000001a7cd1000 	/System/Library/PrivateFrameworks/ApplePushService.framework/Versions/A/ApplePushService
0x00000001c5af8000 	/System/Library/PrivateFrameworks/FindMyDevice.framework/Versions/A/FindMyDevice
0x00000001a5d25000 	/System/Library/PrivateFrameworks/CommonUtilities.framework/Versions/A/CommonUtilities
0x00000001dacea000 	/System/Library/PrivateFrameworks/DeviceIdentity.framework/Versions/A/DeviceIdentity
0x00000001ae1de000 	/System/Library/PrivateFrameworks/Bom.framework/Versions/A/Bom
0x00000001aff4c000 	/usr/lib/libParallelCompression.dylib
0x000000027e27f000 	/usr/lib/libAppleArchive.dylib
0x00000001aff3f000 	/System/Library/PrivateFrameworks/MultiverseSupport.framework/Versions/A/MultiverseSupport
0x00000001bba46000 	/System/Library/PrivateFrameworks/FMCoreLite.framework/Versions/A/FMCoreLite
0x00000001abf0d000 	/System/Library/PrivateFrameworks/AuthKit.framework/Versions/A/AuthKit
0x00000001b4b7f000 	/System/Library/PrivateFrameworks/DiskManagement.framework/Versions/A/DiskManagement
0x00000001b4a8b000 	/System/Library/PrivateFrameworks/AppleIDAuthSupport.framework/Versions/A/AppleIDAuthSupport
0x000000023fca7000 	/System/Library/PrivateFrameworks/AAAFoundation.framework/Versions/A/AAAFoundation
0x00000001b0443000 	/System/Library/PrivateFrameworks/KeychainCircle.framework/Versions/A/KeychainCircle
0x00000001c0a1d000 	/System/Library/PrivateFrameworks/URLFormatting.framework/Versions/A/URLFormatting
0x00000001b7845000 	/usr/lib/libcsfde.dylib
0x00000001adc21000 	/usr/lib/libCoreStorage.dylib
0x00000001b17f4000 	/System/Library/PrivateFrameworks/ProtectedCloudStorage.framework/Versions/A/ProtectedCloudStorage
0x00000001b7840000 	/System/Library/PrivateFrameworks/EFILogin.framework/Versions/A/EFILogin
0x00000001bf7bd000 	/System/Library/PrivateFrameworks/CloudServices.framework/Versions/A/CloudServices
0x00000001b4e91000 	/System/Library/PrivateFrameworks/OctagonTrust.framework/Versions/A/OctagonTrust
0x00000001b557a000 	/System/Library/PrivateFrameworks/AVFCore.framework/Versions/A/AVFCore
0x00000001be25d000 	/System/Library/PrivateFrameworks/AVFCapture.framework/Versions/A/AVFCapture
0x00000001aeba0000 	/System/Library/Frameworks/MediaToolbox.framework/Versions/A/MediaToolbox
0x00000001b4c73000 	/System/Library/PrivateFrameworks/CoreAVCHD.framework/Versions/A/CoreAVCHD
0x00000001b4c6f000 	/System/Library/PrivateFrameworks/Mangrove.framework/Versions/A/Mangrove
0x0000000245c20000 	/System/Library/PrivateFrameworks/CMPhoto.framework/Versions/A/CMPhoto
0x00000001b53b8000 	/System/Library/Frameworks/CoreTelephony.framework/Versions/A/CoreTelephony
0x00000001b4c62000 	/System/Library/PrivateFrameworks/CoreAUC.framework/Versions/A/CoreAUC
0x0000000243b3b000 	/System/Library/PrivateFrameworks/AppleJPEGXL.framework/Versions/A/AppleJPEGXL
0x0000000245a97000 	/System/Library/PrivateFrameworks/CMImaging.framework/Versions/A/CMImaging
0x00000001be469000 	/System/Library/PrivateFrameworks/Quagga.framework/Versions/A/Quagga
0x00000001be5a1000 	/System/Library/PrivateFrameworks/CMCapture.framework/Versions/A/CMCapture
0x00000001b001f000 	/System/Library/Frameworks/CoreMediaIO.framework/Versions/A/CoreMediaIO
0x00000001b8225000 	/System/Library/PrivateFrameworks/Espresso.framework/Versions/A/Espresso
0x00000001f8c62000 	/System/Library/PrivateFrameworks/ANECompiler.framework/Versions/A/ANECompiler
0x00000001ba1b3000 	/System/Library/PrivateFrameworks/AppleNeuralEngine.framework/Versions/A/AppleNeuralEngine
0x00000001ff4c8000 	/System/Library/Frameworks/MetalPerformanceShadersGraph.framework/Versions/A/MetalPerformanceShadersGraph
0x000000025b5a2000 	/System/Library/PrivateFrameworks/MLCompilerServices.framework/Versions/A/MLCompilerServices
0x00000001b90e3000 	/System/Library/PrivateFrameworks/ANEServices.framework/Versions/A/ANEServices
0x00000001cb3fd000 	/usr/lib/libncurses.5.4.dylib
0x00000001a23d3000 	/usr/lib/libsandbox.1.dylib
0x00000001adc19000 	/usr/lib/libMatch.1.dylib
0x000000025b540000 	/System/Library/PrivateFrameworks/MLCompilerRuntime.framework/Versions/A/MLCompilerRuntime
0x0000000246703000 	/System/Library/PrivateFrameworks/CinematicFraming.framework/Versions/A/CinematicFraming
0x00000001c5511000 	/System/Library/Frameworks/CoreMotion.framework/Versions/A/CoreMotion
0x00000001d3e86000 	/System/Library/PrivateFrameworks/TimeSync.framework/Versions/A/TimeSync
0x000000024b985000 	/System/Library/PrivateFrameworks/DistributedSensing.framework/Versions/A/DistributedSensing
0x00000001cfe42000 	/System/Library/PrivateFrameworks/MobileBluetooth.framework/Versions/A/MobileBluetooth
0x00000001afbcb000 	/System/Library/PrivateFrameworks/LocationSupport.framework/Versions/A/LocationSupport
0x00000001d5965000 	/System/Library/PrivateFrameworks/IOKitten.framework/Versions/A/IOKitten
0x00000001a3ca6000 	/System/Library/PrivateFrameworks/CoreDuet.framework/Versions/A/CoreDuet
0x00000001b6bbe000 	/System/Library/PrivateFrameworks/CoreDuetContext.framework/Versions/A/CoreDuetContext
0x00000002448d4000 	/System/Library/PrivateFrameworks/BiomeLibrary.framework/Versions/A/BiomeLibrary
0x00000001d975e000 	/System/Library/PrivateFrameworks/BiomePubSub.framework/Versions/A/BiomePubSub
0x00000001a7d38000 	/System/Library/Frameworks/CloudKit.framework/Versions/A/CloudKit
0x00000001b6c13000 	/System/Library/Frameworks/Intents.framework/Versions/A/Intents
0x00000001b9285000 	/System/Library/PrivateFrameworks/CoreDuetDaemonProtocol.framework/Versions/A/CoreDuetDaemonProtocol
0x00000001b910f000 	/System/Library/PrivateFrameworks/ProactiveSupport.framework/Versions/A/ProactiveSupport
0x00000001d3f01000 	/System/Library/PrivateFrameworks/BiomeStreams.framework/Versions/A/BiomeStreams
0x00000001d97bb000 	/System/Library/PrivateFrameworks/BiomeStorage.framework/Versions/A/BiomeStorage
0x00000001d09a4000 	/System/Library/PrivateFrameworks/BiomeFoundation.framework/Versions/A/BiomeFoundation
0x0000000259432000 	/System/Library/PrivateFrameworks/IntelligencePlatformLibrary.framework/Versions/A/IntelligencePlatformLibrary
0x000000026351b000 	/System/Library/PrivateFrameworks/PoirotSchematizer.framework/Versions/A/PoirotSchematizer
0x0000000244ef7000 	/System/Library/PrivateFrameworks/BiomeSync.framework/Versions/A/BiomeSync
0x00000002448b5000 	/System/Library/PrivateFrameworks/BiomeFlexibleStorage.framework/Versions/A/BiomeFlexibleStorage
0x000000024489a000 	/System/Library/PrivateFrameworks/BiomeDSL.framework/Versions/A/BiomeDSL
0x000000026358a000 	/System/Library/PrivateFrameworks/PoirotUDFs.framework/Versions/A/PoirotUDFs
0x00000002634ea000 	/System/Library/PrivateFrameworks/PoirotSQLite.framework/Versions/A/PoirotSQLite
0x00000001b7bdf000 	/System/Library/PrivateFrameworks/InternationalTextSearch.framework/Versions/A/InternationalTextSearch
0x00000002462cc000 	/System/Library/PrivateFrameworks/CascadeSets.framework/Versions/A/CascadeSets
0x0000000201c3a000 	/System/Library/Frameworks/SharedWithYouCore.framework/Versions/A/SharedWithYouCore
0x00000001b7ca9000 	/System/Library/PrivateFrameworks/AppleAccount.framework/Versions/A/AppleAccount
0x00000001b8181000 	/System/Library/PrivateFrameworks/C2.framework/Versions/A/C2
0x00000001a9521000 	/System/Library/Frameworks/CoreLocation.framework/Versions/A/CoreLocation
0x0000000246a6d000 	/System/Library/PrivateFrameworks/CloudAssets.framework/Versions/A/CloudAssets
0x00000001b8178000 	/System/Library/Frameworks/PushKit.framework/Versions/A/PushKit
0x00000001e1719000 	/usr/lib/swift/libswiftAVFoundation.dylib
0x00000001c68d5000 	/usr/lib/swift/libswiftCoreAudio.dylib
0x00000001cc72d000 	/usr/lib/swift/libswiftCoreLocation.dylib
0x00000001cc743000 	/usr/lib/swift/libswiftCoreMIDI.dylib
0x00000001dfcd7000 	/usr/lib/swift/libswiftCoreMedia.dylib
0x00000001b132c000 	/System/Library/PrivateFrameworks/Sharing.framework/Versions/A/Sharing
0x00000001b723e000 	/System/Library/PrivateFrameworks/Apple80211.framework/Versions/A/Apple80211
0x00000001ab4e0000 	/System/Library/Frameworks/CoreWLAN.framework/Versions/A/CoreWLAN
0x00000001bb369000 	/System/Library/PrivateFrameworks/AssistantServices.framework/Versions/A/AssistantServices
0x00000001b5c0e000 	/System/Library/PrivateFrameworks/SAObjects.framework/Versions/A/SAObjects
0x00000001bafac000 	/System/Library/PrivateFrameworks/MediaRemote.framework/Versions/A/MediaRemote
0x00000001cba6b000 	/System/Library/PrivateFrameworks/SiriInstrumentation.framework/Versions/A/SiriInstrumentation
0x0000000266b45000 	/System/Library/PrivateFrameworks/SiriAnalytics.framework/Versions/A/SiriAnalytics
0x000000026c1aa000 	/System/Library/PrivateFrameworks/SiriTTSService.framework/Versions/A/SiriTTSService
0x00000002674bc000 	/System/Library/PrivateFrameworks/SiriCrossDeviceArbitration.framework/Versions/A/SiriCrossDeviceArbitration
0x00000001c97d7000 	/System/Library/PrivateFrameworks/FeedbackLogger.framework/Versions/A/FeedbackLogger
0x000000026750d000 	/System/Library/PrivateFrameworks/SiriCrossDeviceArbitrationFeedback.framework/Versions/A/SiriCrossDeviceArbitrationFeedback
0x0000000253e3e000 	/System/Library/PrivateFrameworks/GenerativeModels.framework/Versions/A/GenerativeModels
0x00000001bfe57000 	/System/Library/PrivateFrameworks/MediaServices.framework/Versions/A/MediaServices
0x00000001b0ed9000 	/System/Library/PrivateFrameworks/IDS.framework/Versions/A/IDS
0x00000001ade8f000 	/System/Library/PrivateFrameworks/PersistentConnection.framework/Versions/A/PersistentConnection
0x00000001afb51000 	/System/Library/PrivateFrameworks/IMFoundation.framework/Versions/A/IMFoundation
0x00000001bfff2000 	/System/Library/PrivateFrameworks/Marco.framework/Versions/A/Marco
0x00000001b109f000 	/System/Library/PrivateFrameworks/IDSFoundation.framework/Versions/A/IDSFoundation
0x00000001bc8fd000 	/System/Library/PrivateFrameworks/Engram.framework/Versions/A/Engram
0x00000001bc89e000 	/usr/lib/libtidy.A.dylib
0x00000001d3a0a000 	/System/Library/PrivateFrameworks/FTAWD.framework/Versions/A/FTAWD
0x00000001b1ad5000 	/System/Library/PrivateFrameworks/GeoServices.framework/Versions/A/GeoServices
0x0000000254027000 	/System/Library/PrivateFrameworks/GeoServicesCore.framework/Versions/A/GeoServicesCore
0x00000001c0a1b000 	/System/Library/PrivateFrameworks/PhoneNumbers.framework/Versions/A/PhoneNumbers
0x000000024b406000 	/System/Library/PrivateFrameworks/Dendrite.framework/Versions/A/Dendrite
0x0000000244268000 	/System/Library/PrivateFrameworks/AtomicsInternal.framework/Versions/A/AtomicsInternal
0x00000001cd51e000 	/usr/lib/libtailspin.dylib
0x00000001df7dd000 	/System/Library/PrivateFrameworks/Osprey.framework/Versions/A/Osprey
0x000000026b82a000 	/System/Library/PrivateFrameworks/SiriTTS.framework/Versions/A/SiriTTS
0x00000001c64eb000 	/System/Library/Frameworks/NaturalLanguage.framework/Versions/A/NaturalLanguage
0x000000026a67f000 	/System/Library/PrivateFrameworks/SiriPowerInstrumentation.framework/Versions/A/SiriPowerInstrumentation
0x00000001c72d8000 	/System/Library/PrivateFrameworks/Trial.framework/Versions/A/Trial
0x00000001c725a000 	/System/Library/PrivateFrameworks/TrialProto.framework/Versions/A/TrialProto
0x00000001efc49000 	/usr/lib/swift/libswiftNaturalLanguage.dylib
0x000000026efb7000 	/System/Library/PrivateFrameworks/TailspinSymbolication.framework/Versions/A/TailspinSymbolication
0x000000024b188000 	/System/Library/PrivateFrameworks/Darwinup.framework/Versions/A/Darwinup
0x00000001d8736000 	/System/Library/PrivateFrameworks/SignpostSupport.framework/Versions/A/SignpostSupport
0x00000001c63b5000 	/System/Library/PrivateFrameworks/FeatureFlagsSupport.framework/Versions/A/FeatureFlagsSupport
0x00000001d7eb2000 	/System/Library/PrivateFrameworks/ktrace.framework/Versions/A/ktrace
0x00000001d89ac000 	/System/Library/PrivateFrameworks/SampleAnalysis.framework/Versions/A/SampleAnalysis
0x00000001e1029000 	/System/Library/PrivateFrameworks/kperfdata.framework/Versions/A/kperfdata
0x00000001b19a2000 	/usr/lib/libdscsym.dylib
0x00000001e1471000 	/System/Library/PrivateFrameworks/BulkSymbolication.framework/Versions/A/BulkSymbolication
0x00000001a81cf000 	/System/Library/Frameworks/CoreML.framework/Versions/A/CoreML
0x00000001edfbc000 	/usr/lib/libedit.3.dylib
0x00000001abb17000 	/System/Library/Frameworks/MLCompute.framework/Versions/A/MLCompute
0x000000025b3e5000 	/System/Library/PrivateFrameworks/MLAssetIO.framework/Versions/A/MLAssetIO
0x000000027ef75000 	/usr/lib/swift/libswiftMLCompute.dylib
0x00000001a08b1000 	/System/Library/PrivateFrameworks/LanguageModeling.framework/Versions/A/LanguageModeling
0x00000001a53b3000 	/System/Library/PrivateFrameworks/Montreal.framework/Versions/A/Montreal
0x00000001ac431000 	/usr/lib/libcmph.dylib
0x0000000253ed1000 	/System/Library/PrivateFrameworks/GenerativeModelsFoundation.framework/Versions/A/GenerativeModelsFoundation
0x00000002714f8000 	/System/Library/PrivateFrameworks/TokenGeneration.framework/Versions/A/TokenGeneration
0x0000000253cf2000 	/System/Library/PrivateFrameworks/GenerativeFunctions.framework/Versions/A/GenerativeFunctions
0x0000000253d44000 	/System/Library/PrivateFrameworks/GenerativeFunctionsFoundation.framework/Versions/A/GenerativeFunctionsFoundation
0x000000025d543000 	/System/Library/PrivateFrameworks/ModelCatalog.framework/Versions/A/ModelCatalog
0x00000002663c4000 	/System/Library/PrivateFrameworks/SensitiveContentAnalysisML.framework/Versions/A/SensitiveContentAnalysisML
0x0000000253dba000 	/System/Library/PrivateFrameworks/GenerativeFunctionsInstrumentation.framework/Versions/A/GenerativeFunctionsInstrumentation
0x000000026449f000 	/System/Library/PrivateFrameworks/PromptKit.framework/Versions/A/PromptKit
0x00000002640b9000 	/System/Library/PrivateFrameworks/ProactiveDaemonSupport.framework/Versions/A/ProactiveDaemonSupport
0x00000002716a9000 	/System/Library/PrivateFrameworks/TokenGenerationCore.framework/Versions/A/TokenGenerationCore
0x000000027478b000 	/System/Library/PrivateFrameworks/VectorSearch.framework/Versions/A/VectorSearch
0x000000027eff7000 	/usr/lib/swift/libswiftSynchronization.dylib
0x000000025d6e3000 	/System/Library/PrivateFrameworks/ModelManagerServices.framework/Versions/A/ModelManagerServices
0x00000001c0407000 	/System/Library/PrivateFrameworks/ProactiveEventTracker.framework/Versions/A/ProactiveEventTracker
0x00000002730f1000 	/System/Library/PrivateFrameworks/UnifiedAssetFramework.framework/Versions/A/UnifiedAssetFramework
0x00000002437bd000 	/System/Library/PrivateFrameworks/AppleFlatBuffers.framework/Versions/A/AppleFlatBuffers
0x000000023fcc2000 	/System/Library/PrivateFrameworks/AAAFoundationSwift.framework/Versions/A/AAAFoundationSwift
0x00000001b7ef5000 	/System/Library/PrivateFrameworks/AppleIDSSOAuthentication.framework/Versions/A/AppleIDSSOAuthentication
0x00000001d318c000 	/usr/lib/swift/libswiftCompression.dylib
0x00000002665ae000 	/System/Library/PrivateFrameworks/SentencePieceInternal.framework/Versions/A/SentencePieceInternal
0x00000001b3e1a000 	/System/Library/Frameworks/Vision.framework/Versions/A/Vision
0x000000024ac7a000 	/System/Library/PrivateFrameworks/CoreSceneUnderstanding.framework/Versions/A/CoreSceneUnderstanding
0x00000002752ec000 	/System/Library/PrivateFrameworks/VisionCore.framework/Versions/A/VisionCore
0x00000001cee9b000 	/System/Library/Frameworks/Vision.framework/libfaceCore.dylib
0x00000001cf942000 	/System/Library/PrivateFrameworks/Futhark.framework/Versions/A/Futhark
0x00000001d2f53000 	/System/Library/PrivateFrameworks/InertiaCam.framework/Versions/A/InertiaCam
0x00000001cf724000 	/System/Library/PrivateFrameworks/TextRecognition.framework/Versions/A/TextRecognition
0x00000001adaad000 	/System/Library/PrivateFrameworks/CVNLP.framework/Versions/A/CVNLP
0x0000000252e9d000 	/System/Library/PrivateFrameworks/GRDBInternal.framework/Versions/A/GRDBInternal
0x00000001b9f47000 	/System/Library/PrivateFrameworks/RTCReporting.framework/Versions/A/RTCReporting
0x00000001b8167000 	/System/Library/PrivateFrameworks/IntentsFoundation.framework/Versions/A/IntentsFoundation
0x000000024afcb000 	/System/Library/PrivateFrameworks/CryptoKitPrivate.framework/Versions/A/CryptoKitPrivate
0x00000001b0c65000 	/System/Library/Frameworks/NetworkExtension.framework/Versions/A/NetworkExtension
0x00000001caf88000 	/System/Library/PrivateFrameworks/CaptiveNetwork.framework/Versions/A/CaptiveNetwork
0x00000001b7750000 	/System/Library/PrivateFrameworks/EAP8021X.framework/Versions/A/EAP8021X
0x000000027ef66000 	/usr/lib/swift/libswiftFileProvider.dylib
0x000000011ec00000 	/Users/jatindergill/Desktop/BCIT/Semester2/Comp-2522-OOPs /javafx/javafx-sdk-21.0.6/lib/libjavafx_font.dylib
0x00000001d8979000 	/System/Library/PrivateFrameworks/UIKitServices.framework/Versions/A/UIKitServices
0x000000026f533000 	/System/Library/PrivateFrameworks/TextInputUI.framework/Versions/A/TextInputUI
0x000000026f553000 	/System/Library/PrivateFrameworks/TextInputUIMacHelper.framework/Versions/A/TextInputUIMacHelper
0x0000000265a34000 	/System/Library/PrivateFrameworks/Sage.framework/Versions/A/Sage
0x0000000241212000 	/System/Library/PrivateFrameworks/AccessibilityBundles.framework/Versions/A/AccessibilityBundles


VM Arguments:
jvm_args: --module-path=/Users/jatindergill/Desktop/BCIT/Semester2/Comp-2522-OOPs /javafx/javafx-sdk-21.0.6/lib --add-modules=javafx.controls,javafx.fxml -Djava.library.path=/Users/jatindergill/Desktop/BCIT/Semester2/Comp-2522-OOPs /javafx/javafx-sdk-21.0.6/lib -javaagent:/Applications/IntelliJ IDEA.app/Contents/lib/idea_rt.jar=57520 -Dfile.encoding=UTF-8 -Dsun.stdout.encoding=UTF-8 -Dsun.stderr.encoding=UTF-8 
java_command: ca.bcit.Comp2522.termProject.WordGame.Main
java_class_path (initial): /Users/jatindergill/Desktop/BCIT/Semester2/Comp-2522-OOPs /Projects/Term Project/3 Games/.idea/out/production/3 Games:/Users/jatindergill/Desktop/BCIT/Semester2/Comp-2522-OOPs /javafx/javafx-sdk-21.0.6/lib/javafx-swt.jar:/Users/jatindergill/Desktop/BCIT/Semester2/Comp-2522-OOPs /javafx/javafx-sdk-21.0.6/lib/javafx.web.jar:/Users/jatindergill/Desktop/BCIT/Semester2/Comp-2522-OOPs /javafx/javafx-sdk-21.0.6/lib/javafx.base.jar:/Users/jatindergill/Desktop/BCIT/Semester2/Comp-2522-OOPs /javafx/javafx-sdk-21.0.6/lib/javafx.fxml.jar:/Users/jatindergill/Desktop/BCIT/Semester2/Comp-2522-OOPs /javafx/javafx-sdk-21.0.6/lib/javafx.media.jar:/Users/jatindergill/Desktop/BCIT/Semester2/Comp-2522-OOPs /javafx/javafx-sdk-21.0.6/lib/javafx.swing.jar:/Users/jatindergill/Desktop/BCIT/Semester2/Comp-2522-OOPs /javafx/javafx-sdk-21.0.6/lib/javafx.controls.jar:/Users/jatindergill/Desktop/BCIT/Semester2/Comp-2522-OOPs /javafx/javafx-sdk-21.0.6/lib/javafx.graphics.jar
Launcher Type: SUN_STANDARD

[Global flags]
     intx CICompilerCount                          = 4                                         {product} {ergonomic}
     uint ConcGCThreads                            = 2                                         {product} {ergonomic}
     uint G1ConcRefinementThreads                  = 8                                         {product} {ergonomic}
   size_t G1HeapRegionSize                         = 1048576                                   {product} {ergonomic}
   size_t InitialHeapSize                          = 134217728                                 {product} {ergonomic}
   size_t MarkStackSize                            = 4194304                                   {product} {ergonomic}
   size_t MaxHeapSize                              = 2147483648                                {product} {ergonomic}
   size_t MaxNewSize                               = 1287651328                                {product} {ergonomic}
   size_t MinHeapDeltaBytes                        = 1048576                                   {product} {ergonomic}
   size_t MinHeapSize                              = 8388608                                   {product} {ergonomic}
    uintx NonNMethodCodeHeapSize                   = 5839564                                {pd product} {ergonomic}
    uintx NonProfiledCodeHeapSize                  = 122909338                              {pd product} {ergonomic}
    uintx ProfiledCodeHeapSize                     = 122909338                              {pd product} {ergonomic}
    uintx ReservedCodeCacheSize                    = 251658240                              {pd product} {ergonomic}
     bool SegmentedCodeCache                       = true                                      {product} {ergonomic}
   size_t SoftMaxHeapSize                          = 2147483648                             {manageable} {ergonomic}
     bool UseCompressedOops                        = true                           {product lp64_product} {ergonomic}
     bool UseG1GC                                  = true                                      {product} {ergonomic}
     bool UseNUMA                                  = false                                     {product} {ergonomic}
     bool UseNUMAInterleaving                      = false                                     {product} {ergonomic}

Logging:
Log output configuration:
 #0: stdout all=warning uptime,level,tags foldmultilines=false
 #1: stderr all=off uptime,level,tags foldmultilines=false

Environment Variables:
PATH=/Users/jatindergill/Apps/apache-ant-1.10.15/bin:/Applications/eclipse-workspace/apache-ant-1.10.15/bin:/opt/homebrew/bin:/opt/homebrew/sbin:/usr/local/bin:/System/Cryptexes/App/usr/bin:/usr/bin:/bin:/usr/sbin:/sbin:/var/run/com.apple.security.cryptexd/codex.system/bootstrap/usr/local/bin:/var/run/com.apple.security.cryptexd/codex.system/bootstrap/usr/bin:/var/run/com.apple.security.cryptexd/codex.system/bootstrap/usr/appleinternal/bin:/Library/Apple/usr/bin:/Users/jatindergill/Desktop/ANT/apache-ant-1.10.15/bin:/Users/jatindergill/Library/Application Support/JetBrains/Toolbox/scripts
SHELL=/bin/zsh
LC_CTYPE=en_CA.UTF-8
TMPDIR=/var/folders/3d/n1gdt7t127l2b51qkg822cpc0000gn/T/

Active Locale:
LC_ALL=C/en_CA.UTF-8/C/C/C/C
LC_COLLATE=C
LC_CTYPE=en_CA.UTF-8
LC_MESSAGES=C
LC_MONETARY=C
LC_NUMERIC=C
LC_TIME=C

Signal Handlers:
   SIGSEGV: crash_handler in libjvm.dylib, mask=11100110000111110111111111111111, flags=SA_ONSTACK|SA_RESTART|SA_SIGINFO, unblocked
    SIGBUS: crash_handler in libjvm.dylib, mask=11100110000111110111111111111111, flags=SA_RESTART|SA_SIGINFO, unblocked
    SIGFPE: crash_handler in libjvm.dylib, mask=11100110000111110111111111111111, flags=SA_RESTART|SA_SIGINFO, unblocked
   SIGPIPE: javaSignalHandler in libjvm.dylib, mask=11100110000111110111111111111111, flags=SA_RESTART|SA_SIGINFO, blocked
   SIGXFSZ: javaSignalHandler in libjvm.dylib, mask=11100110000111110111111111111111, flags=SA_RESTART|SA_SIGINFO, blocked
    SIGILL: crash_handler in libjvm.dylib, mask=11100110000111110111111111111111, flags=SA_RESTART|SA_SIGINFO, unblocked
   SIGUSR2: SR_handler in libjvm.dylib, mask=00000000000000000000000000000000, flags=SA_RESTART|SA_SIGINFO, blocked
    SIGHUP: UserHandler in libjvm.dylib, mask=11100110000111110111111111111111, flags=SA_RESTART|SA_SIGINFO, blocked
    SIGINT: UserHandler in libjvm.dylib, mask=11100110000111110111111111111111, flags=SA_RESTART|SA_SIGINFO, blocked
   SIGTERM: UserHandler in libjvm.dylib, mask=11100110000111110111111111111111, flags=SA_RESTART|SA_SIGINFO, blocked
   SIGQUIT: UserHandler in libjvm.dylib, mask=11100110000111110111111111111111, flags=SA_RESTART|SA_SIGINFO, blocked
   SIGTRAP: crash_handler in libjvm.dylib, mask=11100110000111110111111111111111, flags=SA_RESTART|SA_SIGINFO, unblocked


Periodic native trim disabled

---------------  S Y S T E M  ---------------

OS:
uname: Darwin 24.3.0 Darwin Kernel Version 24.3.0: Thu Jan  2 20:23:36 PST 2025; root:xnu-11215.81.4~3/RELEASE_ARM64_T8112 arm64
OS uptime: 2 days 0:20 hours
rlimit (soft/hard): STACK 8176k/65520k , CORE 0k/infinity , NPROC 1333/2000 , NOFILE 10240/infinity , AS infinity/infinity , CPU infinity/infinity , DATA infinity/infinity , FSIZE infinity/infinity , MEMLOCK infinity/infinity , RSS infinity/infinity
load average: 6.02 2.61 2.12

CPU: total 8 (initial active 8) 0x61:0x0:0xda33d83d:0, fp, asimd, aes, pmull, sha1, sha256, crc32, lse, sha3, sha512
machdep.cpu.brand_string:Apple M2
hw.cachelinesize:128
hw.l1icachesize:131072
hw.l1dcachesize:65536
hw.l2cachesize:4194304

Memory: 16k page, physical 8388608k(151536k free), swap 4194304k(445312k free)

vm_info: Java HotSpot(TM) 64-Bit Server VM (22.0.2+9-70) for bsd-aarch64 JRE (22.0.2+9-70), built on 2024-06-04T16:52:23Z by "mach5one" with clang Apple LLVM 14.0.3 (clang-1403.0.22.14.1)

END.
